est_alpha,est_beta1,est_beta2,est_psi,true_alpha,true_beta1,true_beta2,true_psi,alpha_rmse,beta1_rmse,beta2_rmse,psi_rmse,sd,l0,task_id,iter
3.5180377601340846,2.1383882796835234,-4.122640234066803,4.447041335395666,3,2,-4,5,0.5242211065251023,0.14321175155105334,0.13476272083466456,0.5558469205630012,0.1,3,1,1
3.628076494194329,2.0360900578542993,-4.108752233632864,4.478818098783311,3,2,-4,5,0.6321923360406846,0.03703112424550298,0.10917823090652697,0.5235076657968551,0.1,3,1,2
3.474284514284518,2.1244006618968445,-4.06243122668266,4.427929852860389,3,2,-4,5,0.48133390530883546,0.13063882716140832,0.08546994595693352,0.5752304010248106,0.1,3,1,3
3.452005385905845,2.1667462576970835,-4.110440118396567,4.406452491067531,3,2,-4,5,0.4599412415170181,0.17210403406221783,0.12794437926334434,0.5970994965523764,0.1,3,1,4
3.467197105379241,2.125240344725324,-4.120651262120111,4.488738288172385,3,2,-4,5,0.47418708412087096,0.1308532657010899,0.1335322867149119,0.514446441151393,0.1,3,1,5
2.98886367927762,2.029322503189985,-4.055513705649283,4.900372152939448,3,2,-4,5,0.01780896545566395,0.03097805867349209,0.0564517615633445,0.10055663366187502,0.30000000000000004,3,2,1
2.9885433474925978,2.0638465461465314,-4.085529301613926,4.885809568855533,3,2,-4,5,0.01799157777090871,0.06456033387412076,0.08601168756748316,0.11492679337975906,0.30000000000000004,3,2,2
2.9986275365473434,2.04545223465388,-4.072169117031868,4.916500118467496,3,2,-4,5,0.00465427780604244,0.04598175258642246,0.07259257802892144,0.08408266873246692,0.30000000000000004,3,2,3
2.998341585496658,2.037403059532293,-4.076164162663277,4.888647183086908,3,2,-4,5,0.00478111127575973,0.03809172703304849,0.07647838345766064,0.11181216428638203,0.30000000000000004,3,2,4
2.9405363328221537,2.094796804620249,-4.125023078885491,4.8106585640589286,3,2,-4,5,0.07338211059982326,0.09624048412215724,0.1277124776602331,0.1915627266074429,0.30000000000000004,3,2,5
2.9808010531478892,2.056873724524958,-4.078204154180924,4.8890694918045705,3,2,-4,5,0.02489286920245782,0.05761583966747499,0.07916213833989535,0.11206400490688312,0.5,3,3,1
2.9984199735172967,2.055962147477264,-4.074619638707932,4.894341336968205,3,2,-4,5,0.00575612675398161,0.0563739537837739,0.07509821048016811,0.10631746144034616,0.5,3,3,2
2.9703636654305905,2.0368611377029104,-4.10219068299094,4.89196333293925,3,2,-4,5,0.03768506338645431,0.03846055059182682,0.10358674504445292,0.109905264468564,0.5,3,3,3
3.000462442141828,2.0429560506774966,-4.091796502893697,4.903010264980506,3,2,-4,5,0.00195647140114719,0.04355337172982816,0.0921124566276287,0.09746244003395092,0.5,3,3,4
2.8434531695284857,2.0437874164798036,-4.027763253985217,4.959799027019518,3,2,-4,5,0.1718874593952574,0.05027229881269075,0.04506257734595774,0.05388942586409542,0.5,3,3,5
2.9727418013486053,2.043962100948274,-4.061226818732984,4.895727419262384,3,2,-4,5,0.033798446935009,0.04518498893161193,0.06285363035285699,0.10552984953013468,0.7000000000000001,3,4,1
2.8530275617474605,2.1013796437302776,-4.157481985423216,4.870625404071077,3,2,-4,5,0.15800098505815455,0.1036002342321622,0.161072650980977,0.13303435138915892,0.7000000000000001,3,4,2
2.9225975282184726,2.0201183246854364,-4.0535026896838895,4.974539709120526,3,2,-4,5,0.08804818951217964,0.02629511778352144,0.05842290641810824,0.03712005859304582,0.7000000000000001,3,4,3
2.978410957817,2.0126244296627682,-4.032950603979852,4.958977650476967,3,2,-4,5,0.02972259238409501,0.016529611345746,0.03693911520386992,0.04669782076766769,0.7000000000000001,3,4,4
2.9708377081525654,2.049685545691882,-4.106853467344126,4.894543841349991,3,2,-4,5,0.03565054206114881,0.05091410819772762,0.1078760478310362,0.10721053652985356,0.7000000000000001,3,4,5
2.986359429932767,2.0157882440914965,-4.074985667917859,4.926813433401743,3,2,-4,5,0.02003693557735226,0.01814937558665293,0.07577452801825144,0.07455937659703508,0.9,3,5,1
2.8869557251183724,2.0798696567589756,-4.127705214514761,4.90974920148784,3,2,-4,5,0.12428476331465178,0.08208792513844652,0.1312741326906895,0.09556308187544069,0.9,3,5,2
2.8922970727351633,2.0637927470525983,-4.101073442136421,4.939266254615231,3,2,-4,5,0.12040974022684402,0.06663849965393273,0.10561197026735264,0.06758158026935805,0.9,3,5,3
2.9388903001346747,2.0645817341949644,-4.108368270670652,4.913509523215834,3,2,-4,5,0.06959630639506079,0.06630720394576307,0.1101932663889091,0.08951865658333047,0.9,3,5,4
3.0007313340049744,2.038981979174309,-4.081007237159729,4.891832917227178,3,2,-4,5,0.00347478537533559,0.03968127977018365,0.08133822444607994,0.10865411782557688,0.9,3,5,5
2.8348102460702727,2.0369291331325545,-4.144854320526553,5.0643514716458435,3,2,-4,5,0.17729763353075065,0.04308395364525283,0.14931665405008174,0.07351850822310739,1.1,3,6,1
2.973277437555348,2.0577715987556053,-4.084523919227603,4.908712125801305,3,2,-4,5,0.03208292912876019,0.05865246215306587,0.08578942997119098,0.09286630835377024,1.1,3,6,2
2.632131810225598,2.0902852390479385,-4.090829723431861,4.9873280818962265,3,2,-4,5,0.3897428799771702,0.09997747105097889,0.11116795504863798,0.05407847471052434,1.1,3,6,3
2.859883294346958,2.0700615584987743,-4.080514793148335,4.892696513685172,3,2,-4,5,0.15123034936058663,0.07306687777013855,0.08640615915399491,0.11176195482918432,1.1,3,6,4
2.8813193793671763,2.0948328734669612,-4.18930924083,4.884640069084135,3,2,-4,5,0.1307543862103204,0.096966107553991,0.1920826853980289,0.11967071090298548,1.1,3,6,5
2.934092183185971,2.0623842838015976,-4.109908082425254,4.9074725384763,3,2,-4,5,0.0744016116166763,0.06398699370801719,0.11188968584948586,0.0953459422121206,1.3000000000000005,3,7,1
2.876202192389365,2.07075073192772,-4.121525404310675,4.926366063392707,3,2,-4,5,0.13643673356558442,0.07384156157926433,0.1251637486038406,0.08118483293234385,1.3000000000000005,3,7,2
2.9902649297462434,2.028574554627439,-4.076527487045146,4.88888960462254,3,2,-4,5,0.01313664569954622,0.02986676647739677,0.07705855904862559,0.11173338518383624,1.3000000000000005,3,7,3
2.770906292028806,2.0715358939501165,-4.060855955892215,4.918548203836506,3,2,-4,5,0.24236917883480932,0.07688886567981144,0.07359401469981568,0.090852071157132,1.3000000000000005,3,7,4
2.9776300163865734,2.0706332175556668,-4.095729733412964,4.875168850083945,3,2,-4,5,0.02916060214114657,0.07131086378920104,0.09694017023430725,0.1261006520287376,1.3000000000000005,3,7,5
2.9873609004138015,2.043586065770508,-4.092798879364665,4.907190248076089,3,2,-4,5,0.01683052119153148,0.0445378493484383,0.09326651284016543,0.09390307224723836,1.5000000000000002,3,8,1
2.9810865889262423,2.0663608842556003,-4.084724633148012,4.886714351759435,3,2,-4,5,0.02397567808704484,0.06704409975044834,0.08558948595436795,0.11420408708492492,1.5000000000000002,3,8,2
2.9550490300971464,2.0522811270192545,-4.0950871920790055,4.943840023534168,3,2,-4,5,0.05354392617549212,0.0542950573489717,0.09666327035696091,0.05968042661235471,1.5000000000000002,3,8,3
2.8687882123077797,2.046004264773579,-4.088158323423188,4.966819496618043,3,2,-4,5,0.14153261088234464,0.04992167711963854,0.09365168619845814,0.0451209578282717,1.5000000000000002,3,8,4
2.8792496672085273,2.051793508102421,-4.0092295024138105,4.911872451013651,3,2,-4,5,0.13103669515445546,0.05497128469535838,0.02996093285963699,0.09310869816705963,1.5000000000000002,3,8,5
2.9246029138526732,2.040449638897432,-4.085135521425546,4.938575192354326,3,2,-4,5,0.08423747716871727,0.0429782310842797,0.08860023335712772,0.06715008791637118,1.7000000000000002,3,9,1
2.8929212288367663,2.053392111148834,-4.096009928770967,4.909245354756899,3,2,-4,5,0.11800998359402692,0.05651110217410089,0.10011023008791028,0.09561098943564209,1.7000000000000002,3,9,2
2.7044729315786316,2.0851235031998603,-4.0960558804027,4.976935602885153,3,2,-4,5,0.31154394756688303,0.09141696058832428,0.10671899123669358,0.04865953938040815,1.7000000000000002,3,9,3
2.9342513293566297,2.0827161547109654,-4.096257245742479,4.86020174403137,3,2,-4,5,0.07562566774189132,0.08427432318631185,0.0984698248313372,0.14196114519056327,1.7000000000000002,3,9,4
2.7069597164547177,2.128327678816988,-4.031832916874551,4.826875107014409,3,2,-4,5,0.31238997747140074,0.13354835822077876,0.06097231879683405,0.17903734452331363,1.7000000000000002,3,9,5
2.974436934092453,2.0445018831910895,-4.093779991854285,4.872210406496292,3,2,-4,5,0.03254690356753041,0.04593094244837574,0.0947370269548026,0.1290746618791434,1.9,3,10,1
2.9527008844810965,2.0559485684508303,-4.106272458951552,4.8808774734550955,3,2,-4,5,0.05598848438488314,0.05759238247495394,0.10772891118458082,0.12103494435135752,1.9,3,10,2
2.9794807235023533,2.044896532927166,-4.084862057374348,4.92593420269278,3,2,-4,5,0.02665147898040035,0.04612342167766221,0.08578688152367596,0.07586069115695153,1.9,3,10,3
3.000479306050529,2.0297005357492193,-4.054391920937214,4.913198769628549,3,2,-4,5,0.00162620462588327,0.03077164712755336,0.05483292015529364,0.08718211874073778,1.9,3,10,4
2.981033408450548,2.048817084169858,-4.077832654668039,4.877894796530104,3,2,-4,5,0.02507944790219362,0.04951891418997592,0.0787813629824313,0.1233938701106026,1.9,3,10,5
2.9961036444717735,2.044077918855512,-4.066116016144891,4.886911756812833,3,2,-4,5,0.00782156343608339,0.04488888626866328,0.06692149435596541,0.11386162521239052,2.1,3,11,1
2.9977127750632304,2.0430848620121487,-4.097097790474265,4.894220004899861,3,2,-4,5,0.00565818280875198,0.04363645859789956,0.09753199302445673,0.10648231642275312,2.1,3,11,2
2.9889015555686376,2.0487028854300933,-4.128511595789875,4.897187492773584,3,2,-4,5,0.01528386046388925,0.049451338946982,0.12895349767148226,0.1035909870537434,2.1,3,11,3
2.8316120144299903,2.13090500769327,-4.104266308955934,4.774039927392528,3,2,-4,5,0.18206200771374875,0.13342218269329734,0.11030163104109986,0.22875079213952448,2.1,3,11,4
2.8807931813123124,2.064988215690948,-4.1052356637567415,4.967858097317091,3,2,-4,5,0.13175289529356318,0.06860270201331886,0.10944248026601812,0.04647505981685442,2.1,3,11,5
2.998252707124203,2.0500616749851597,-4.068310804264055,4.9051242339205245,3,2,-4,5,0.00577144189320419,0.05075361513564974,0.06892343862906203,0.09563336792664956,2.3000000000000003,3,12,1
2.849515146311436,2.0910795547727585,-4.113162203496175,4.860042670565976,3,2,-4,5,0.16209535453701895,0.0935386910723834,0.11814570617169308,0.14326872047145908,2.3000000000000003,3,12,2
2.7886368596311684,2.0900499381300564,-4.1410779349422935,4.8897699051153865,3,2,-4,5,0.22454667014308105,0.09412160112696948,0.14635280883882135,0.11685880468598484,2.3000000000000003,3,12,3
2.972633819098551,2.0471688984210186,-4.080000753250788,4.898535936551651,3,2,-4,5,0.03461058589108948,0.04832390392291017,0.081091830776802,0.1027692615850623,2.3000000000000003,3,12,4
2.977630810558534,2.051305873935296,-4.089884838450956,4.886776719360264,3,2,-4,5,0.02946101841229052,0.05266731552970207,0.09079708366212964,0.11444872478138014,2.3000000000000003,3,12,5
3.000379119319734,2.032540503560156,-4.076287571365267,4.904736545218606,3,2,-4,5,0.00190424044739875,0.03385578186756746,0.07668183885962142,0.09575255475986338,2.5000000000000004,3,13,1
2.9781874360660954,2.0631682164942937,-4.106063862360131,4.875345318438091,3,2,-4,5,0.0266694109191787,0.06381467242908613,0.10681886842940308,0.12561293101070162,2.5000000000000004,3,13,2
2.7650897947602355,2.106680907702558,-4.051789401658048,4.866427784771634,3,2,-4,5,0.2500964418046727,0.1110767006378349,0.0680954221221392,0.1398554516962688,2.5000000000000004,3,13,3
2.9824505094753366,2.054230835182238,-4.064288551421764,4.914718084195817,3,2,-4,5,0.02354283688652958,0.05508615797460244,0.06520419513875067,0.08654959566902501,2.5000000000000004,3,13,4
2.9990171222837,2.039342023619239,-4.08745196438131,4.885957730501216,3,2,-4,5,0.0031149222997007,0.04055620483633823,0.08775660099768069,0.11450401074036388,2.5000000000000004,3,13,5
2.9437463117394778,2.059569846127766,-4.08647338921179,4.880951942882894,3,2,-4,5,0.06599642005312521,0.06098141559433216,0.0892278363386663,0.12113690571037423,2.7,3,14,1
2.8376040685815647,2.1102756631759094,-4.101928969110467,4.842881827068718,3,2,-4,5,0.1737682952336118,0.11269738546396096,0.1074623507556777,0.16069713837153565,2.7,3,14,2
2.9978043115285304,2.0353302156694792,-4.0848251994027995,4.90210241966981,3,2,-4,5,0.00457418638821087,0.03636162394783469,0.08534683573804583,0.0983158638031393,2.7,3,14,3
2.976661563223996,2.051789234418341,-4.0857172181649,4.913531590068079,3,2,-4,5,0.03087007618299299,0.052600152356352,0.08677549169141481,0.08841594675177473,2.7,3,14,4
2.941064832792298,2.038603700912068,-4.099938545032044,4.920547790749774,3,2,-4,5,0.069181328980613993,0.04118448694495151,0.10241917994971617,0.08353840893022021,2.7,3,14,5
2.923365438456616,2.0669848885956656,-4.102418567546358,4.877734134768991,3,2,-4,5,0.08585318811858612,0.06868721889766903,0.10526161670866108,0.12488351774579089,2.9000000000000004,3,15,1
2.680354374967477,2.1931049976686996,-4.2180293812645075,4.816090599801107,3,2,-4,5,0.3379772925730843,0.1969968174138761,0.22539657236612837,0.19015358033265345,2.9000000000000004,3,15,2
2.9307441402406527,2.056347397348536,-4.1113262554477705,4.8797207565986005,3,2,-4,5,0.07794950974720073,0.0584531464905766,0.11359348637059864,0.1226330976516046,2.9000000000000004,3,15,3
2.940340481660428,2.0894639948580127,-4.116991908727923,4.8819515052224425,3,2,-4,5,0.0699969800301592,0.09083622138146236,0.11881281083132286,0.12045581563162008,2.9000000000000004,3,15,4
2.9911667939662077,2.047707194463968,-4.081463272027496,4.888598021594771,3,2,-4,5,0.01322308605263238,0.04835733095400289,0.08197965689016742,0.11215559147431432,2.9000000000000004,3,15,5
2.9842948776159317,2.047139152675505,-4.091723231701062,4.89041023661507,3,2,-4,5,0.01941927475050054,0.04796196986275992,0.09241765530913525,0.11038274630887386,3.1,3,16,1
2.9863204977637317,2.0490024811157808,-4.071781223281662,4.891215954040576,3,2,-4,5,0.01933938725455506,0.05002286765426181,0.07253594441613107,0.10963101121863451,3.1,3,16,2
2.9278763605962266,2.0759610259116985,-4.130440004667947,4.8777423480527435,3,2,-4,5,0.08143121963850788,0.0774515676815833,0.13260095898159677,0.124370470020518,3.1,3,16,3
2.9620724988102154,2.050880521122463,-4.076571455504797,4.894076282882847,3,2,-4,5,0.04662368650789163,0.0524356891504343,0.07858272024891695,0.1080974494028071,3.1,3,16,4
2.9972282783113364,2.0287190007234983,-4.073680905522774,4.909852033736186,3,2,-4,5,0.00621568928099392,0.02984959371463191,0.07416262254317187,0.0907511581500206,3.1,3,16,5
2.929868151872012,2.0529278314116675,-4.102616774619994,4.9132022149555725,3,2,-4,5,0.0790728709977633,0.05480510956750166,0.10508497220822326,0.09035728690770677,3.3000000000000003,3,17,1
3.0000943356415988,2.0431299617942664,-4.074004010769125,4.900981163654755,3,2,-4,5,0.00186065597775489,0.04371213725435084,0.07429647318184732,0.09944073310259142,3.3000000000000003,3,17,2
2.712700276971467,2.1616237797306375,-4.1144232291328775,4.765462608467239,3,2,-4,5,0.3042711271469917,0.16549134908163568,0.12467442571404348,0.23905133126055092,3.3000000000000003,3,17,3
2.8353426667995576,2.054662278360309,-4.079106760463379,4.913967354997595,3,2,-4,5,0.17633327587256273,0.0593717197864602,0.08631258566769433,0.09223021460822758,3.3000000000000003,3,17,4
2.9782432224231385,2.047423645360089,-4.056070554144354,4.924485191719762,3,2,-4,5,0.02797906010281271,0.04834655507104517,0.05759529579358235,0.07756507542017037,3.3000000000000003,3,17,5
2.8650840675724907,2.045438095930274,-4.097065764239977,4.961947071819126,3,2,-4,5,0.14614337056190102,0.04990738544106603,0.10206662329879178,0.04893134447289883,3.5000000000000004,3,18,1
2.95729917412836,2.0239838546825175,-4.074173224742668,4.955098401836645,3,2,-4,5,0.05255995807639754,0.02739049045997194,0.0766293508512153,0.05074821704474398,3.5000000000000004,3,18,2
2.94994114073066,2.0541188132911055,-4.060033601447788,4.901209485223067,3,2,-4,5,0.05740195647190314,0.05577532589309025,0.06243395282540118,0.10119917835830886,3.5000000000000004,3,18,3
2.871672286507638,2.0110537675514015,-4.0322709412568125,4.972568763115855,3,2,-4,5,0.14247740311391488,0.02533040428609645,0.04552068995987695,0.04359488104488684,3.5000000000000004,3,18,4
2.937269824110518,2.066313319454453,-4.065330787968899,4.8620155252396975,3,2,-4,5,0.07142241085281117,0.06783570064595827,0.0689369033162791,0.14013776979834552,3.5000000000000004,3,18,5
2.837645306804468,2.08924843850777,-4.111206276123091,4.917983741168341,3,2,-4,5,0.17517554147540845,0.09234470613369256,0.11748157537528424,0.08998022812189228,3.7,3,19,1
3.0002873874039957,2.04061227962796,-4.083065792881058,4.898540504268367,3,2,-4,5,0.00166825706783284,0.04130104840348477,0.08354758618877373,0.10190882709690624,3.7,3,19,2
2.980003818005227,2.043594385262955,-4.101645636307706,4.894854263489032,3,2,-4,5,0.02706377734782918,0.04473238248276433,0.1023119351235264,0.10646648705357896,3.7,3,19,3
2.9809198246990967,2.0341294215647916,-4.062863825446698,4.924130832734965,3,2,-4,5,0.02410834172232356,0.03559180440385653,0.06383757879944404,0.07716067709123184,3.7,3,19,4
3.0006270032159352,2.0535340309805465,-4.080837428713421,4.8996171114033,3,2,-4,5,0.0022148056022407,0.05389390342770529,0.08128318615129505,0.10073352929130532,3.7,3,19,5
2.7819117460105773,2.115043479727095,-4.1387805769982045,4.87764293509451,3,2,-4,5,0.23184189354763737,0.11851089587196992,0.14518658353040673,0.12808087420332245,3.9,3,20,1
2.984004258158463,2.0381002820031338,-4.0775950811150325,4.890346611508575,3,2,-4,5,0.02107057165953496,0.03889460824732315,0.07846089143868819,0.11097417913044196,3.9,3,20,2
2.983403823467066,2.041448157365779,-4.070155696479615,4.923104493981174,3,2,-4,5,0.02511508008254941,0.0427248663768619,0.07144608687920787,0.07942196171394936,3.9,3,20,3
2.907495984010418,2.028943715214858,-4.101673369126814,4.962914252957532,3,2,-4,5,0.10315813093262129,0.03368550756440443,0.10534996461773144,0.04700392139720718,3.9,3,20,4
2.9946012065419407,2.0456829588753416,-4.087108924183147,4.880200867232777,3,2,-4,5,0.00862057575410011,0.04636662268380968,0.08747649746197882,0.12028961755325202,3.9,3,20,5
2.898636004982071,2.0195623622345216,-4.034760442448569,4.967248395068378,3,2,-4,5,0.11257823738532424,0.0264772327293545,0.04514449644128998,0.04519942250082959,4.1,3,21,1
2.8954026363117116,2.0597243127367366,-4.086001795903472,4.917511187929517,3,2,-4,5,0.11467384207867552,0.06221227566441781,0.09046394038252428,0.08738981571704957,4.1,3,21,2
2.853652962682235,2.038215765091331,-4.066252865812795,4.975956215041784,3,2,-4,5,0.15929683881505846,0.04444355804531138,0.07542865294869909,0.04083323811553588,4.1,3,21,3
2.7442644494288655,2.1488730403277865,-4.104247572412585,4.830120667304824,3,2,-4,5,0.26869227130405304,0.15175224669352003,0.11256492546168904,0.17400191613918975,4.1,3,21,4
2.796784400949371,2.064694456274899,-4.060348674207992,4.927192523500074,3,2,-4,5,0.21585653228781493,0.06958423572087102,0.07045170226264379,0.0814309628627553,4.1,3,21,5
2.9919343890688954,2.0353896516668244,-4.088756677257479,4.895586282673293,3,2,-4,5,0.01213763015041079,0.03630165305868683,0.08964351269813736,0.10542545836832236,4.3,3,22,1
2.712378281437536,2.230051573454338,-4.233726849009615,4.730021108500025,3,2,-4,5,0.30351505099807485,0.23262313602988696,0.2388680246790464,0.2733382738839309,4.3,3,22,2
2.98897106170701,2.0544810185093385,-4.092130969330823,4.881334347481418,3,2,-4,5,0.01494506366319925,0.05499537189453233,0.09259973460452016,0.11935209343783694,4.3,3,22,3
2.9631235842605443,2.0728437148608423,-4.139011543366584,4.877413575143598,3,2,-4,5,0.0444748425001443,0.07371654199850187,0.14004579651708107,0.12423171151691707,4.3,3,22,4
2.9525819272995535,2.0865181305056626,-4.121457121536819,4.858023468663819,3,2,-4,5,0.05586315264901928,0.08752163401508044,0.12268090282724207,0.14351466101686394,4.3,3,22,5
2.8296816864299723,2.070981109158502,-4.108590008734669,4.9697504361654925,3,2,-4,5,0.1864519233613706,0.07585358339163584,0.11574980190455494,0.04968868014149789,4.5,3,23,1
2.975402306679795,2.0731306591334926,-3.8627725839207794,4.672681539755898,3,2,-4,5,0.18553779435759657,0.09679442957107488,0.1641956643486602,0.3368162602349164,4.5,3,23,2
2.9894921657813316,2.0380785393511553,-4.077644099986007,4.900716455905769,3,2,-4,5,0.01457363214129982,0.03907319604782185,0.07815845197532519,0.10014536853211958,4.5,3,23,3
2.953125209896942,2.055878734484371,-4.070442587647904,4.892424957586915,3,2,-4,5,0.05597891394319004,0.05742022302131151,0.07357513270080222,0.1094102265266462,4.5,3,23,4
2.6118037092357924,2.0776125210650345,-3.9887075545190513,4.92950145337295,3,2,-4,5,0.41186591748924495,0.09037722456853273,0.06510295455998209,0.09128490904028318,4.5,3,23,5
2.9983538209597898,2.031422465775995,-4.093375652672188,4.911146001370104,3,2,-4,5,0.00542748899770848,0.0324991862253017,0.09369866542893396,0.08950792313175042,4.7,3,24,1
2.5858240196992615,2.064165590241862,-4.067677284370579,4.983621842225714,3,2,-4,5,0.4355568221274371,0.07792064895290644,0.09590774116605776,0.05621666992901231,4.7,3,24,2
2.884675946936979,2.0429885970958033,-4.122393058656984,4.950318447234192,3,2,-4,5,0.12645761751618434,0.04690775865288738,0.12623388209931533,0.05881061891114431,4.7,3,24,3
2.6634305940149923,2.0998569562915335,-4.021732054197963,4.883159485511037,3,2,-4,5,0.3554672435758929,0.10698818995286032,0.05854349131564341,0.1257805632286731,4.7,3,24,4
2.9589120691521686,2.0696993454565256,-4.119398863083097,4.8580535587307345,3,2,-4,5,0.04933804660159128,0.07081768284897068,0.12071421786046152,0.1437447385061343,4.7,3,24,5
2.946465658629685,2.045160357647395,-4.083639169214408,4.928765963996084,3,2,-4,5,0.06313151849715494,0.0470667747392794,0.08599512094995185,0.07472318185918764,4.9,3,25,1
2.88002685745509,2.1053517447543273,-4.099831998879686,4.824969140623976,3,2,-4,5,0.1322226275053707,0.10738290988464778,0.10468300582647456,0.178119798617039,4.9,3,25,2
2.837966822473858,2.1305623076643707,-4.196466178689442,4.8514992770417,3,2,-4,5,0.17406325871246217,0.13291295306433645,0.19980541053637127,0.15269424717663807,4.9,3,25,3
2.9994871748377596,2.034901376512647,-4.08737446596031,4.897724885461423,3,2,-4,5,0.00342573745060255,0.03585957480629258,0.0877190399185973,0.1029140472154544,4.9,3,25,4
2.9750495115399653,2.033428901507532,-4.080088200934922,4.896868763206341,3,2,-4,5,0.03194219054162949,0.0352814448991413,0.08129223389784927,0.1048812371742562,4.9,3,25,5
3.000001586158805,2.034824331797693,-4.081375918665465,4.8967766441815055,3,2,-4,5,6.321344740124843e-5,0.03536216108287583,0.08144681427186425,0.10363947131017562,5.1,3,26,1
2.9179722923275224,2.0699959755708432,-4.095200038933104,4.882172201655615,3,2,-4,5,0.09149002328664514,0.0716435772172496,0.09777177321579009,0.1205000952954383,5.1,3,26,2
2.9788499612974397,2.048137763970252,-4.076274939786745,4.895409020855742,3,2,-4,5,0.02677282906457506,0.04900204495360315,0.0774610210779762,0.1058483768500776,5.1,3,26,3
2.982142404055393,2.0596232320390366,-4.101765532393948,4.892754346969264,3,2,-4,5,0.02296346573055688,0.06037634438559632,0.10254107712175578,0.1085439248601211,5.1,3,26,4
2.98015113817308,2.052137125210458,-4.085803238142165,4.934879532670681,3,2,-4,5,0.02513335283573734,0.05298500009571979,0.08652239434691136,0.06684596811605686,5.1,3,26,5
2.99553245406197,2.023070214072047,-4.07646707429267,4.903003882584202,3,2,-4,5,0.00767389244562485,0.02440118654595762,0.07702127209776946,0.097890653403810493,5.3,3,27,1
2.991485763051169,2.023339083416511,-4.091212014138898,4.956102659152927,3,2,-4,5,0.01258008219442051,0.02481539448342939,0.09174975777808304,0.04574265099679758,5.3,3,27,2
2.937919301696617,2.049295913898706,-4.086873399088864,4.930249949593727,3,2,-4,5,0.07346176046099213,0.05181040904552625,0.0898413759025093,0.0736496434868933,5.3,3,27,3
2.8458735935414445,2.0776305236480668,-4.1717944260377555,4.942429454572278,3,2,-4,5,0.1676229870038636,0.08119197102928397,0.175877323847719,0.06788645240837288,5.3,3,27,4
2.956130386819978,2.042986429884202,-4.089860120875318,4.910114506890798,3,2,-4,5,0.05202851058462725,0.04545109474761071,0.0914506009841264,0.0923086537430942,5.3,3,27,5
2.889639991886745,2.0699954804568828,-4.1040738396670005,4.924734296733846,3,2,-4,5,0.12256118419314307,0.0727955262216225,0.10839893020778972,0.08140637390544404,5.5,3,28,1
3.0004066462880954,2.043479251012303,-4.094944001849199,4.902072806912469,3,2,-4,5,0.00320513745973638,0.04422756279974534,0.09532405068407926,0.09857788270865404,5.5,3,28,2
2.9901465891860797,2.0446911632925207,-4.085438462509887,4.87560464069453,3,2,-4,5,0.01407081721917169,0.0454613960059775,0.08609910552953226,0.12502709118183908,5.5,3,28,3
2.979175456286189,2.0467269280536913,-4.078356733702616,4.903564605189262,3,2,-4,5,0.02493404002836064,0.04751155827078413,0.07914156691279454,0.09741640915245496,5.5,3,28,4
2.9081853237876527,2.085808757105425,-4.088078183011597,4.845981437707752,3,2,-4,5,0.10163240625680184,0.08744922337287037,0.0920166026016636,0.15649940413891952,5.5,3,28,5
2.9744953158546172,2.040693929570222,-4.076895651497348,4.897085327665253,3,2,-4,5,0.03203115862511967,0.04211889558329684,0.07786146475976727,0.10427115888893208,5.7,3,29,1
2.987008385722839,2.0392703206361573,-4.058023757210801,4.906546560523081,3,2,-4,5,0.01735884074007232,0.04039222275017255,0.05905107592132884,0.09449347407499956,5.7,3,29,2
2.946665565228819,2.050450100939831,-4.094630877207958,4.898548250356676,3,2,-4,5,0.06282240959668538,0.05251955336400844,0.09663731466524136,0.1038537539249676,5.7,3,29,3
2.898703017546035,2.0922625256333824,-4.130409083212698,4.869249926942423,3,2,-4,5,0.11302692295386356,0.09425674181728702,0.13334226218994566,0.13409522945961583,5.7,3,29,4
2.8948201572105337,2.060842620522046,-4.082110585923275,4.9157324681366115,3,2,-4,5,0.11650652355658568,0.06371913670332267,0.08687469250051114,0.08937322828783734,5.7,3,29,5
2.956971808225505,2.0618963083255943,-4.105455692187806,4.893164737327751,3,2,-4,5,0.05171269450007496,0.0633478643015661,0.10713925026588726,0.10896212935966232,5.9,3,30,1
2.8510623806493536,2.0976145636715757,-4.093897542008061,4.852542099291094,3,2,-4,5,0.16066052187087357,0.10011123380239292,0.09968303805691194,0.1510378022387829,5.9,3,30,2
2.9934104786811533,2.0416495718179335,-4.063754838948161,4.909947140383686,3,2,-4,5,0.01026541566873059,0.04283417346403062,0.06433389461220247,0.09073002435680971,5.9,3,30,3
-1.3073661838593915,6.321929029699175,-8.077365143334667,4.007198906648928,3,2,-4,5,8.62150799868587,8.675825089760272,8.341721303847816,1.7464882717369892,5.9,3,30,4
2.7874003848864604,2.080640621584193,-4.13504458923591,4.916089730970965,3,2,-4,5,0.2276024847300992,0.08563863945869044,0.14160637279356666,0.0917780011234439,5.9,3,30,5
2.8313802133432677,2.104940492716731,-4.110542049315147,4.8883702356213785,3,2,-4,5,0.18302119331474567,0.10826581782036024,0.11691662269047726,0.11743343399738251,6.1,3,31,1
2.995795864334347,2.032530530085257,-4.063991899178047,4.894158914580547,3,2,-4,5,0.00773225051772629,0.03361328079722715,0.06453847222415035,0.10681050170871884,6.1,3,31,2
2.9477277395714787,2.03586953873643,-4.073053918123998,4.901172706810753,3,2,-4,5,0.06148600402900443,0.03832595934778611,0.07575861798583462,0.10134178208551868,6.1,3,31,3
2.990763502027323,2.0521729903456527,-4.07424851799835,4.894048790781329,3,2,-4,5,0.01281391883571351,0.05304111866550061,0.0748019118197364,0.10667919310110265,6.1,3,31,4
2.800168456822648,2.1136988541142987,-4.148698324957032,4.8770933604530695,3,2,-4,5,0.21339197220888864,0.11687725586844327,0.1538154912886159,0.12897493746554495,6.1,3,31,5
2.98519406333855,2.0702416086397233,-4.103902627310984,4.885959399491579,3,2,-4,5,0.02103312785301472,0.07092555992319788,0.10459835753057144,0.11511069331567926,6.3,3,32,1
2.99329807814377,2.042020898802766,-4.064384182665813,4.901041576120734,3,2,-4,5,0.01113380812083052,0.04322950621134881,0.06505906425952668,0.09977715100402534,6.3,3,32,2
2.9905766988494897,2.042913621678681,-4.093519422658151,4.888391844664691,3,2,-4,5,0.0131996296408819,0.04378491188608916,0.09402831267861857,0.1123291034453624,6.3,3,32,3
2.9398226863954355,2.0475091150135576,-4.0997411758880276,4.895538585159783,3,2,-4,5,0.07056985481634742,0.04991670740822313,0.10225127182931196,0.10746177090445252,6.3,3,32,4
2.9964076560576105,2.0213217636168164,-4.077811743114367,4.9073355524099895,3,2,-4,5,0.00787069758741425,0.0226704848919752,0.07828093626412272,0.0934414441465053,6.3,3,32,5
2.9747353607104863,2.066039686287988,-4.11935586729532,4.885964533286388,3,2,-4,5,0.03140693352215257,0.06682493227815538,0.1200302261710568,0.11537353692783175,6.5,3,33,1
2.9721966219799767,2.0602067170295535,-4.085254903829022,4.876325694939662,3,2,-4,5,0.03417553445837953,0.06135009193720422,0.08624636656543967,0.12508984722624164,6.5,3,33,2
2.999548897156375,2.041187320489983,-4.093566273070747,4.899105013565565,3,2,-4,5,0.00212597726760436,0.0418525193116255,0.09395099537657071,0.1014873595592773,6.5,3,33,3
2.894487828411881,2.0933216096607987,-4.127530153766058,4.900661206283885,3,2,-4,5,0.11667808841908606,0.09509079873027272,0.1308439975627616,0.10346543087918414,6.5,3,33,4
2.987172357210037,2.0145800452863853,-4.0715502415013045,4.917892290567561,3,2,-4,5,0.01763706708995274,0.01646544710853897,0.07233496831023083,0.08329917071005442,6.5,3,33,5
2.9716356041027407,1.8758985379557007,-3.552796269392404,4.920610990420091,3,2,-4,5,0.26819635985344,0.15323025978670732,0.4635107128799923,0.14465306741941397,6.7,3,34,1
2.995862948342559,2.0381976063872393,-4.089581733849375,4.912378465415285,3,2,-4,5,0.00887323089581138,0.03896534963627489,0.08996156163583044,0.08842505201206398,6.7,3,34,2
3.0000683346774673,2.0286345529940175,-4.09455232943796,4.901937434933059,3,2,-4,5,0.00106085353712834,0.02981152731611487,0.09482490420257476,0.09845716711812114,6.7,3,34,3
2.9661795234954664,2.042389047117246,-4.072993172357964,4.944089061528496,3,2,-4,5,0.04092464895649017,0.04381207933055308,0.07450997556259589,0.05899676569378829,6.7,3,34,4
2.986629335679371,2.0292262043058784,-4.083821282798905,4.879621622576975,3,2,-4,5,0.01740846498236881,0.03065699634976734,0.08439080891720624,0.1211509603291168,6.7,3,34,5
2.926051035537774,2.0778332133161124,-4.123562649099958,4.860452574538933,3,2,-4,5,0.08193270899780825,0.0790916997716229,0.1256565447781952,0.1416724611701349,6.9,3,35,1
2.9950846534332545,2.0360500173918714,-4.079252074507128,4.905804488341246,3,2,-4,5,0.00841477803958819,0.03705842835527648,0.07966842793856528,0.09497657544835542,6.9,3,35,2
2.70247251872471,2.0740685402951367,-4.067673738473073,4.9218834812317125,3,2,-4,5,0.31222585793017926,0.08114032001198877,0.08295866139105572,0.08886863006307513,6.9,3,35,3
2.931640580510093,2.034908404303246,-4.026907466723717,4.920695747737316,3,2,-4,5,0.07893278307527249,0.03813697000066616,0.03598364715326087,0.08375918990190541,6.9,3,35,4
2.8239433411070003,2.076128500531639,-4.131328676612351,4.900996899334029,3,2,-4,5,0.18766766170191815,0.07958899332526656,0.13628484626474263,0.10486000913537344,6.9,3,35,5
2.890700434892884,2.039807934639836,-4.099129092467515,4.965902616585675,3,2,-4,5,0.1201565773168737,0.04388537499781683,0.1032087205636851,0.04683530126751226,7.1,3,36,1
2.976411623841416,2.030544998620522,-4.092496911001921,4.938651012836512,3,2,-4,5,0.02876536958682003,0.03202795121209887,0.09329129430131064,0.06342302203257803,7.1,3,36,2
2.9972937746372956,2.0367800194577583,-4.07659124872699,4.920005016785099,3,2,-4,5,0.00644121284266053,0.0374591834933686,0.07714107360340393,0.08075142239733532,7.1,3,36,3
2.98629260483896,2.045134973784802,-4.078171598113704,4.925162905791003,3,2,-4,5,0.02126877027623503,0.04633071006077184,0.07879123546706199,0.07658585490116561,7.1,3,36,4
2.8543357859618896,2.068630320337543,-4.114286917748526,4.9291730644858855,3,2,-4,5,0.1579132095514758,0.07234394957064348,0.11961015102959847,0.07926427757585862,7.1,3,36,5
2.7889455192758583,2.0921380464760113,-4.072187255710524,4.886299225849869,3,2,-4,5,0.2253430650691836,0.0963499563403266,0.0834533503236462,0.1205476734489656,7.3,3,37,1
2.847886815864364,2.047386601252594,-4.088517699068026,4.958546317723881,3,2,-4,5,0.16242490241595198,0.05188366945829426,0.09392030123379932,0.05157939752091475,7.3,3,37,2
2.9963655471396757,2.029829221940129,-4.074486159667954,4.89446678554463,3,2,-4,5,0.00669268856449502,0.03082679225975267,0.07504174216798226,0.10611634372603304,7.3,3,37,3
2.9718037033676294,2.0271182734147013,-4.0765646344227084,4.927256097680183,3,2,-4,5,0.03513969846223103,0.02875543865816085,0.07797897420375806,0.07480587064753456,7.3,3,37,4
2.9986237081686298,2.035578746216681,-4.095760019620548,4.895435594848035,3,2,-4,5,0.00480850206240061,0.03627257253117873,0.09609890255942766,0.10509139061290255,7.3,3,37,5
3.0000721732405924,2.0238673026313787,-4.078641555740625,4.902441662936163,3,2,-4,5,7.918985357423565e-4,0.02494499634461415,0.07898783442569104,0.09799761752897676,7.5,3,38,1
2.9981728916462376,2.0436063916254144,-4.0678634009036045,4.8808487097752,3,2,-4,5,0.00473887948432603,0.04437725547746994,0.0683819700257175,0.11961229886860548,7.5,3,38,2
2.934085773704433,2.056213589400003,-4.065763980533029,4.9086019864040535,3,2,-4,5,0.0740508927961933,0.05775824387606207,0.06950130035352775,0.09534426478922754,7.5,3,38,3
2.9916951863522137,2.050592601995436,-4.0824189957996255,4.891678822643489,3,2,-4,5,0.01275385606467047,0.05115278044794815,0.08307183733026773,0.10908466635637704,7.5,3,38,4
2.960012088277056,2.053506499127471,-4.063754237220832,4.88403556387301,3,2,-4,5,0.04822694525096919,0.05474822705545235,0.06664517288257284,0.11816844511302044,7.5,3,38,5
2.88904717635816,2.0585741151172687,-4.093350733020395,4.91145051896999,3,2,-4,5,0.12244651663932175,0.06177993133880484,0.09779012436011618,0.09362318160858386,7.7,3,39,1
2.99907768838427,2.0310731865036695,-4.075031469148248,4.922374304586207,3,2,-4,5,0.00312926556101181,0.03213197875250898,0.07540644907508952,0.07821471130133355,7.7,3,39,2
2.9988080295554496,2.044483947457676,-4.082699677849348,4.8900396769902255,3,2,-4,5,0.0043617191472892,0.04515067871620833,0.0830403069359974,0.11038579947158368,7.7,3,39,3
2.8566732554300707,2.111788139624624,-4.109092663909928,4.851945036107736,3,2,-4,5,0.15688889807076423,0.11443212309824256,0.11397743777499578,0.15217675828346225,7.7,3,39,4
2.9734669222521166,2.0272265244007253,-4.040441355590875,4.945213570679088,3,2,-4,5,0.03470628555619398,0.029391005078661,0.04315200951665836,0.05767235859398321,7.7,3,39,5
2.965838727290911,2.057163489942166,-4.113924603973836,4.857550167888792,3,2,-4,5,0.04075604459612927,0.05832713007367698,0.11496541606330314,0.1435090646477602,7.9,3,40,1
2.8937337982039972,2.0509382095897033,-4.079311672534987,4.970317497018285,3,2,-4,5,0.11721593021542244,0.05405406507379668,0.0843457863900998,0.04262866345737628,7.9,3,40,2
2.6606826639320973,2.120410776670817,-4.046088869265724,4.856266283796946,3,2,-4,5,0.36204584931682665,0.12772708789788292,0.07601560715802977,0.1532495537008782,7.9,3,40,3
2.9941303493788585,2.0511219847184834,-4.08742261588099,4.888551334309074,3,2,-4,5,0.00993584490857971,0.05201331590795183,0.08812679352884227,0.11209175452350528,7.9,3,40,4
2.9360627481982404,2.0606254244260693,-4.090701251066023,4.865878104496091,3,2,-4,5,0.07447507619693103,0.06262055543037158,0.09354080107802146,0.1366361739750991,7.9,3,40,5
2.960690161789894,2.053547213027776,-4.067807236340202,4.916494331233543,3,2,-4,5,0.0490985985765628,0.05525062252697045,0.0699632228812294,0.0862607769565297,8.1,3,41,1
2.947914551790628,2.0579486636380375,-4.075168964209226,4.925151400173589,3,2,-4,5,0.05932000389789561,0.05950730783088905,0.07713556302643844,0.07794987701015434,8.1,3,41,2
2.959466257049113,2.0692966832663084,-4.0836613686506285,4.850074015397723,3,2,-4,5,0.04879321148405792,0.07046623458873195,0.08549425896601795,0.15156692739844846,8.1,3,41,3
2.6864944582805173,2.142696033259987,-4.133788182152787,4.847748373617546,3,2,-4,5,0.33169675297806994,0.14741730967936292,0.1438031323253433,0.15851181740556874,8.1,3,41,4
-2.289982751779779,7.474095901012199,-9.13145122632124,3.9097469041669473,3,2,-4,5,10.497340977170872,10.952344715299915,10.568267514802042,1.8296623998818888,8.1,3,41,5
2.984643064364853,2.039584780535296,-4.082907343082785,4.9065131841733045,3,2,-4,5,0.02041934765617512,0.04068843256683016,0.08348546718787787,0.09450079238080825,8.3,3,42,1
2.9991641817056243,2.0547034215735436,-4.0873815502930935,4.899442918392699,3,2,-4,5,0.00400712815461657,0.055219819854499,0.08779078044637563,0.10100662623386336,8.3,3,42,2
2.972784306862411,2.0354815020950223,-4.079949577512942,4.929836772416642,3,2,-4,5,0.03425186623521599,0.0370026325820488,0.08127478060251017,0.07213781912628218,8.3,3,42,3
2.875398286846866,2.105011956862022,-4.155592504969382,4.856869095351699,3,2,-4,5,0.13871899236349536,0.10742882161764404,0.15951581697801578,0.14771449421046576,8.3,3,42,4
2.775803924330144,2.103639309543425,-4.08127879092229,4.922816407425881,3,2,-4,5,0.23751059248123035,0.1073033801798354,0.09090646283480364,0.08501260056615367,8.3,3,42,5
2.967750223312942,2.055247693798879,-4.064155270958522,4.890489549742039,3,2,-4,5,0.03940810864042147,0.05643326820245877,0.06589529088265522,0.11117661541483284,8.5,3,43,1
2.9743541110987137,2.044608276572457,-4.096641481066267,4.909931024351192,3,2,-4,5,0.03077704113600757,0.04569434564241637,0.0975575472529873,0.0916293885826523,8.5,3,43,2
2.9896610739203253,2.043194787217674,-4.064876540513499,4.933764998709491,3,2,-4,5,0.0166127360272469,0.04400276368151234,0.06567085333502254,0.06788762615049239,8.5,3,43,3
2.887149980483404,2.0695165867484002,-4.1024291377125595,4.8741325863024265,3,2,-4,5,0.12423221005335731,0.07220757700418248,0.10716420882407236,0.1295186578742432,8.5,3,43,4
2.994028318083359,2.03751226065215,-4.069730433980674,4.894978049751887,3,2,-4,5,0.01064367404505954,0.03876147048720262,0.07020411404778629,0.10580970356001164,8.5,3,43,5
2.989632235257806,2.0357102766010735,-4.072550388859555,4.911882228283445,3,2,-4,5,0.01365404692591037,0.03670038009074419,0.0730796401654952,0.0888249609820381,8.7,3,44,1
2.8509692636504917,2.016062072303076,-4.066036418216759,5.044657925814242,3,2,-4,5,0.16037809055917265,0.02601433879972514,0.07362907181056047,0.05374619895804344,8.7,3,44,2
2.971624839054683,2.053569717298716,-4.098339649522093,4.889507369721822,3,2,-4,5,0.0347353193060656,0.0547825223836831,0.09919819396059218,0.11186453806308227,8.7,3,44,3
2.6593591077393453,2.098094709452805,-4.071343653774236,4.9412293973240695,3,2,-4,5,0.35744619320214877,0.1045754955757228,0.0889897271957869,0.07347453724238762,8.7,3,44,4
2.898476199648922,2.052245330726507,-4.065454498414462,4.91435103904045,3,2,-4,5,0.11225203247026794,0.05500270092291532,0.07184343802353994,0.09143116776067156,8.7,3,44,5
2.985179560640548,2.0598277014351707,-4.0869703594023115,4.900271405694249,3,2,-4,5,0.01972848276413569,0.06055916644137928,0.08766377596000025,0.10078276777475129,8.9,3,45,1
2.9641283538443273,2.0530592012546665,-4.078553994096531,4.888897461950809,3,2,-4,5,0.04348065505415015,0.05436163215745046,0.08026200797398238,0.11291797650916983,8.9,3,45,2
2.930794648146715,2.027128659961124,-4.080083109332654,4.947024836513136,3,2,-4,5,0.07939483174199115,0.03126869154767567,0.08367383544975929,0.05925867745245635,8.9,3,45,3
2.9504242578238475,2.0379092481190506,-4.088069820631555,4.984946164070217,3,2,-4,5,0.05852457990353401,0.04002637018931432,0.09023139623375424,0.02772773171479463,8.9,3,45,4
2.9671936794341307,2.0529580302504016,-4.084520232759027,4.921987783602774,3,2,-4,5,0.04037476762770779,0.05427507869028804,0.08583247803783953,0.0807543613535549,8.9,3,45,5
2.887770870041009,2.061370050976538,-4.091713760811189,4.892153337673973,3,2,-4,5,0.1231784921919198,0.06453461444424728,0.09622699275595172,0.11206151027513488,9.1,3,46,1
2.9231878052718354,2.024305194556481,-4.037118520972061,4.927779093257673,3,2,-4,5,0.08778355072203668,0.02973972999622996,0.04451508512016091,0.07758756696623892,9.1,3,46,2
3.000698810824204,2.04924706770769,-4.085405708248526,4.907201149368257,3,2,-4,5,0.00319979150064575,0.05008849763915882,0.08583005615727479,0.09348709724923844,9.1,3,46,3
2.9590715245913946,2.032662123103424,-4.069835128346821,4.93293065403996,3,2,-4,5,0.05016086654877634,0.03485867813222752,0.07218085337158586,0.07115992866697461,9.1,3,46,4
2.982558785953115,2.033681098944545,-4.099823321550484,4.909688076266421,3,2,-4,5,0.0226934056371102,0.03471421694283973,0.1004481552162729,0.09167411135664368,9.1,3,46,5
2.97280580016492,1.9976216768367188,-3.733992924473192,4.798614874777174,3,2,-4,5,0.23358773177488243,0.0789946152125497,0.2880414887366561,0.22489036394157824,9.3,3,47,1
2.85630687669565,2.0469798650962754,-4.069020758794055,4.971356743387187,3,2,-4,5,0.15679610609697275,0.05235296624469629,0.0769125896726402,0.04486574295026398,9.3,3,47,2
2.987422697201879,2.036318110318062,-4.079682162407973,4.894921975933056,3,2,-4,5,0.01704028244034232,0.03769547726593264,0.08041513416973416,0.10604128491697272,9.3,3,47,3
2.98685042926767,2.055028556562788,-4.089765825458705,4.881826820119553,3,2,-4,5,0.01752860073268862,0.05575140534083051,0.09046217569711693,0.11903464828500432,9.3,3,47,4
2.8357315231476035,2.1221406522641195,-4.191068645133662,4.890751441760348,3,2,-4,5,0.17595651448395505,0.12432913404202546,0.19510376522257117,0.11383614908530935,9.3,3,47,5
2.8938163163285684,2.053331887666646,-4.125528393293237,4.940501146304103,3,2,-4,5,0.11629898620095196,0.05594494185455812,0.12823403226227884,0.06552157117619571,9.5,3,48,1
2.976153265916188,2.039406374678701,-4.0646590669800995,4.926419569400128,3,2,-4,5,0.03091994022885084,0.040921386502182223,0.06595820983921952,0.0753935002881267,9.5,3,48,2
2.949863387079448,2.0224171952454824,-4.065100773877545,4.926780105234081,3,2,-4,5,0.05705648080323156,0.02575854959811474,0.0676619783279238,0.07625353452625266,9.5,3,48,3
2.992731943884707,2.0429712917815857,-4.103953897118437,4.887133709042783,3,2,-4,5,0.01055113718049689,0.04383516820400398,0.10444763447113674,0.11346835023059348,9.5,3,48,4
2.932953314597207,2.0889021276808397,-4.096544533848924,4.85113253467071,3,2,-4,5,0.07458453585923064,0.08992542183578182,0.09879397495287125,0.15062013644788758,9.5,3,48,5
2.9755382396595627,2.043244123562222,-4.077779470648615,4.915009764507829,3,2,-4,5,0.03030064550467531,0.0443220724845429,0.0788345786733803,0.0863811881942655,9.7,3,49,1
2.90248747226432,2.0493528596515924,-4.0827534079190215,4.939679619938413,3,2,-4,5,0.10714166465438794,0.0519516268732455,0.08651694918267407,0.0661506023964708,9.7,3,49,2
2.95820716559957,2.0350216609619864,-4.0724812030933615,4.897618336776785,3,2,-4,5,0.04894427916425399,0.03664110141167526,0.0744631554240677,0.104246100084775,9.7,3,49,3
2.988769827873427,2.0512042794236196,-4.07691095662507,4.904955360804405,3,2,-4,5,0.01648046143149828,0.05191143118501466,0.07769457745117368,0.09582067187161249,9.7,3,49,4
2.9278544385774063,2.0815846518695373,-4.1013501993064105,4.855513613663123,3,2,-4,5,0.08069056715725456,0.08287193304060508,0.10389550906730403,0.14656401983328443,9.7,3,49,5
2.9471558179572592,2.032429014900252,-4.069003918419602,4.949579588386343,3,2,-4,5,0.06076745212347081,0.03478864147909487,0.07136780967363343,0.05474735752074595,9.9,3,50,1
2.955775967145327,2.0322658989562754,-4.047170912920446,4.964157574966904,3,2,-4,5,0.05229545690060819,0.03461286092271663,0.0510624491070342,0.04193736978230728,9.9,3,50,2
2.862088314613593,2.061158843093278,-4.111325415209062,4.956944426403118,3,2,-4,5,0.147372946309149,0.06414777578751807,0.11624736818362004,0.05244470831891641,9.9,3,50,3
2.948858236771083,2.061062261692435,-4.097451938713239,4.864528080018844,3,2,-4,5,0.06004689864598926,0.06252405610372601,0.09988418163964471,0.13782031335476078,9.9,3,50,4
2.96095658112373,2.07621990007807,-4.089579089747079,4.845522937707497,3,2,-4,5,0.04415551887846111,0.07693533075648422,0.0906767292685276,0.15576047644467,9.9,3,50,5
3.4385163658402904,1.7699735014398543,-3.9952182060504704,4.854977148591852,3,2,-4,5,0.4487612579202392,0.2337633084906849,0.08389793708109995,0.16490301645294494,0.1,4,51,1
3.4452183101110103,1.7531355529232624,-3.9882632870839503,4.850066470782681,3,2,-4,5,0.45580681297611425,0.2504924733134203,0.08512531198042633,0.16910870904923747,0.1,4,51,2
3.3747563614652587,1.8196750987769537,-3.965688628902774,4.8097344612727335,3,2,-4,5,0.3867406018490177,0.1850711734088077,0.08874774181984389,0.20639999105533113,0.1,4,51,3
3.4613542169587563,1.745013642357527,-4.002199096168745,4.85528925145358,3,2,-4,5,0.47071717569289045,0.25808095940437115,0.08257513304540234,0.16517913547247676,0.1,4,51,4
3.4526569125759847,1.7839482474955175,-3.9804359870372177,4.8728096683783315,3,2,-4,5,0.4620050135020349,0.21943457058154017,0.08491641603618653,0.14906775970748068,0.1,4,51,5
2.492728659989046,2.2315716434179302,-3.9270369297453342,4.614230975098974,3,2,-4,5,0.555938702195785,0.2707198797917296,0.16572864296264503,0.4062550917658456,0.30000000000000004,4,52,1
2.551663958863952,2.1466932794046265,-3.85578826279678,4.661706209199051,3,2,-4,5,0.5048564191624283,0.19992733269510649,0.20551294571382292,0.361967988339092,0.30000000000000004,4,52,2
2.46462984584124,2.1493800857079677,-3.926580526857702,4.783058544685933,3,2,-4,5,0.5851865370517365,0.19852145148945924,0.15774724699163473,0.2489923368432997,0.30000000000000004,4,52,3
2.33905759720693,2.190376436054486,-3.9116717705669455,4.726399629576455,3,2,-4,5,0.7018365735866959,0.2299440273425334,0.16467212775251028,0.29809811151930793,0.30000000000000004,4,52,4
2.6713099687545667,2.1282759584894695,-3.8961856504694543,4.697589302817412,3,2,-4,5,0.39610969014160463,0.19104413866646244,0.18140065445448772,0.331154285132256,0.30000000000000004,4,52,5
1.838205713806515,2.2309046098530003,-3.912003088135483,4.840457304384595,3,2,-4,5,1.2248672199425317,0.30555769337133526,0.22662188158711577,0.23284659911721797,0.5,4,53,1
1.6180627767152858,2.1684227600119126,-3.9612765788454793,5.140205060295725,3,2,-4,5,1.4405183718844528,0.25212134651493195,0.1994100426210921,0.21072551944762097,0.5,4,53,2
1.9714950315798212,2.1851042589270597,-3.925859934016048,4.906456382510691,3,2,-4,5,1.0973205682511349,0.27603876381402037,0.22415513274695173,0.19914478713764672,0.5,4,53,3
1.9637077335190043,2.327543879582942,-4.004543670063966,4.651632919677067,3,2,-4,5,1.106279011643287,0.3955723089446967,0.2295352765993696,0.39169828955887737,0.5,4,53,4
1.3043436208820496,2.246716529103071,-4.073178427872002,5.142248986422882,3,2,-4,5,1.7449245873339214,0.307216672094047,0.20338851780176165,0.2033541247527869,0.5,4,53,5
1.340799617297771,2.5261746910076845,-4.275577908972462,4.659751581877571,3,2,-4,5,1.748542998781837,0.6030266059650626,0.4084255778159987,0.3986766444794419,0.7000000000000001,4,54,1
1.9318290821317468,2.2158296959668418,-3.8604231176723975,4.836719527004821,3,2,-4,5,1.1946677066666582,0.35708809553991394,0.32352171462222873,0.28635804185851305,0.7000000000000001,4,54,2
1.015226497245896,2.8266299111419606,-4.5091928129410075,4.328373944996536,3,2,-4,5,2.0520305682927407,0.8801353778191892,0.5952504925767216,0.6975530546996289,0.7000000000000001,4,54,3
-0.7390296612154029,3.06489954131444,-4.850795125214738,4.69960643850702,3,2,-4,5,3.7851961203338704,1.0933253604377693,0.8873322228867545,0.327302062912442,0.7000000000000001,4,54,4
0.6835352379958795,2.799661291048713,-4.503399027340761,4.532319413455823,3,2,-4,5,2.379053414470496,0.8459444050136311,0.5775945408272937,0.4979676925770498,0.7000000000000001,4,54,5
0.00650243403881698,3.1984511664487987,-4.976038283028439,4.321617271948821,3,2,-4,5,3.0777206409204263,1.254997406839424,1.0463260743489926,0.7044591119804923,0.9,4,55,1
1.1465330565852363,2.5695559296992663,-4.306104479923242,4.707628471281054,3,2,-4,5,1.9871629986802384,0.6770424307056078,0.4812999916016767,0.38579456659532313,0.9,4,55,2
1.7832778624425936,2.370871201846447,-3.982586658111183,4.650269553785684,3,2,-4,5,1.3961541501667312,0.5237142463253263,0.3760146562171397,0.44739079874565135,0.9,4,55,3
0.387633898872104,3.091183103257652,-4.842639976318231,4.340732857932726,3,2,-4,5,2.701934895288706,1.15039209015276,0.9200771280164768,0.6876009657953345,0.9,4,55,4
-0.8157721379912178,3.581943117484143,-5.394187154647728,4.21412903785233,3,2,-4,5,3.882174909487724,1.6229100771116145,1.4415186008146994,0.8020101400948815,0.9,4,55,5
0.1902355246801525,3.6259053114114583,-5.362711766538233,3.862514243086343,3,2,-4,5,2.91991894512768,1.7038339576836703,1.4562256850415538,1.1608200337214327,1.1,4,56,1
-3.6162494301351624,5.261875785182948,-7.067554550345339,3.5611845391992376,3,2,-4,5,6.666241227471058,3.29100270245362,3.098955581919065,1.4430687945803773,1.1,4,56,2
-0.09316188367886365,3.4120972847712374,-5.136483633184046,4.109864882895297,3,2,-4,5,3.208120789367384,1.4870300393877995,1.2301214990885632,0.9168300528975,1.1,4,56,3
-1.5935695008625848,4.742372024498689,-6.471968947170225,3.4347837852790475,3,2,-4,5,4.668657579810115,2.7938814722802148,2.529498737107702,1.5736604453958292,1.1,4,56,4
1.331565551643546,2.7013850631175824,-4.3829787677079874,4.400290853621923,3,2,-4,5,1.8652236149430912,0.8496776655497277,0.6169607087327144,0.6769701256718056,1.1,4,56,5
-2.0192996575746283,4.584834645473026,-6.336146092627752,3.6476580140787345,3,2,-4,5,5.1213259281426815,2.648821894405662,2.4075160077786077,1.36454744608745,1.3000000000000005,4,57,1
-4.308289105540061,5.812361194773449,-7.610249615062816,3.3824753288019536,3,2,-4,5,7.377852791562866,3.853091970835304,3.653789688637394,1.6221169569826983,1.3000000000000005,4,57,2
0.1944919346163104,3.470981018935238,-5.140553482611541,3.963292646639656,3,2,-4,5,2.9804030520457827,1.5857211929063628,1.288177527654503,1.07359092290182,1.3000000000000005,4,57,3
0.9908314810769244,3.209203455742296,-4.931690384064489,4.011045878829518,3,2,-4,5,2.2110058837246296,1.3449752214851525,1.103615868769458,1.036083711680958,1.3000000000000005,4,57,4
-2.976645647275671,5.131092964991039,-6.880741032287264,3.485671862211091,3,2,-4,5,6.064642110266953,3.184876425520599,2.9399432093802296,1.5221249504175434,1.3000000000000005,4,57,5
-0.00491564535449551,3.3726859561476656,-5.034897684391611,4.096452998113613,3,2,-4,5,3.2295635681742896,1.505717468996682,1.208721538949186,0.9490058432535714,1.5000000000000002,4,58,1
-1.9042086664605544,5.026482806124841,-6.728046689728788,3.3302205245569563,3,2,-4,5,5.029386340460147,3.109038486630754,2.820294465142962,1.681238057991869,1.5000000000000002,4,58,2
-1.6675333873156175,4.895497605570551,-6.539779340775337,3.3461235800205396,3,2,-4,5,4.798890054235373,2.984662610261036,2.6421702687860043,1.6674560047016125,1.5000000000000002,4,58,3
-2.066050148667209,5.004369304239158,-6.703037653867486,3.368974735649033,3,2,-4,5,5.184164516299787,3.0815295990380096,2.7895372526124915,1.6421687697797394,1.5000000000000002,4,58,4
0.33697732775855077,3.843620559508185,-5.5098104021665915,3.628784137635699,3,2,-4,5,2.85009325925506,1.9822710801087564,1.6783107064005152,1.4067108617255375,1.5000000000000002,4,58,5
0.5757729125275739,3.620059696219815,-5.253276036935779,3.73765519065131,3,2,-4,5,2.7396244228633764,1.8532079972056308,1.5425146748997864,1.341210157986639,1.7000000000000002,4,59,1
-1.1575162280844975,4.514578165545971,-6.09381877997178,3.422519274834092,3,2,-4,5,4.353732252916762,2.642184903179729,2.2479887874926963,1.5993173774180718,1.7000000000000002,4,59,2
-1.4445845774855908,4.047913599541904,-5.7493550818269785,3.876256018894848,3,2,-4,5,4.649313839171358,2.1593741844675445,1.880374286228779,1.1489716397806455,1.7000000000000002,4,59,3
1.1189147361237328,3.316347354633133,-4.926176573735086,3.825320251113966,3,2,-4,5,2.231038487490744,1.5523727584109237,1.241868971744828,1.2493299909389792,1.7000000000000002,4,59,4
-2.672380621145267,6.260065629089386,-7.998360785617022,2.8958671232459174,3,2,-4,5,5.796716017210144,4.349568027820136,4.094216658329677,2.111650297178769,1.7000000000000002,4,59,5
-3.4555817806556837,6.127205280895875,-7.814571117303139,3.0392266956709793,3,2,-4,5,6.61237981682517,4.2338354613779154,3.930106974256873,1.9704325039797552,1.9,4,60,1
-2.6542204540752685,5.0942968483144115,-6.898682317222235,3.491888586655212,3,2,-4,5,5.845415196706498,3.2030477609963985,3.0154203613130544,1.5234161749938933,1.9,4,60,2
-4.7591780002652335,6.642186188841063,-8.393507577750679,3.0630160854847204,3,2,-4,5,7.892793396751473,4.726109041547083,4.482696954017651,1.943519006858436,1.9,4,60,3
-7.487342109951912,6.968278759084932,-8.852793212342744,3.360941171038195,3,2,-4,5,10.586567517584736,5.020618862921853,4.906653534573303,1.6432814787647794,1.9,4,60,4
-2.5195562756874983,5.744518849676331,-7.45221894679356,3.074129880635459,3,2,-4,5,5.6981590834315545,3.862741093045433,3.581079674232168,1.9378159645692088,1.9,4,60,5
-4.611602651161418,6.896423885524152,-8.61599818364026,2.917335642157859,3,2,-4,5,7.773410017201461,4.999941425578237,4.72621728320364,2.0896900936027447,2.1,4,61,1
-9.411733871269568,10.38234541625976,-12.18365339442109,2.4974995489461396,3,2,-4,5,12.483253652562343,8.430220742992752,8.233105559890202,2.503702657552298,2.1,4,61,2
-6.447453878814896,8.415958422352968,-10.165760633491042,2.6536547829245043,3,2,-4,5,9.56928773196796,6.496257115544029,6.2498510653555455,2.349513775785341,2.1,4,61,3
-5.622382262176131,8.2938680246848,-9.997185367749273,2.578071202385083,3,2,-4,5,8.750410386906058,6.385133614638149,6.0936415099092995,2.425701944993533,2.1,4,61,4
-3.894319148878836,7.064435475430676,-8.756861058430221,2.7488068749982273,3,2,-4,5,7.049927233253081,5.172788658683956,4.8725765475526215,2.2579290747872225,2.1,4,61,5
-4.967123228145178,7.569658207704737,-9.307497784978157,2.7539725725021476,3,2,-4,5,8.142920955784072,5.6862996414764195,5.430640979751164,2.2523978746844024,2.3000000000000003,4,62,1
-6.159244898963887,7.693981675747632,-9.383386102137308,2.82225017072857,3,2,-4,5,9.329224302219998,5.798522886944624,5.4949347335381855,2.1828868668884964,2.3000000000000003,4,62,2
-6.945210553983497,10.549182087760274,-12.254583734369104,2.1989512849349646,3,2,-4,5,10.05710227757112,8.639225912304948,8.348288099096166,2.8030997151785684,2.3000000000000003,4,62,3
-2.6516714168648097,6.290480233764015,-7.966823279076342,2.8686419175451525,3,2,-4,5,5.878487571798849,4.451413199125997,4.141438207643471,2.144956304767395,2.3000000000000003,4,62,4
-3.6280530333443455,7.15402096455406,-8.823638503056253,2.671101527308922,3,2,-4,5,6.828858905067616,5.298764713644784,4.978594646151914,2.3376050383844924,2.3000000000000003,4,62,5
-14.916056622240111,13.070196312935522,-14.911754318706928,2.421760680058688,3,2,-4,5,17.961760325644306,11.097838017039484,10.939998731451986,2.5786165099949394,2.5000000000000004,4,63,1
-4.337169946431735,8.279729403855754,-9.95267261449962,2.43818920567872,3,2,-4,5,7.532426271007844,6.432441590485052,6.1143547422371896,2.568267696069121,2.5000000000000004,4,63,2
-10.052470835844296,10.567989261463175,-12.372206620094008,2.499037352241987,3,2,-4,5,13.159646237831977,8.635141652485183,8.44137866222461,2.5024485597769397,2.5000000000000004,4,63,3
-4.855426569557907,8.082246474966194,-9.785367847351017,2.564565956673498,3,2,-4,5,8.04541601317752,6.216242977677799,5.926896267266305,2.4415597418108947,2.5000000000000004,4,63,4
-3.270738588993302,6.701722732271581,-8.417247805589032,2.8184450493204185,3,2,-4,5,6.52266791702635,4.872432163575866,4.5994532993847645,2.1941995559749277,2.5000000000000004,4,63,5
-11.250156901552373,12.008473432811362,-13.763029430588931,2.3095527407065624,3,2,-4,5,14.374904256236514,10.091459081657828,9.84880378802959,2.6917558883252637,2.7,4,64,1
-8.388156565210968,10.277870642155362,-12.095458115936,2.4188737364418684,3,2,-4,5,11.549980283177016,8.389182678437402,8.209606324267835,2.584048005888012,2.7,4,64,2
-5.443196487029075,9.358407590794076,-11.046362864434958,2.300813902647764,3,2,-4,5,8.614489648574663,7.494064506571232,7.188563392096153,2.7033584330043063,2.7,4,64,3
-11.085336687154948,11.200699957794813,-12.954588003468038,2.4532806876685953,3,2,-4,5,14.219325079006822,9.2851258312727,9.042038217358638,2.548334167747448,2.7,4,64,4
-6.267863509269922,9.405570861592505,-11.045384628874926,2.362048469833515,3,2,-4,5,9.444103012398138,7.536332640291783,7.183484050797879,2.641892079385824,2.7,4,64,5
-7.7101677177082895,11.15343517509478,-12.91402304225772,2.167240192079704,3,2,-4,5,10.882368771301838,9.287136210119971,9.051760581872555,2.835417616830412,2.9000000000000004,4,65,1
-9.811941202311754,13.06959911879932,-14.81092411613219,2.0132768788231967,3,2,-4,5,12.946017903288242,11.174893604759385,10.919048257185908,2.987990375549639,2.9000000000000004,4,65,2
-6.466552242229163,8.968376317202056,-10.675732641292385,2.513723733806453,3,2,-4,5,9.683579042702677,7.11823363985125,6.832918460215725,2.491459807342563,2.9000000000000004,4,65,3
-5.536389416172991,9.374547322593171,-11.075656810344418,2.30812734880412,3,2,-4,5,8.745063335378045,7.534572517224218,7.242790220378503,2.6967004488905233,2.9000000000000004,4,65,4
-10.917508103296925,12.65174581177662,-14.400902165918538,2.1672256352053134,3,2,-4,5,14.056337618332051,10.749830322416145,10.501653481488926,2.834103628281537,2.9000000000000004,4,65,5
-13.706653274077706,14.552669421944346,-16.293606235554282,2.085139456775938,3,2,-4,5,16.8367944134019,12.644292136832924,12.387514478830497,2.9156898355445984,3.1,4,66,1
-12.74380061966777,14.722065634584492,-16.42613767348244,1.9927029895633592,3,2,-4,5,15.870296705018898,12.81721128051807,12.524211432825297,3.0081142942469223,3.1,4,66,2
-6.5092175697872845,10.02465730948066,-11.67242540849537,2.240642756944038,3,2,-4,5,9.72627988137006,8.186536267314226,7.842416111188483,2.7632030707960613,3.1,4,66,3
0.3074373441962667,4.561054934935388,-6.134982230754961,3.176171238065336,3,2,-4,5,3.359160335276509,3.035666659833695,2.6879260529743614,1.9109774496791152,3.1,4,66,4
-12.488678673078343,15.14425326159691,-16.872158976527373,1.9219498896153215,3,2,-4,5,15.605546875010694,13.23576798552494,12.96596448738444,3.078781813403853,3.1,4,66,5
-9.179092268162956,13.12150811338989,-14.821212594212485,1.9691246949274808,3,2,-4,5,12.361260721312958,11.273329728338998,10.977816826383092,3.032862369109768,3.3000000000000003,4,67,1
-14.002487026298525,16.623663748793977,-18.360406127610062,1.851365799711063,3,2,-4,5,17.12715609753086,14.722595800782754,14.461573935242628,3.149254695516848,3.3000000000000003,4,67,2
-8.193927045963342,11.683669470904114,-13.417811273943382,2.111872554724592,3,2,-4,5,11.40750074153476,9.84922380273407,9.588705514457644,2.8909645638650763,3.3000000000000003,4,67,3
-15.662447279194812,16.4611508511819,-18.25551497985214,1.9770845815100897,3,2,-4,5,18.768044635965236,14.537622276613876,14.333485582349754,3.023414963971309,3.3000000000000003,4,67,4
-3.695597111725845,7.526272405588546,-9.206216436457048,2.5995939798892707,3,2,-4,5,7.088152160029733,5.809872293961005,5.506935455329614,2.4188792162227952,3.3000000000000003,4,67,5
-16.60976312361256,17.84521289245344,-19.584372008293357,1.8763985621426873,3,2,-4,5,19.733764971868077,15.940323664749895,15.681373227605318,3.12410928558769,3.5000000000000004,4,68,1
-3.402396366647799,8.865448506793479,-10.521008379943178,2.209119290540735,3,2,-4,5,6.752981615399405,7.176328224438618,6.8483325761265865,2.803987161513259,3.5000000000000004,4,68,2
-11.97679566852018,15.277778754803444,-16.967979304241148,1.8672109122856768,3,2,-4,5,15.147686685312944,13.416285125517902,13.11031860087321,3.1338599623195433,3.5000000000000004,4,68,3
-14.391537063846044,15.77706409845763,-17.562731478509466,1.9880655099485085,3,2,-4,5,17.538067395809595,13.884863766298563,13.67284959790233,3.0127564357910064,3.5000000000000004,4,68,4
-4.874647393126642,7.93354067026788,-9.503666672436292,2.542505066588114,3,2,-4,5,8.262944233670204,6.191816086662616,5.781806636920611,2.468839303735424,3.5000000000000004,4,68,5
-10.672186765555818,14.417460431680984,-16.062116269201805,1.8798495856557875,3,2,-4,5,13.884811985396466,12.595242362072335,12.24581122359203,3.1218327098665086,3.7,4,69,1
-11.20898188263417,15.546760540963223,-17.291373835879924,1.8090230850250104,3,2,-4,5,14.388646447578273,13.701532721233567,13.449822371093772,3.1922780429504756,3.7,4,69,2
-9.8043381634099,15.048476113241694,-16.736380994480577,1.7674031540151225,3,2,-4,5,12.994499137894389,13.22326812519788,12.91600175745668,3.2341430021635356,3.7,4,69,3
-8.271887356841036,12.448163573690298,-14.15262432778992,1.9931311949629271,3,2,-4,5,11.514469993263567,10.64804131090085,10.358813932288337,3.0099231173865957,3.7,4,69,4
-19.275001515278262,20.221974944230432,-21.972497012673504,1.7864315106911597,3,2,-4,5,22.37588123661776,18.29893619587105,18.051006959358343,3.213840372288991,3.7,4,69,5
-19.31591493230427,22.142613344067986,-23.882838265240313,1.6411494924375054,3,2,-4,5,22.4285337072436,20.236398767967163,19.97831778531368,3.35910695331539,3.9,4,70,1
-8.917792163798607,11.388794630872916,-13.094893024778326,2.2402874965719404,3,2,-4,5,12.220416317867626,9.615660142844796,9.329590242803912,2.7644354068729307,3.9,4,70,2
-17.779344751462087,20.956260452890348,-22.659826937937808,1.6553551575507703,3,2,-4,5,20.909129113036208,19.068077113522325,18.773850845437657,3.345022443935888,3.9,4,70,3
-8.788038363521474,12.931406629971296,-14.587693087504446,1.951367121735757,3,2,-4,5,12.053353412034058,11.152434339620289,10.81668540700087,3.0515792392818457,3.9,4,70,4
-12.459959586553149,16.010686078861152,-17.717749986020408,1.829448320468228,3,2,-4,5,15.65669450127105,14.17774820262481,13.88878274274586,3.1718343032741507,3.9,4,70,5
-8.318777493432732,13.229762441735955,-14.870554008595388,1.877463299330288,3,2,-4,5,11.603901986677586,11.476579282109526,11.12611448166802,3.12577857720882,4.1,4,71,1
-11.697210318379382,15.549176827197575,-17.279796668603584,1.8410928678690064,3,2,-4,5,14.904220008600428,13.718730164895248,13.453244863799007,3.16028386589512,4.1,4,71,2
-9.73029539398754,17.113344961869533,-18.81073683220372,1.5504000681338947,3,2,-4,5,12.92992965124206,15.317589909889811,15.019620022920115,3.450792916787938,4.1,4,71,3
-14.969140205684182,17.256872059136732,-19.001749470248495,1.843258824695262,3,2,-4,5,18.166967368196374,15.41118440902223,15.159325377828374,3.157632617814673,4.1,4,71,4
-23.17550480076899,23.536029150025698,-25.31855377419445,1.7059689629458172,3,2,-4,5,26.244247689131637,21.58937491947501,21.372759262089577,3.2941558000495688,4.1,4,71,5
-18.41019379744624,23.96982897775151,-25.674276501509333,1.47489121428126,3,2,-4,5,21.540625556411285,22.09307550797032,21.799565423773675,3.525387703310052,4.3,4,72,1
-11.260641056459914,16.438603245718827,-18.140076867404343,1.707242399502361,3,2,-4,5,14.49670494538048,14.65266386375548,14.358767798182416,3.2942577056267512,4.3,4,72,2
-25.813587409485415,25.573201075122007,-27.292754976107503,1.6678821927427196,3,2,-4,5,28.92720792865046,23.660961886601623,23.381968074430365,3.3322748158681987,4.3,4,72,3
-12.941361143930372,14.813986756852302,-16.57637978174939,2.0178760066300616,3,2,-4,5,16.225854085486453,13.026343713435695,12.793066146758353,2.9842449901372765,4.3,4,72,4
-11.219166072537153,13.59694071590944,-15.32794971011581,2.046613261597497,3,2,-4,5,14.527728451105624,11.822351073327246,11.559331941095865,2.955946175046758,4.3,4,72,5
-10.68582531668272,15.107793133721788,-16.793652815218913,1.8184370704897868,3,2,-4,5,13.964176314833884,13.344417051703797,13.036781374130978,3.183645455091977,4.5,4,73,1
-16.73651322203042,19.762985376730203,-21.504453951926138,1.711414910106792,3,2,-4,5,19.943179957879977,17.934823738533947,17.67934358050512,3.289278093243835,4.5,4,73,2
-20.932122221203667,22.92120106211711,-24.717872321908477,1.665283916788093,3,2,-4,5,24.082148571083778,21.043526950230536,20.841788934177018,3.3350363190284447,4.5,4,73,3
-13.673516787170852,19.01770065272788,-20.7175164981683,1.6016067929167688,3,2,-4,5,16.869218417111966,17.196958206747595,16.90054460275986,3.3991598102732703,4.5,4,73,4
-6.767397269028831,12.09889351218398,-13.751869328639264,1.934148451647404,3,2,-4,5,10.127889737129331,10.41534216261994,10.080246231510866,3.0714154717718363,4.5,4,73,5
-13.880707880330853,20.807514511995304,-22.455087606947544,1.4769537473018437,3,2,-4,5,17.073218126288882,19.002774679228825,18.65482655649206,3.5237292015949926,4.7,4,74,1
-16.347924324406375,20.56851505717753,-22.32810905281807,1.632195545531375,3,2,-4,5,19.55056670218927,18.74484228961791,18.50697623285226,3.368452765979564,4.7,4,74,2
-21.7467804206689,23.69901405438273,-25.4761033726493,1.6454122512160176,3,2,-4,5,24.9140577232772,21.836564395670305,21.615364918905986,3.35492334065464,4.7,4,74,3
-17.017276058497693,20.25629514889661,-21.997035191078098,1.677568228543779,3,2,-4,5,20.223449851982735,18.428141926617812,18.17178401771423,3.323054636618996,4.7,4,74,4
-16.118589170370193,20.429831250326817,-22.136537677827423,1.618362839318516,3,2,-4,5,19.338238391510565,18.62528430605042,18.335877221523265,3.382342580279057,4.7,4,74,5
-19.40050333802525,24.323792167272487,-26.02691941688223,1.5006214981436836,3,2,-4,5,22.58068205033955,22.489426293212382,22.19536167065835,3.4997377743977216,4.9,4,75,1
-14.436527927770616,21.48092123761296,-23.206032606218105,1.4706238346539662,3,2,-4,5,17.658184828760618,19.701794471949587,19.430306340467816,3.5300993447313873,4.9,4,75,2
-18.49139652002474,22.12019482054169,-23.90504724819964,1.613111748385574,3,2,-4,5,21.6930664781318,20.291154784402092,20.078339410095666,3.3873611816110105,4.9,4,75,3
-11.656700881227104,14.652398432431276,-16.475030286976267,1.9659517450957344,3,2,-4,5,15.00718649175126,12.920141936293666,12.746787480268653,3.036790461436744,4.9,4,75,4
-9.462707069381366,13.276903849061345,-15.032851353305306,1.98879514527583,3,2,-4,5,12.88757614546626,11.60816445455698,11.372015834161912,3.0157277982705195,4.9,4,75,5
-8.124495840967631,11.55075323482894,-13.171783710178737,2.1172097361539373,3,2,-4,5,11.664438761472956,9.947638489135828,9.585480466273069,2.8916664474483693,5.1,4,76,1
-16.967935699187336,21.714576014088937,-23.471993826787617,1.5755059792191248,3,2,-4,5,20.18757302442114,19.912662815599315,19.6729756346322,3.4251213429019947,5.1,4,76,2
-16.038284815468735,24.13250631815767,-25.89449758588424,1.3821133746265362,3,2,-4,5,19.22298644252319,22.32515085803087,22.08952487475402,3.618333187833543,5.1,4,76,3
-12.748111790155448,20.296978843891488,-21.918132169030045,1.454587435967875,3,2,-4,5,15.999561858119662,18.55923906076606,18.186771414402205,3.546400359019605,5.1,4,76,4
-22.255231400267196,26.306132722200157,-28.034700441439547,1.4969735020124093,3,2,-4,5,25.445983108605724,24.475960332805116,24.206780901168816,3.503313707208692,5.1,4,76,5
-12.940831367315148,15.840630059415211,-17.54598201706158,1.8724414867913897,3,2,-4,5,16.34690174572154,14.160727804238912,13.873125175791742,3.1303193051249805,5.3,4,77,1
-22.251852891657816,27.634313149635016,-29.4358482252074,1.4350682162292523,3,2,-4,5,25.419562020507517,25.78930956847759,25.5923983146323,3.565162146982499,5.3,4,77,2
-27.50716264742315,30.08607186998812,-31.86158572208076,1.4874627342733822,3,2,-4,5,30.60696011654484,28.17157883489708,27.94812200120571,3.5126351434961967,5.3,4,77,3
-14.070923683503365,19.169732234820422,-20.899837149770516,1.6264346099511684,3,2,-4,5,17.362611139236662,17.431664583283226,17.16672087182393,3.3747363475737195,5.3,4,77,4
-17.43502071309026,24.513913078937968,-26.220051569508687,1.4082766581110024,3,2,-4,5,20.658066441131663,22.73783862052564,22.447259607603012,3.5922148072159916,5.3,4,77,5
-27.583916563818654,29.222470574812483,-30.994943687715416,1.530020816944181,3,2,-4,5,30.74196382340547,27.35357133192621,27.127526995451667,3.470139110597646,5.5,4,78,1
-25.54110152766046,32.50043159658762,-34.26610156812084,1.320411053526945,3,2,-4,5,28.632495097884913,30.589996631830154,30.35653014984819,3.6796733091598206,5.5,4,78,2
-16.1911160978888,21.180187631935915,-22.80066640281187,1.5499119146755211,3,2,-4,5,19.480486136844423,19.44453035702663,19.071129322551904,3.450911300395093,5.5,4,78,3
-25.038549460881377,26.925479321515223,-28.67082680002348,1.5654409972361107,3,2,-4,5,28.256808248646216,25.106787493139663,24.85487636937101,3.434847287594536,5.5,4,78,4
-17.89248405649585,22.227941478510505,-23.98420201446962,1.5773199065875083,3,2,-4,5,21.1698515924242,20.47368818417627,20.23355251791635,3.423393449092606,5.5,4,78,5
-11.6833666881204,18.804108146532336,-20.508775618544963,1.5277161362472031,3,2,-4,5,15.032307684124298,17.156765668156822,16.868159851377236,3.474073159407551,5.7,4,79,1
-14.425798255175904,21.648612012490663,-23.32954903552079,1.4530446914900956,3,2,-4,5,17.737401301482187,19.961242765292532,19.648016293288148,3.5479475416380266,5.7,4,79,2
-19.365361297615294,26.272235004413528,-27.973568341473065,1.3913713600463804,3,2,-4,5,22.58406910817633,24.49089097029768,24.19563391803203,3.609019899482553,5.7,4,79,3
-12.19655662877527,19.35589625152138,-21.032636070643736,1.508207688714586,3,2,-4,5,15.53638479896346,17.697862681237016,17.381629916087185,3.493469985646884,5.7,4,79,4
-16.756463639489667,21.19925846837014,-22.88108734179284,1.5818597544651405,3,2,-4,5,20.05514596086942,19.458948458812458,19.145789756142104,3.4189271677710344,5.7,4,79,5
-14.539797629794103,23.334775472686506,-25.059386007449454,1.369009463914404,3,2,-4,5,17.83232425448091,21.652229725257055,21.381476396665413,3.631880991099975,5.9,4,80,1
-24.672371813923448,31.29468293915277,-33.06523955486242,1.3450770391907192,3,2,-4,5,27.843559508992065,29.461609504237,29.23382177115455,3.6551026475412782,5.9,4,80,2
-21.96824371867567,27.87579679296363,-29.52052026826243,1.394958811541274,3,2,-4,5,25.214316220857658,26.114902550793047,25.763684160610552,3.6054023919266016,5.9,4,80,3
-26.72441583739953,34.04019237570125,-35.77225846816641,1.2932136994510732,3,2,-4,5,29.894706015814997,32.209480761735755,31.943458563461004,3.706919972132225,5.9,4,80,4
-20.076832452294273,25.538998649482267,-27.302179142922295,1.4703770073378628,3,2,-4,5,23.32207924511228,23.7693914812189,23.53533377509664,3.5301009380278505,5.9,4,80,5
-28.94545526783509,33.87210752827411,-35.652950897256524,1.3703796078827335,3,2,-4,5,32.124228094538815,32.039039531318586,31.82126749963196,3.6297636990917863,6.1,4,81,1
-14.570680905439875,22.163715689215856,-23.83580463202094,1.4316627565822897,3,2,-4,5,17.889635847294215,20.486070694771865,20.16419563359421,3.5693254030881727,6.1,4,81,2
-2.4741710831075996,9.074069981072071,-10.636512917368226,2.150934898452767,3,2,-4,5,6.48034809142405,8.053733621097486,7.6740872715183475,2.9122253133729443,6.1,4,81,3
-28.73838789008826,34.75511848041273,-36.5696271667786,1.3352905007010627,3,2,-4,5,31.879106509552184,32.890093805245115,32.70568124386303,3.664814525982771,6.1,4,81,4
-22.761332492259715,27.186074665423135,-28.960846708150783,1.4757613448974205,3,2,-4,5,25.96302407625728,25.366915338335257,25.143743548466947,3.524524980021896,6.1,4,81,5
-28.381398718894825,34.19850195156129,-35.972037811974396,1.3424584009684606,3,2,-4,5,31.56150154125916,32.3713595909465,32.14666727843254,3.657684885127376,6.3,4,82,1
-31.76452905544727,37.64346851459183,-39.407235031104094,1.302498878753651,3,2,-4,5,34.90019047856275,35.77246155841053,35.537416742699584,3.697575778530272,6.3,4,82,2
-18.610115466887745,25.559209894336743,-27.27331343707804,1.4043778954779529,3,2,-4,5,21.89367707055997,23.84120854534243,23.559197308157483,3.5961709558967727,6.3,4,82,3
-26.703302368267643,36.57289525243488,-38.27675522163695,1.2048605621848187,3,2,-4,5,29.878257171549823,34.763427651305825,34.46926344210046,3.795270663293619,6.3,4,82,4
-20.37512378847153,30.368370226046633,-32.13441178519722,1.2457622986770442,3,2,-4,5,23.60722007645524,28.61813642775337,28.386679570195213,3.754518368496502,6.3,4,82,5
-13.198187252783752,20.91040322957452,-22.56217546477879,1.4421747904146731,3,2,-4,5,16.616486175980736,19.333728190896693,18.993977274364436,3.5593445564175283,6.5,4,83,1
-25.26085919399986,28.92763932014425,-30.605098960452015,1.456575694132804,3,2,-4,5,28.491109369413575,27.13170126567667,26.812328079860496,3.5436775168253236,6.5,4,83,2
-9.290167438160548,16.626997892535094,-18.214405490363717,1.5674447153399662,3,2,-4,5,12.83905075646386,15.183382828622062,14.787296645181048,3.438610446321625,6.5,4,83,3
-9.803240216272322,15.434858480167478,-17.15279225207719,1.7590270592381951,3,2,-4,5,13.45653289600902,14.01345709214046,13.743773278576889,3.249131923916771,6.5,4,83,4
-24.90058004291763,34.73804012392076,-36.44518499921044,1.2149362874912724,3,2,-4,5,28.105935334922993,32.96044721828383,32.6698915743044,3.785240328599405,6.5,4,83,5
-31.075165327110984,38.28846318968756,-40.05189324138808,1.266653533700646,3,2,-4,5,34.26877707700017,36.479548816682986,36.244753759178586,3.7334545685935656,6.7,4,84,1
-21.57095525285991,29.876442555796864,-31.65940637549252,1.310558712614586,3,2,-4,5,24.75867411157473,28.06782440417224,27.852691947444495,3.689673506042592,6.7,4,84,2
-14.868258954348056,23.728112507141095,-25.383843854806383,1.3416879465344167,3,2,-4,5,18.22520641431243,22.11351175058803,21.776107074849534,3.659279887882603,6.7,4,84,3
-16.61524440517987,24.299058810901258,-25.88148878271384,1.3649831916927058,3,2,-4,5,19.95876211106974,22.649432618120855,22.239398736169147,3.635779554330971,6.7,4,84,4
-24.473000435251212,34.70220898661284,-36.4894656706228,1.2100579311304696,3,2,-4,5,27.655026767861745,32.90041731592649,32.68937585811112,3.790098105800107,6.7,4,84,5
-23.12998819810528,33.80799701284515,-35.606457420548296,1.2089309596253357,3,2,-4,5,26.357334765837727,32.059958604685896,31.86052190723615,3.7912985174560982,6.9,4,85,1
-30.235581334899,39.37163049150272,-41.13396782447946,1.2119280118164766,3,2,-4,5,33.430775273651456,37.57450476487765,37.33847609617821,3.788183078536021,6.9,4,85,2
-20.22889936629804,30.909313013505457,-32.5794295871736,1.2092543251559178,3,2,-4,5,23.46943794495772,29.18021789861037,28.853886006324736,3.791048421740077,6.9,4,85,3
-35.55569249472151,41.382574526123655,-43.17345332459449,1.2831596063835935,3,2,-4,5,38.670260836402015,39.492324036935706,39.284011202799,3.7168928488453647,6.9,4,85,4
-34.44694244334189,43.98480784949783,-45.720186551697246,1.180801155448418,3,2,-4,5,37.581331932720246,42.12733625279801,41.86404251881364,3.819256121682742,6.9,4,85,5
-28.91549446499693,41.26496386199043,-42.985353752292426,1.1221125721618992,3,2,-4,5,32.07765013436663,39.45111440770367,39.17335020229344,3.877975312651704,7.1,4,86,1
-21.00311664378965,29.22443071173833,-30.942168840109648,1.3033850595094958,3,2,-4,5,24.315875388028708,27.54379845725032,27.265707503018135,3.697012712236874,7.1,4,86,2
-34.059815169159045,38.02782062046436,-39.86532063138405,1.3606819173259428,3,2,-4,5,37.16147727053052,36.12040565484642,35.95852643175971,3.639374236695792,7.1,4,86,3
-31.171440326132963,44.59004053512331,-46.33408659235767,1.0913845124924495,3,2,-4,5,34.30972340300749,42.750431808523174,42.49573198519223,3.908674858448101,7.1,4,86,4
-37.775129278178845,48.9839664358962,-50.70381320430494,1.1250799326821601,3,2,-4,5,40.90633978697597,47.125821363813245,46.84697195569336,3.8749580523739273,7.1,4,86,5
-28.03582843283559,37.79388031319075,-39.48513570579482,1.1945846245748202,3,2,-4,5,31.277302405714035,36.051549278917946,35.7458404160709,3.805566467694862,7.3,4,87,1
-38.00459911993827,43.875548098457585,-45.672369906046875,1.261196639139697,3,2,-4,5,41.098179907477785,41.96466809711924,41.76202425652769,3.7388361314734646,7.3,4,87,2
-25.14883515677521,35.70248100349167,-37.45431177638996,1.1949602628108666,3,2,-4,5,28.38872091209504,33.96499120036579,33.719107114056264,3.805230291201748,7.3,4,87,3
-30.801694343289316,41.57629719681672,-43.32023657337909,1.164461682890126,3,2,-4,5,33.96281033835692,39.75233464723646,39.497699415060865,3.8356220512785386,7.3,4,87,4
-18.99461408339148,28.07653433116705,-29.787985455374315,1.295174137140475,3,2,-4,5,22.362327908267744,26.469547038698433,26.186116848174713,3.70543020286846,7.3,4,87,5
-24.37173622487738,34.894915931907214,-36.56466412786702,1.1902398024315215,3,2,-4,5,27.645652790468944,33.197090771832634,32.87063483835672,3.809993327092851,7.5,4,88,1
-37.438124875955296,47.70361217197339,-49.44634235056304,1.1488108122604708,3,2,-4,5,40.58198273967661,45.85634949116108,45.6001321011907,3.851235416204874,7.5,4,88,2
-32.53278002193864,49.59710654192358,-51.323754861107936,1.007859316045247,3,2,-4,5,35.6501312593944,47.74289954015544,47.47060018792901,3.992179677208243,7.5,4,88,3
-31.063244864898177,39.72576764501693,-41.41937303255545,1.2125942122166604,3,2,-4,5,34.24606852214549,37.91290234020751,37.608452570637745,3.787495981640949,7.5,4,88,4
-18.388399671635177,28.104173924639348,-29.766067982664357,1.2688227548631048,3,2,-4,5,21.76324622587591,26.512094922702342,26.17993738040588,3.731832821440749,7.5,4,88,5
-16.635311817879195,24.61450535008382,-26.336418429618753,1.3842808286517156,3,2,-4,5,20.10356590335939,23.093779350534906,22.82202711720613,3.6169204111953217,7.7,4,89,1
-30.67099763560589,36.71379791951003,-38.49190828404792,1.3107136991242871,3,2,-4,5,33.92766026862239,34.95917432855266,34.739350942363956,3.689455937833196,7.7,4,89,2
-31.63827322450098,44.971531729727154,-46.680649959751,1.0884972520889191,3,2,-4,5,34.82890780622045,43.19105402958153,42.902003836037125,3.911581530049262,7.7,4,89,3
-29.934997634673504,42.59785074368871,-44.27199164870708,1.10917914762485,3,2,-4,5,33.15087359925216,40.84546467364078,40.522091318471325,3.890923267723342,7.7,4,89,4
-28.54785130989288,38.32430443089841,-40.05217411339714,1.2024910550562895,3,2,-4,5,31.800471429062377,36.59522301611969,36.325655485445374,3.797677967575274,7.7,4,89,5
-8.008812708215757,15.198431793604788,-16.80703230325627,1.6916482381159987,3,2,-4,5,11.99303039278033,14.204151125303763,13.843069404318308,3.3297644498766785,7.9,4,90,1
-25.76008585572109,38.99871797675672,-40.70078193109519,1.1086382612638608,3,2,-4,5,29.034721532937528,37.32202975277693,37.02713009592056,3.891546743170364,7.9,4,90,2
-22.045201360672472,32.614070999158834,-34.30158307249619,1.2038434127618465,3,2,-4,5,25.394894493358077,30.998956965064608,30.69116579783803,3.7965414580623063,7.9,4,90,3
-34.864948157001464,45.83016229857668,-47.60364111444953,1.1477827911122518,3,2,-4,5,38.06446558749643,44.0469414401163,43.82189704785975,3.8522969694553297,7.9,4,90,4
-24.16454402440288,37.61184751058538,-39.26735774673513,1.1025115646395045,3,2,-4,5,27.429122837618607,35.92881734384057,35.58782098007853,3.897683791599015,7.9,4,90,5
-40.332850931651834,52.419499329930176,-54.19394818411522,1.10156760753185,3,2,-4,5,43.429195806618566,50.52416350411401,50.29925258894565,3.898455585376572,8.1,4,91,1
-28.27033875600676,36.81265781554321,-38.46120553607506,1.2298389136254595,3,2,-4,5,31.558324702636643,35.10958178896375,34.761458156037726,3.770344957764025,8.1,4,91,2
-19.133269395261852,29.60365487484873,-31.244617118046353,1.2293849856133443,3,2,-4,5,22.55424652752383,28.081201879763594,27.72870659113452,3.771286893141359,8.1,4,91,3
-40.878484287602966,53.31313739191951,-55.1382673194431,1.0991276439862925,3,2,-4,5,43.985847035812576,51.43114955631019,51.256934299861726,3.9008984956981094,8.1,4,91,4
-18.02699173761823,32.40389206092553,-34.042532588983406,1.085704385352173,3,2,-4,5,21.34936079961042,30.820196718168123,30.464043609192633,3.9147111439913336,8.1,4,91,5
-37.09112148168568,45.6453174762917,-47.40941052472423,1.1928616998977035,3,2,-4,5,40.211666890886,43.766930466623194,43.53191577015441,3.8071771759558897,8.3,4,92,1
-39.01304752049097,56.98288921154645,-58.75238333826766,0.9970282771673684,3,2,-4,5,42.13243794666965,55.12972113758757,54.90006091515449,4.002999740269405,8.3,4,92,2
-31.43970637945137,48.31907271859221,-50.05011383581452,1.0135774913928026,3,2,-4,5,34.65518817096572,46.58716234860698,46.320343014855375,3.9865030353077135,8.3,4,92,3
-17.92851547364871,31.023503792068137,-32.7513526226266,1.1448926794834215,3,2,-4,5,21.320450221638833,29.50193729259693,29.234817106793248,3.855699343324656,8.3,4,92,4
-18.176382159073295,27.79199760950257,-29.49394283463277,1.2810526058784142,3,2,-4,5,21.63266130644265,26.282577227877912,25.990561741834924,3.7198466720718777,8.3,4,92,5
-26.951231804138413,44.91119555917436,-46.549644038756746,0.978984526300825,3,2,-4,5,30.179980114399395,43.21328961766001,42.85512514851848,4.021118437480491,8.5,4,93,1
-29.8068073953074,44.40845091018694,-46.082390001647504,1.061799146195333,3,2,-4,5,33.08333029680029,42.74049471485057,42.41745648512666,3.938328776680415,8.5,4,93,2
-35.95684628727975,49.39954998911519,-51.09613504671582,1.0757564564438964,3,2,-4,5,39.182281971441235,47.65452669569159,47.353310608822426,3.9243068432616206,8.5,4,93,3
-41.51761577523789,57.540696775060994,-59.320507895581315,1.0275820814277214,3,2,-4,5,44.64849061636488,55.69288535662174,55.47352468945382,3.9724438684997705,8.5,4,93,4
-28.68148730560308,41.22949442337691,-42.97756382457017,1.1175316504515425,3,2,-4,5,31.950395496237217,39.5375897667339,39.28794826835213,3.8826194654479855,8.5,4,93,5
-26.36441087490454,44.09057301257033,-45.85063762475855,0.997969914302128,3,2,-4,5,29.609729806233915,42.408235481005896,42.170329767412646,4.0021573392854135,8.7,4,94,1
-25.515546030484117,40.03512472873655,-41.74457337083261,1.0751716215033902,3,2,-4,5,28.85121360693154,38.44275991637424,38.1561088872054,3.92504395570832,8.7,4,94,2
-23.48214059640247,35.052719554646046,-36.770556403097025,1.1672402840029723,3,2,-4,5,26.882665970904338,33.50376379639477,33.22618456407735,3.8331072202126744,8.7,4,94,3
-41.7859856154233,53.07702792190145,-54.901305039786,1.1213100203403827,3,2,-4,5,44.93891153521418,51.241225741197034,51.066234072134336,3.8787273086989327,8.7,4,94,4
-34.308982690112956,56.02464582295723,-57.76770236621175,0.9247753198180856,3,2,-4,5,37.46561034159747,54.23496521799585,53.97930827150748,4.075263415094558,8.7,4,94,5
-43.7839893147467,56.163785620964155,-57.92575432301099,1.0941770401263666,3,2,-4,5,46.97272221925536,54.36914625770963,54.13223701217184,3.905861505308642,8.9,4,95,1
-30.90137113580624,45.179751290934625,-46.88209315854163,1.0699822028052624,3,2,-4,5,34.13290291707689,43.45172706549099,43.15636356513475,3.930113956162763,8.9,4,95,2
-34.88685187543137,52.686344209498664,-54.508078484502505,1.0031506222472897,3,2,-4,5,38.02335170539117,50.85596942106832,50.67850129409804,3.9968910717735993,8.9,4,95,3
-23.0840905925191,38.375737675146866,-40.063855603853995,1.0539186312811524,3,2,-4,5,26.42202613645049,36.80323705170873,36.49565555573642,3.946347924194655,8.9,4,95,4
-34.79751230430997,49.0518699630558,-50.78916844596721,1.0651200285731934,3,2,-4,5,37.98417372544417,47.26528993046316,47.00408427982672,3.934937578350752,8.9,4,95,5
-49.097414829901375,58.25204134466416,-60.05767465016572,1.147139901194577,3,2,-4,5,52.22119659325721,56.37851302524113,56.18479242583728,3.8528818162884426,9.1,4,96,1
-36.83193160771354,59.00349335652008,-60.74038944446621,0.9234026161554144,3,2,-4,5,40.00434468671769,57.232690869832055,56.97076360749662,4.0766344424882375,9.1,4,96,2
-42.401787159061215,58.01125572551574,-59.81360646637383,1.037309644910211,3,2,-4,5,45.46504140870019,56.08437313856859,55.887071268510894,3.9627036417004766,9.1,4,96,3
-41.873924011527045,50.970630715619635,-52.76728137970151,1.1664037125160691,3,2,-4,5,45.062087149747896,49.162325928814525,48.9602441100487,3.8336415661370262,9.1,4,96,4
-38.82124218428407,51.145197067878094,-52.92315291078722,1.1033340615889369,3,2,-4,5,42.01175731337775,49.354290528012704,49.13362337245415,3.896717251040171,9.1,4,96,5
-27.339517544376527,40.20800971081229,-41.85694656795223,1.104554385042454,3,2,-4,5,30.709565955763193,38.63207463191204,38.28570475478229,3.895651773848989,9.3,4,97,1
-46.12941163565443,60.05015411963903,-61.78984477366928,1.0606327110163776,3,2,-4,5,49.32581711655444,58.27038090140898,58.011253363157394,3.9394029726800217,9.3,4,97,2
-40.9083381486973,56.51144190951956,-58.32398028778045,1.0391723393186985,3,2,-4,5,44.04674379904169,54.67182900592321,54.485137716844946,3.960858236655896,9.3,4,97,3
-16.814556797019335,28.06267920531288,-29.773724398361455,1.230168959631644,3,2,-4,5,20.38307822849727,26.715620007237348,26.434485212340405,3.771167816535241,9.3,4,97,4
-32.641702518606124,56.33128238554808,-58.07858288843928,0.893821430111405,3,2,-4,5,35.828174705666804,54.59269070648032,54.341723352734014,4.106228404741824,9.3,4,97,5
-30.199792857404013,50.34375603241177,-52.05007225548184,0.948672240606024,3,2,-4,5,33.47310487225206,48.709292966214214,48.41849979724085,4.051428755117284,9.5,4,98,1
-36.42457472605762,51.27201737054258,-52.98849056181574,1.0512376851062588,3,2,-4,5,39.720682962309446,49.615286244554326,49.33425992931822,3.948850166776467,9.5,4,98,2
-31.27776741958804,51.55561091758658,-53.30444723881196,0.9506271157297976,3,2,-4,5,34.49775597631903,49.84892551407516,49.5995008926435,4.049448744637993,9.5,4,98,3
-37.06068182115205,59.26542488234306,-61.02881439261385,0.9265249253979344,3,2,-4,5,40.225065785466434,57.48499894726304,57.24949079156466,4.073512345014827,9.5,4,98,4
-21.797547655400273,35.2723237267629,-36.928372509384545,1.1032687105751668,3,2,-4,5,25.260771422071315,33.83241639379624,33.49514167350736,3.897158838185084,9.5,4,98,5
-23.572921960387703,36.80921095882895,-38.52511955956796,1.118331920853141,3,2,-4,5,27.013328156419007,35.330586632035676,35.05118805397054,3.882034266511796,9.7,4,99,1
-42.13827504938285,62.0138867136515,-63.79709434137868,0.9642668476680196,3,2,-4,5,45.25821455456888,60.162410716835026,59.94641982987427,4.035753099822351,9.7,4,99,2
-28.70161846512661,41.397438146685595,-43.11768030563212,1.113584243963185,3,2,-4,5,32.12631897667596,39.88560092886312,39.60996599970761,3.886656339829945,9.7,4,99,3
-33.80677562593011,58.16963885653327,-59.90421764740206,0.88774538921198,3,2,-4,5,37.00613246449077,56.45063699555458,56.186793932091405,4.112304854005313,9.7,4,99,4
-15.137710178109195,25.33571317716068,-27.0249224789184,1.2911024543649183,3,2,-4,5,18.868633931255783,24.14217594165039,23.842556864323807,3.7112013233555703,9.7,4,99,5
-32.333181391510024,50.89492597736082,-52.70593695193387,0.987238931780652,3,2,-4,5,35.598186521476435,49.23016873711181,49.042807545204745,4.012849275316579,9.9,4,100,1
-18.079336991100885,34.446243678151625,-36.11321296486542,1.0337542390198604,3,2,-4,5,21.55691128409045,33.09249707042724,32.766775874825875,3.9668135031959086,9.9,4,100,2
-25.22086884674359,36.19145602183329,-37.79642664084088,1.1686732885151692,3,2,-4,5,28.72075567762756,34.74634995535777,34.35884449140188,3.831728044852012,9.9,4,100,3
-33.53738437307249,59.60677899741871,-61.38033330244691,0.8608714445896879,3,2,-4,5,36.73208985526584,57.88911850780762,57.6641969767805,4.139173649334196,9.9,4,100,4
-47.97064950909702,68.73003126655658,-70.49533934148099,0.9526272016495536,3,2,-4,5,51.09780846196253,66.88624731130028,66.65242009370736,4.047387812549232,9.9,4,100,5
3.271003530646331,1.7880225062945485,-3.7548919431347865,4.575004441192962,3,2,-4,5,0.2882287680826696,0.22103233427827443,0.2596380509332435,0.4337735989498866,0.1,5,101,1
3.213488267554501,1.7431639072445626,-3.824380230569538,4.6090779918815965,3,2,-4,5,0.2347487885288639,0.264720875989528,0.19669678826272644,0.4008314476599618,0.1,5,101,2
3.2625232016609695,1.795178101265329,-3.753682676210068,4.589346887148815,3,2,-4,5,0.28015528570624365,0.21385562314284295,0.26078379099847265,0.4195490124774869,0.1,5,101,3
3.2418447978432137,1.748275861890331,-3.805708607023932,4.588316144755322,3,2,-4,5,0.260756560368899,0.25941489773574666,0.2130286821189969,0.4207344424360048,0.1,5,101,4
3.289781917539804,1.7957520276189565,-3.739724874596914,4.565293205180293,3,2,-4,5,0.3056364760862001,0.2130250696192797,0.27381402410537214,0.4428150742626567,0.1,5,101,5
3.246308162913658,2.1953110820711905,-3.732222612151729,4.260235708863771,3,2,-4,5,0.34402535394459505,0.24244631761524532,0.3183886147635716,0.7564404919975146,0.30000000000000004,5,102,1
3.3253222390370887,2.2071217503036205,-3.721400246871497,4.223104663498253,3,2,-4,5,0.40291577854378097,0.2569250260196141,0.3302199397367988,0.7945952017755176,0.30000000000000004,5,102,2
3.381422080431939,2.2122572216108605,-3.7426342982324137,4.1568489205930605,3,2,-4,5,0.44719394415029784,0.2641274840774717,0.31785799114492047,0.8602444564065519,0.30000000000000004,5,102,3
3.287977177233274,2.1693813943357965,-3.7149039314712775,4.285542539169352,3,2,-4,5,0.3698803387754231,0.2291666805049785,0.3375317951463803,0.7339420778133571,0.30000000000000004,5,102,4
3.4041147888740326,2.271202523110743,-3.787770228979045,4.035780353715149,3,2,-4,5,0.47116425080624774,0.31082791398569315,0.28063070501469695,0.9781736657517538,0.30000000000000004,5,102,5
2.503814515960992,1.77450957784869,-3.172320617186098,5.325006679087502,3,2,-4,5,0.6652407594859092,0.2764175765037473,0.850328217371833,0.3846212993714877,0.5,5,103,1
2.6164989152862295,1.89492073904724,-3.4425670453273685,5.093764866173448,3,2,-4,5,0.5578394125423406,0.21955247436380557,0.5975931641405767,0.23547413498985428,0.5,5,103,2
2.646758978463636,1.9077783861096391,-3.3950916036821046,5.04827548812377,3,2,-4,5,0.5428413073427217,0.21206400554636415,0.6433311489420248,0.2263691573847978,0.5,5,103,3
2.475859283799343,1.7806749244536455,-3.2326198883585824,5.3926174641507165,3,2,-4,5,0.6724652997827774,0.274482491887765,0.7899628523279795,0.4401012766748848,0.5,5,103,4
2.555351121962228,1.844947524232211,-3.3034694116885164,5.1921435922278185,3,2,-4,5,0.6059680090178594,0.23443841007305036,0.7250807686668381,0.2815854024942784,0.5,5,103,5
2.1736793128183804,1.6054800650087129,-3.0495414757843444,5.980417475208876,3,2,-4,5,1.0191652995710734,0.4398198521268355,0.976207263054684,1.009017474977581,0.7000000000000001,5,104,1
2.0311175570815023,1.4346013418441987,-2.8211860622612734,6.558723754444685,3,2,-4,5,1.1497088175274162,0.5888892205987876,1.194711718007169,1.575661142664516,0.7000000000000001,5,104,2
2.162612754115189,1.5816553174069106,-3.0120412295154466,6.064880526585346,3,2,-4,5,1.032524267629226,0.45952589900662066,1.0114540937437275,1.0913577022432357,0.7000000000000001,5,104,3
2.208322484464692,1.6118176576571988,-3.035462577651125,5.922316480519109,3,2,-4,5,1.0021482672272684,0.4387405076790661,0.9927076578847608,0.9581373092216584,0.7000000000000001,5,104,4
2.198673067337522,1.5906697998130008,-2.992067443245845,5.972858967381333,3,2,-4,5,1.010931992125653,0.4542639504038384,1.0342376531372517,1.0053991739284935,0.7000000000000001,5,104,5
2.031768296631343,1.5342816485526922,-2.9688460399874876,6.343266549748959,3,2,-4,5,1.2444187056437437,0.5235292597977472,1.0636383648438543,1.3753913326224705,0.9,5,105,1
2.0256920597982284,1.5575890661784415,-2.9994812492789156,6.205799073935966,3,2,-4,5,1.2475713786144358,0.5065799212268834,1.0369205360915064,1.2428760861031571,0.9,5,105,2
2.0635653848584914,1.55706681830216,-3.013372238540194,6.209153116446604,3,2,-4,5,1.2148425114155816,0.5093366010783408,1.0234893038859358,1.2485468368352803,0.9,5,105,3
1.9671233481266497,1.5038320541098575,-2.9576114384017553,6.4926233253713415,3,2,-4,5,1.2918472587574656,0.5504730436254476,1.073127677140406,1.5230185414750317,0.9,5,105,4
2.018970729640616,1.5237231902994937,-2.9276252597119883,6.300335841798666,3,2,-4,5,1.2613860884613646,0.5330143481795651,1.105335164167569,1.3332464508880268,0.9,5,105,5
1.826479362631096,1.418415960874929,-2.842844039698993,6.846534321950305,3,2,-4,5,1.53238897072249,0.6376229404943881,1.1925289020342014,1.875710472720351,1.1,5,106,1
1.600379027654986,1.336694407865613,-2.7786826972932195,7.304596862057838,3,2,-4,5,1.727991662094621,0.7031611504171423,1.248570274790447,2.3238779639978437,1.1,5,106,2
1.515336866199559,1.2252648825542416,-2.607779448725189,7.9752518090032964,3,2,-4,5,1.784117455154327,0.8012874861510795,1.410503797982859,2.9901754008499206,1.1,5,106,3
1.8302234640246209,1.436764885594483,-2.86411790765651,6.759058852629672,3,2,-4,5,1.5054968766823376,0.6223230182544756,1.1715444054084163,1.7909981604798797,1.1,5,106,4
1.955218503128452,1.5618064840710295,-3.035087894657657,6.30530362762516,3,2,-4,5,1.4214445397960471,0.5281345507985433,1.01483387345484,1.347541377063655,1.1,5,106,5
1.61960716112569,1.314724442665587,-2.7488117976322832,7.411412354869393,3,2,-4,5,1.7975422173750824,0.7368447066926491,1.285017664861374,2.4380680767551093,1.3000000000000005,5,107,1
1.7141108648668382,1.483734302706735,-2.936042475571959,6.647863611469613,3,2,-4,5,1.7182919179175689,0.6032970501777322,1.1159285017781633,1.6860433159721164,1.3000000000000005,5,107,2
1.2533587251909677,1.2038180211012093,-2.601313151488682,8.167739316295474,3,2,-4,5,2.100634404700848,0.8292172298573597,1.4224886476185152,3.1846293634183147,1.3000000000000005,5,107,3
1.4883335702660283,1.330549663635636,-2.7964280875914853,7.469783550482278,3,2,-4,5,1.8887470296829276,0.7228544740515777,1.2382120487403423,2.4957348996245545,1.3000000000000005,5,107,4
1.55932280762257,1.3479268696500937,-2.7221009503127553,7.261725306332531,3,2,-4,5,1.8372298779163856,0.7086578347690989,1.3117569799945268,2.2907337994837,1.3000000000000005,5,107,5
1.6642273102749174,1.4006194335945326,-2.861145485115101,7.077560437796273,3,2,-4,5,1.8531001307958372,0.6852598645651806,1.1909695979054948,2.117238574367942,1.5000000000000002,5,108,1
1.6639123335387205,1.456843915390024,-2.9292232293324294,6.92146298248943,3,2,-4,5,1.8340410030008123,0.6498113838390291,1.1334249922585902,1.97279195959401,1.5000000000000002,5,108,2
1.7546922988675255,1.4889939829661003,-2.9578299898363407,6.638672104187263,3,2,-4,5,1.7604812286556717,0.6371986447866277,1.1145732976545837,1.7036871219488638,1.5000000000000002,5,108,3
2.01794046374688,1.642941659524112,-3.1539467723151584,6.115040394585366,3,2,-4,5,1.5405672599038238,0.559191054013528,0.9577357276540364,1.2166007408582846,1.5000000000000002,5,108,4
1.660991960607458,1.4471329902749586,-2.9081328398152255,6.921537054094175,3,2,-4,5,1.8724163130012257,0.6610705646689293,1.154679281410969,1.971058594035172,1.5000000000000002,5,108,5
1.3091331506041055,1.2794790697576617,-2.7147849103969146,7.84559756010311,3,2,-4,5,2.254416197521151,0.7902274330224315,1.3289057583431425,2.8765883048867034,1.7000000000000002,5,109,1
1.234345997943732,1.374761782721712,-2.799052909038705,7.447514141397097,3,2,-4,5,2.293880968838367,0.7158587652735086,1.255047678445786,2.4870546682173877,1.7000000000000002,5,109,2
0.8739463583801433,1.0501023704250922,-2.3214440561782,9.496090590756484,3,2,-4,5,2.6315896066337485,0.980056113507954,1.699900676596747,4.512517958572184,1.7000000000000002,5,109,3
1.435326544867871,1.356831355577406,-2.7608546825696605,7.368980152727137,3,2,-4,5,2.155829081588207,0.7374472416448546,1.294506338175852,2.413701803223827,1.7000000000000002,5,109,4
0.5961530486730243,1.0901029935933184,-2.500868838783428,9.632138263787464,3,2,-4,5,2.864945253738433,0.9410036250517562,1.5235341391913504,4.645505591741557,1.7000000000000002,5,109,5
1.3475768106274624,1.6804150791984247,-3.1153975196077437,6.237519941518187,3,2,-4,5,2.3482597925027884,0.5762903470591516,1.0149215697251388,1.3213949170463222,1.9,5,110,1
0.5058759874718283,1.198289392619725,-2.61459205299499,8.991370263036076,3,2,-4,5,3.0422667490247957,0.85384842283786,1.4209285153019684,4.010029732753871,1.9,5,110,2
0.622384145064379,1.2604127817043025,-2.638194571381004,8.485079416859897,3,2,-4,5,2.9338561432642303,0.8053346968312036,1.40435508279269,3.51008765678298,1.9,5,110,3
1.4721869316067575,1.504537581802815,-2.9897815570940467,6.839831744489352,3,2,-4,5,2.2106171666751453,0.6675021221437937,1.107763283421694,1.9204374297665332,1.9,5,110,4
1.226970107620249,1.5745412752713623,-3.01558054979278,6.698894864654542,3,2,-4,5,2.429523861880863,0.6079740312213952,1.0854352610830065,1.7564533424463198,1.9,5,110,5
0.8674632159035653,1.4016584220374957,-2.8020514196231923,7.58903381742675,3,2,-4,5,2.7968579662330235,0.7186795595963956,1.269789670275861,2.6327910426257493,2.1,5,111,1
1.269492093075897,1.526563914003941,-2.932165311800707,6.851587818372493,3,2,-4,5,2.5032856068994116,0.6713111262966635,1.1745990873259082,1.9257212864468105,2.1,5,111,2
1.454719220797405,1.543312862356575,-2.9946618180676357,6.719433972919379,3,2,-4,5,2.3136633010176864,0.6687691256819587,1.1235637182067189,1.810477885085776,2.1,5,111,3
1.0277602740410674,1.413912488365911,-2.8120736662750754,7.402761443472907,3,2,-4,5,2.6776979581117537,0.7274765951199405,1.2689888033946624,2.4606378782791736,2.1,5,111,4
1.8057929432902171,1.6473581335133576,-3.1728023416920843,6.288556546804721,3,2,-4,5,2.0146596801074006,0.6668179409506049,1.0065526937038567,1.468993159102294,2.1,5,111,5
-0.5080526119547423,1.4119774027353416,-2.911565008363312,8.527836472852215,3,2,-4,5,4.114114277391551,0.7007645838589779,1.1632002187058108,3.5522614147810785,2.3000000000000003,5,112,1
0.326551148069482,1.3161000460275132,-2.665631663199771,8.264016569440821,3,2,-4,5,3.336800839590099,0.7930078912252958,1.3978018261766925,3.3069148082954483,2.3000000000000003,5,112,2
-0.3286125077967099,1.3875167951736893,-2.812818426009485,8.51238358451048,3,2,-4,5,3.9618693002025087,0.7233587159128226,1.255335338353287,3.539853840499267,2.3000000000000003,5,112,3
1.1114477355240853,1.5181310206425116,-2.9748762912182496,7.050713636949472,3,2,-4,5,2.6894889181296,0.6950011097265953,1.1485767858162126,2.136650729160286,2.3000000000000003,5,112,4
-0.9689869119016972,1.379039686526829,-2.816062257426447,8.990591394934716,3,2,-4,5,4.526167933256073,0.7125991378268541,1.2438417178723156,4.009177789261864,2.3000000000000003,5,112,5
1.3761183776658297,1.6059574409380215,-3.0468922842048887,6.605209887769884,3,2,-4,5,2.6483993627329037,0.7112469775852405,1.1293958666428292,1.740266614579607,2.5000000000000004,5,113,1
1.7296052510865838,1.7533098367375834,-3.2217337282374765,5.94525952875077,3,2,-4,5,2.375245357007179,0.7140625163715761,1.0373149645109887,1.1645196894787375,2.5000000000000004,5,113,2
-0.49492723852517934,1.3287202933823796,-2.7598927500204655,9.023926542235085,3,2,-4,5,4.151995042517133,0.7708056434013218,1.301558606004311,4.049785885868165,2.5000000000000004,5,113,3
0.8014246582261931,1.4363382766483548,-2.877347652679841,7.552491907940901,3,2,-4,5,3.021818814939521,0.7478346990052606,1.2313067065907095,2.630731924422697,2.5000000000000004,5,113,4
0.9706124292672964,1.6123998793542813,-3.095740994513463,6.791484400788193,3,2,-4,5,2.901173132060225,0.6806706341997715,1.0719472775383598,1.8846542067045564,2.5000000000000004,5,113,5
1.264406095363932,1.6961521838942142,-3.2354729600135443,6.511864056910275,3,2,-4,5,2.8215285309878735,0.7273447971233864,1.016827914519287,1.6679670385891197,2.7,5,114,1
1.80536986468037,1.7195027589528171,-3.247430901837105,6.134803486303756,3,2,-4,5,2.3676065320831157,0.7951215468257383,1.0831824122273992,1.5315128471124415,2.7,5,114,2
0.12776675325630987,1.6390518172793704,-3.04963240949084,7.172785415385373,3,2,-4,5,3.755110739303121,0.6629570010825887,1.114143888380358,2.2427460042553817,2.7,5,114,3
0.9580676023291576,1.7411825395559972,-3.194556439211573,6.396893079757534,3,2,-4,5,3.0210462777226876,0.6953323734435788,1.0424249818055735,1.5329192927634077,2.7,5,114,4
0.8673100139031551,1.608749538845095,-3.0105993776051543,6.853218200894192,3,2,-4,5,3.231912280437412,0.7302975075799975,1.1857042385877938,2.0080609924782213,2.7,5,114,5
0.08999914592394007,1.5728573929942853,-3.0124901135891373,7.518852854638896,3,2,-4,5,3.7880583526161873,0.7054345233141766,1.1447118290029925,2.6037956157157165,2.9000000000000004,5,115,1
-1.4070324959943976,1.4530298906461068,-2.840834191409644,8.919250139436292,3,2,-4,5,5.133261493631178,0.7027801580703544,1.2477139197791685,3.951097134813233,2.9000000000000004,5,115,2
1.474728638141822,1.9298399345015775,-3.4660767624922957,5.76521657035091,3,2,-4,5,2.703332460385115,0.829704815681519,1.010118975930003,1.1565010673039506,2.9000000000000004,5,115,3
1.7514501656418051,1.913728628820094,-3.539773861475353,5.830580789617431,3,2,-4,5,2.456155493406214,0.8567006015079031,1.0300294833315389,1.3568568742853084,2.9000000000000004,5,115,4
-1.3036440857179428,1.2992002413916948,-2.6988115872140135,9.687801042047704,3,2,-4,5,5.068570843121003,0.8046290182138451,1.3665202186034977,4.711453810705409,2.9000000000000004,5,115,5
1.2511631163712371,1.6949979396817194,-3.1821954738975564,6.524219830199132,3,2,-4,5,3.0877952224235385,0.8199108889450811,1.137262640854476,1.830012709812092,3.1,5,116,1
-1.482896074302464,1.5694234377150609,-2.9566217770071788,8.426321174808306,3,2,-4,5,5.284473182229791,0.6661982323659802,1.1682391082795451,3.469202426488096,3.1,5,116,2
0.16634855647476482,1.7412565701085392,-3.230247326777763,6.923848039111114,3,2,-4,5,3.855771836490693,0.7231785117182469,1.0348080828708053,2.0518100754269057,3.1,5,116,3
-1.769619705633533,1.484020511316226,-2.9253974673585215,9.139860778087993,3,2,-4,5,5.574903956611348,0.6927931513765907,1.1776888300049198,4.169200298309995,3.1,5,116,4
-0.7608954435572312,1.5206426234314878,-2.9116010454771684,8.27027406098553,3,2,-4,5,4.6492495346985105,0.7108745846952724,1.2157882274415173,3.3226898094334674,3.1,5,116,5
0.8279491122531473,1.9549028980415113,-3.39521711192447,5.926266910910178,3,2,-4,5,3.5075213766557294,0.8461228288205425,1.0533952158268205,1.2163570147357896,3.3000000000000003,5,117,1
-0.4229846108142657,1.6840081535487432,-3.086434589483079,7.381622496653604,3,2,-4,5,4.535010393225615,0.722391982073051,1.1322366634114427,2.4844886750944197,3.3000000000000003,5,117,2
-0.6481633330813723,1.6547651810310813,-3.0641773211148102,7.627196792687815,3,2,-4,5,4.677662596372384,0.7119575533741028,1.1347842170964624,2.702210444814696,3.3000000000000003,5,117,3
-0.7044243356237531,1.7955156537280592,-3.2519271041410756,7.184893194830399,3,2,-4,5,4.804272500207673,0.6946735802376555,1.0191047871560428,2.258909332518383,3.3000000000000003,5,117,4
1.5925150416382423,1.9701521162920757,-3.4813727987001073,5.707567509414544,3,2,-4,5,2.963297006226747,0.9393263729737722,1.109815798756073,1.2271614959377268,3.3000000000000003,5,117,5
-0.9992424611256396,1.6377545946913932,-3.063634403311223,7.921715665841853,3,2,-4,5,5.093985902796855,0.7197267334187558,1.1323929727196629,2.9946173569242016,3.5000000000000004,5,118,1
-5.075101346224544,1.7571160202761376,-3.1563216177444118,9.709608539754782,3,2,-4,5,8.755290253444493,0.5345265419669887,0.984188382106772,4.729661550627456,3.5000000000000004,5,118,2
-1.1290115471945177,1.987292893249728,-3.4353418267496796,6.821519758256365,3,2,-4,5,5.228028344000064,0.7428842620022352,0.9492083949305424,1.9195882645312117,3.5000000000000004,5,118,3
1.39801005570063,1.941058581633168,-3.502344874645385,5.83852167507282,3,2,-4,5,3.1062845994096966,0.96916601652554,1.1560633846405828,1.3537047822834092,3.5000000000000004,5,118,4
-1.2082648934896243,1.7268105317024705,-3.1799013796598063,7.700035043578641,3,2,-4,5,5.26915277598572,0.7115978655220772,1.155107415224108,2.7951125892881037,3.5000000000000004,5,118,5
-0.35836515200997865,1.842708538850365,-3.251754963015452,6.883156802885618,3,2,-4,5,4.607837055199183,0.7930348817910237,1.0885895519619493,2.0223302367532257,3.7,5,119,1
-3.2280668688306138,1.6355115952433297,-3.071587800221622,9.268329472368102,3,2,-4,5,7.091004520053556,0.6472331794404214,1.0806118182664362,4.304282715663057,3.7,5,119,2
-0.5428725109935408,1.6484931981158242,-3.138908446200974,7.698175075122701,3,2,-4,5,4.763026108714742,0.7785149560936008,1.1661894199369782,2.862566942186272,3.7,5,119,3
-0.07089253996271139,1.7882349742756936,-3.2869019217223285,6.969905112450238,3,2,-4,5,4.327425865818819,0.82754049120559,1.125734412366319,2.215522098558807,3.7,5,119,4
-0.8774724316057151,1.9341794839089756,-3.377502901999915,6.8546590911956216,3,2,-4,5,5.031862200106981,0.7741893814084603,1.0047571160008582,1.9649061178881315,3.7,5,119,5
-2.505493599845144,1.694799855708906,-3.097384986622856,8.506543323440823,3,2,-4,5,6.5768883732187575,0.6929529960193586,1.1052407976779228,3.556172186617288,3.9,5,120,1
-2.0491887239726108,2.2428598930700283,-3.703458887094816,6.659792795933969,3,2,-4,5,6.1720347496161185,0.9155492966064024,0.94312620575751,1.797238530264775,3.9,5,120,2
0.6431624770806708,1.9418200724734784,-3.569706327087261,6.3631129620166815,3,2,-4,5,3.8635494340648258,0.966467683659391,1.203433926947422,1.8406164064338355,3.9,5,120,3
2.004662246804451,2.538115941959187,-4.165353969206377,4.8041164957957125,3,2,-4,5,2.7880451978711136,1.5457357128727,1.4626655946581704,1.4042157721040014,3.9,5,120,4
-0.8350110884555565,2.0631126155630755,-3.507235089631983,6.55274410065904,3,2,-4,5,5.082133209014344,0.8753678741447044,1.021035374829002,1.7318756427074358,3.9,5,120,5
-1.302356761764293,2.3262972350906552,-3.7961612014903614,6.106673093979474,3,2,-4,5,5.6212440364095215,1.0496831877541293,1.0351107358900324,1.3165637033250142,4.1,5,121,1
-3.7156597095421784,2.190184967914619,-3.621327559033757,7.480397725420907,3,2,-4,5,7.770466510313234,0.8055713642392217,0.887067767554637,2.550197916622462,4.1,5,121,2
-1.9315667495590496,1.6116258259763476,-3.0128990411322363,8.615642172403836,3,2,-4,5,6.128773908486087,0.7600254511606689,1.1891200144693577,3.681291777289234,4.1,5,121,3
1.1039409451119442,2.2945920518952656,-3.915866610762421,5.473095018048845,3,2,-4,5,3.737630357391826,1.3349641320590426,1.3841314999238423,1.5622067835615052,4.1,5,121,4
-4.5376077852243935,2.3031366879554733,-3.7652826694218593,7.531065405044678,3,2,-4,5,8.49868771254885,0.8343833070693643,0.8267290602805623,2.5941152678384074,4.1,5,121,5
-1.4011333422945744,2.012648214026082,-3.4100538591830407,6.9306745064199635,3,2,-4,5,5.8737346022743635,0.9278349950548256,1.1183911825546646,2.1555106946876785,4.3,5,122,1
-4.880753184889096,2.3164856783924983,-3.7760956897141926,7.684035012123413,3,2,-4,5,8.906571879831242,0.8428812528943017,0.8358146887811306,2.7377899236051064,4.3,5,122,2
-3.9628774271396496,2.2430889999722496,-3.632518655342511,7.372063097469109,3,2,-4,5,8.094042017404067,0.8484173354159668,0.9120050439575192,2.442114504142704,4.3,5,122,3
-1.0921408441092595,2.0527139231507583,-3.500491537170264,6.696332190963874,3,2,-4,5,5.5621022237210465,0.942009727475098,1.0900427853859798,1.9125572266416784,4.3,5,122,4
-1.4912495297966355,2.462990740817942,-3.918115980222327,5.894105190165708,3,2,-4,5,5.945274294421111,1.1696071998772524,1.0989252130095342,1.1366309222556823,4.3,5,122,5
-3.711303058600663,2.5036806570380903,-4.024132568774357,6.781000114479481,3,2,-4,5,7.922184478394623,1.110270536089747,1.005356134195384,1.9484088601570697,4.5,5,123,1
-1.0842351286628344,2.0007847448219103,-3.477588574622732,6.933887654989523,3,2,-4,5,5.600043032761042,0.9571917266820628,1.1133391190249673,2.1912670093856548,4.5,5,123,2
0.04811738739632485,2.317073863023979,-3.763738099150551,5.617899911816412,3,2,-4,5,4.711001363620102,1.271854479751555,1.2913565906239086,1.255374540200401,4.5,5,123,3
-10.735322382098854,2.414201809328953,-3.8706042122414366,9.726117916503076,3,2,-4,5,14.48753163481164,0.7350816991915129,0.6459996575802361,4.741270872342398,4.5,5,123,4
-0.6383888200179058,2.0412585615907854,-3.549707793221024,6.632201079204086,3,2,-4,5,5.183573040141156,1.0065071395585865,1.1819084101625386,1.948244990267674,4.5,5,123,5
-2.586428011507514,2.715511027252305,-4.137125990569911,5.882446614566959,3,2,-4,5,6.986207112261216,1.3782674204697816,1.2027469248515343,1.1783464884362886,4.7,5,124,1
-2.742579746015175,2.1646152504301037,-3.6483299209709927,7.202024316409114,3,2,-4,5,7.116274157126062,0.9502434621533432,1.0368843414025313,2.375267120475538,4.7,5,124,2
-10.344864109035749,3.5132237665358144,-5.024527906326348,6.831724963440721,3,2,-4,5,14.147539437150336,1.7790886755412922,1.4067692136029628,1.870147290965774,4.7,5,124,3
-16.13692951066348,1.7130004826312906,-3.2212684552340347,16.471165079715995,3,2,-4,5,19.687211667976804,0.4390102805212605,0.8567295517126466,11.475081038091831,4.7,5,124,4
-7.65832790478856,2.6594464455608473,-4.163424360312061,7.837292026126225,3,2,-4,5,11.712418629944215,1.081320936999495,0.8972601599029157,2.8822460771436913,4.7,5,124,5
-6.266217641650728,2.239140510480396,-3.6776687511882233,8.418642402783941,3,2,-4,5,10.407433061682768,0.8089400722428117,0.8502663588967797,3.461645516879246,4.9,5,125,1
-3.298610810685263,2.6153024080214475,-4.069802776216325,6.349077739867809,3,2,-4,5,7.714106637769857,1.2807567747248372,1.1423741740063342,1.5287078136505114,4.9,5,125,2
-1.4225609104310524,2.1914888710271674,-3.701466839600796,6.682042807618545,3,2,-4,5,6.034232526616194,1.0976645294352916,1.1838496121643265,2.002289207370029,4.9,5,125,3
-2.39992899014595,2.5601877799706463,-4.05275120122207,6.167548838297273,3,2,-4,5,6.981240184247874,1.311459661747283,1.219213709441531,1.546297420977168,4.9,5,125,4
-6.902408327644224,2.3518955623945375,-3.788598431607083,8.359354737452934,3,2,-4,5,10.984405200666522,0.8628237163086169,0.8303564447617223,3.4036319131786867,4.9,5,125,5
-4.659059279202758,2.773845023431726,-4.292521439702813,6.579187167284269,3,2,-4,5,9.073175314144049,1.389949059344041,1.2511214551033834,1.8791293854594924,5.1,5,126,1
0.32904200621564683,2.6591371668086254,-4.381486613774801,5.319596426200635,3,2,-4,5,4.570218785322439,1.7128212953166564,1.7158728579853142,1.5184922647370689,5.1,5,126,2
-2.0261597819031727,2.5265894877694124,-4.079295353040073,6.18793884898865,3,2,-4,5,6.720775015077015,1.3869070893944198,1.4122896977645945,1.63932201220131,5.1,5,126,3
-1.9802418139995064,2.394713777779184,-3.9693025815808305,6.481656483246729,3,2,-4,5,6.727429943766521,1.2938047828264456,1.2995987277779006,1.9229929741438136,5.1,5,126,4
-6.586767154559162,2.249462022932341,-3.69545261898206,8.700507627079086,3,2,-4,5,10.7554537134515,0.848577521679576,0.8721701562593412,3.7577905432950303,5.1,5,126,5
-12.130557682115567,2.6379843341764824,-4.0220316435174395,9.50262976508559,3,2,-4,5,16.0385043613751,0.9665890705989704,0.742012552278221,4.524971391016668,5.3,5,127,1
-6.973805959762573,2.913808397099164,-4.351727276820743,6.982752410981609,3,2,-4,5,11.255373441774369,1.4185178366892084,1.153098079278687,2.0798727803228996,5.3,5,127,2
-7.44782767410667,2.785772219886054,-4.239747783540963,7.453118129153274,3,2,-4,5,11.638772608343016,1.2531723264659476,1.0180390164518642,2.520995024569532,5.3,5,127,3
-1.899115644153296,2.564597509742688,-4.134901270765932,6.138893790639572,3,2,-4,5,6.688142539639335,1.4456217449194568,1.481718933453202,1.6897531160565349,5.3,5,127,4
-4.027740244988715,2.6123890388696935,-4.103626121013682,6.656179723383057,3,2,-4,5,8.567911103818199,1.305063606706187,1.174600936208322,1.8140815637318677,5.3,5,127,5
-8.624270135962647,2.8239402105409175,-4.247300445100638,7.7524360794945935,3,2,-4,5,12.862697074908658,1.2807561958643323,1.0241437598973515,2.810303763234637,5.5,5,128,1
-4.397341324544945,2.58728761265868,-4.000935633835025,6.774663064809048,3,2,-4,5,9.106418666337172,1.316139141795592,1.1937694277429418,1.947320773041655,5.5,5,128,2
-4.910073366397164,2.3668001720461636,-3.86510634317938,7.634056870148093,3,2,-4,5,9.529628338921356,1.115336619983947,1.2427156624421454,2.8385727963913157,5.5,5,128,3
-3.36006507802015,2.6271584712727845,-4.203785332228696,6.512746062421987,3,2,-4,5,8.139413922770421,1.4152721983715109,1.4323779375161545,1.93946377446259,5.5,5,128,4
-2.6270419092134367,2.4014658492439502,-3.8753950945907936,6.663168748166429,3,2,-4,5,7.365627387602266,1.2616309718873624,1.246355436661679,2.002203771630981,5.5,5,128,5
4.279901964162582,1.628738769318281,-4.190774339743243,6.163074657751372,3,2,-4,5,3.0536470274009795,1.6744951656160303,2.4101048887268357,2.7835246414726265,5.7,5,129,1
-4.51174657330558,2.4229076702549586,-3.988266356430721,7.445138932043176,3,2,-4,5,9.095503561077653,1.1861558968880872,1.2649769289102373,2.6706815700715145,5.7,5,129,2
-8.2170795133037,4.260146717005215,-5.727986467386932,5.249260445898711,3,2,-4,5,12.543962757650148,2.7318797688351957,2.3275617303553875,0.617984842004465,5.7,5,129,3
-9.155469106588756,3.495394685723936,-4.942627585491748,6.570508513317287,3,2,-4,5,13.4212990605148,1.9335286051264096,1.5622054255181617,1.6701482669209504,5.7,5,129,4
-1.3688114195580148,2.9311050855874625,-4.480402479900491,5.346477827320207,3,2,-4,5,6.314559657652982,1.8831500545914943,1.740002347948394,1.2764535116315374,5.7,5,129,5
-5.513404430020782,3.449447922608554,-5.0731029685230755,5.806364582264796,3,2,-4,5,10.385678441332674,2.174591478417316,2.119073450757758,1.477566343882351,5.9,5,130,1
-6.4559477568268235,3.0402754680177155,-4.642311698227075,6.708846008621204,3,2,-4,5,11.118377193580807,1.669827596969589,1.7333290170260138,2.0378870094663504,5.9,5,130,2
-7.250791166020683,3.268414097246668,-4.721015325123704,6.446700996762811,3,2,-4,5,11.786837028400532,1.8292392532216648,1.519407589882816,1.593324377926242,5.9,5,130,3
-9.380042998964464,3.2046981857226906,-4.588818225340048,7.098524046677486,3,2,-4,5,13.78374034039873,1.668473539267181,1.3190673082909412,2.1735827684814164,5.9,5,130,4
-5.738615327373428,3.0588125660672287,-4.676245992769415,6.520737734152856,3,2,-4,5,10.541021285536363,1.76248076062779,1.7082163596295323,1.94011888303633,5.9,5,130,5
-20.888522934109623,3.93270242485009,-5.362345665893487,8.742728151677596,3,2,-4,5,24.69003248076883,2.1185226756728457,1.63147823617036,3.7533487102000183,6.1,5,131,1
-4.733553282481767,3.76595358408304,-5.226611712961345,5.146285763904571,3,2,-4,5,9.559527271495172,2.5542348835880375,2.230735299838037,0.9203118413862054,6.1,5,131,2
-6.355819310970254,2.9251076134074787,-4.443094789989468,6.91370328840148,3,2,-4,5,11.131722602441831,1.6045217208849252,1.414527565814982,2.134564422148708,6.1,5,131,3
-6.695188133148386,2.8819081752225295,-4.322850355550331,7.019851855592739,3,2,-4,5,11.348253125898012,1.519579890500521,1.3091627070320315,2.1771330609951,6.1,5,131,4
-0.4576306236349445,2.5048662583911354,-4.354462215395883,6.004087073463021,3,2,-4,5,5.778277673832739,1.6951496829464523,1.9101118414588336,2.0222706058259803,6.1,5,131,5
-6.83210791854786,3.106051659800425,-4.4994400978496945,6.582418707515551,3,2,-4,5,11.525402352025647,1.7409024155724449,1.449112376812563,1.74235362589387,6.3,5,132,1
-18.895837747060856,4.003718663769026,-5.518374306279195,8.207057471681455,3,2,-4,5,22.833546097953672,2.2350942728769843,1.8288879312302493,3.2258515852172645,6.3,5,132,2
-4.470594722129039,3.3144750018162217,-4.884349340487019,5.758053091121475,3,2,-4,5,9.579793674688922,2.1833621836509667,2.0236585177974917,1.4924633511435728,6.3,5,132,3
-11.485446965136823,3.635539250175716,-5.068437244049389,6.947479106855563,3,2,-4,5,15.901095299636266,2.0684497301705997,1.673423590104718,2.020168889815086,6.3,5,132,4
-12.039152527853997,3.325414476228048,-4.820292727773546,7.740287255471541,3,2,-4,5,16.47372251768083,1.7665842156315512,1.5417326897930097,2.901268239272752,6.3,5,132,5
-11.9765108410281,3.6790845500981346,-5.147951429913811,7.100239196864836,3,2,-4,5,16.42537309763276,2.125796868916024,1.7459697309043076,2.1980539599875226,6.5,5,133,1
-15.860644870080709,3.1714237093625672,-4.566178889373129,9.168025330143482,3,2,-4,5,19.994043289311165,1.4859979684045794,1.0933273218104136,4.193766096868808,6.5,5,133,2
-4.5214060523990796,3.1601291870358277,-4.73114047173941,6.040986808515955,3,2,-4,5,9.616985736020784,2.0404754553615,1.9276156111364675,1.725505683017123,6.5,5,133,3
-29.903369051148772,4.68523792651355,-6.291758876007331,9.433506025108263,3,2,-4,5,33.62626899836869,2.823480029753136,2.468344866807796,4.438826402344476,6.5,5,133,4
-3.4401988460361563,3.4906047407036302,-5.0605709231758205,5.189339663566748,3,2,-4,5,8.595951920699855,2.4154801414414115,2.273259408620091,1.0747007467075524,6.5,5,133,5
-27.291946777955634,5.127977088750203,-6.663123271671531,8.091854776717064,3,2,-4,5,31.11818056419149,3.299384922728595,2.8752490538900615,3.0998247290000833,6.7,5,134,1
0.29528571065095327,1.820705971938526,-4.249586363075217,7.527794378936479,3,2,-4,5,5.211935412526141,1.2992030216160724,2.3646408967788144,3.366789030102568,6.7,5,134,2
-5.624417029844692,3.675022888284055,-5.224432488309149,5.535755155610643,3,2,-4,5,10.580337303577426,2.4632141994166616,2.297210427695949,1.1688914190718047,6.7,5,134,3
-5.909637589316562,3.581104419307787,-5.188960472841171,5.807157123636748,3,2,-4,5,11.044437792213108,2.4016965806514725,2.4085386280897803,1.4854681664032052,6.7,5,134,4
-8.243802523566403,4.265992554226231,-5.813175370557145,5.449133851505268,3,2,-4,5,13.208841396773671,2.9870882616512544,2.690146876932133,1.3817596570030195,6.7,5,134,5
-8.187981732334798,4.311910055026634,-5.86989383552578,5.38741129782651,3,2,-4,5,13.14518749624802,3.022583685356731,2.7555992011318593,1.0739762483061963,6.9,5,135,1
-7.3918626957146865,4.360600817298739,-5.80692931678521,5.090068385887333,3,2,-4,5,12.30539834787266,3.095817066799308,2.713508904300365,0.7672741072258735,6.9,5,135,2
-12.822962630573738,4.214616849014996,-5.618787471547058,6.414027933075861,3,2,-4,5,17.2987598684469,2.6614497005114206,2.203001312049218,1.5164754709177577,6.9,5,135,3
-7.389294287776905,3.343997411192017,-4.827562343348633,6.440870337026474,3,2,-4,5,12.421522670766771,2.0507444208975483,1.8243712573567763,1.750586986828128,6.9,5,135,4
-11.10219060240338,3.6175036672379304,-5.053972667646475,6.937647533488857,3,2,-4,5,15.759670049795274,2.1283391872812585,1.7545209573845433,2.0354078547265764,6.9,5,135,5
-4.956561671126349,4.17854644328676,-5.728158590878067,4.88494622489275,3,2,-4,5,10.573454442625764,3.217840694812647,2.927926951048082,1.5413092935794146,7.1,5,136,1
-17.098430616089683,4.115598786157569,-5.522591603958794,7.543036491170017,3,2,-4,5,21.39073249922971,2.453334596088316,1.9768442847361445,2.5816461282915006,7.1,5,136,2
-13.991197699912078,4.144161964544634,-5.588214036306833,6.8045780031254735,3,2,-4,5,18.518477892337764,2.5950529792229986,2.16880183091377,1.8951883628481765,7.1,5,136,3
-15.737697620938045,4.456016836297535,-5.924825641099527,6.713346668614969,3,2,-4,5,20.09757966800495,2.8307757019583137,2.3974242235983176,1.7708062502143234,7.1,5,136,4
-13.20452875644406,5.747608187858775,-7.212222388732553,4.888979990184474,3,2,-4,5,17.88901036537816,4.309529988424951,3.8680187839445304,0.5355588193941816,7.1,5,136,5
-19.375637466755855,5.681465098463741,-7.1862773194738825,5.9693339780144745,3,2,-4,5,23.613670221278063,4.012682315183731,3.5789115272666536,1.0219642251427254,7.3,5,137,1
-10.2894938604224,4.015961089257543,-5.464418030636057,6.181993427688284,3,2,-4,5,15.221466285460783,2.654734489018101,2.2707871767436543,1.413597907500021,7.3,5,137,2
-20.245122673502635,6.429396966591007,-7.985442453022046,5.4881512237095595,3,2,-4,5,24.519369240698797,4.796998123870218,4.4037546545105615,0.6047327501918969,7.3,5,137,3
-14.975401954812495,4.847732349669875,-6.3335511510120215,6.071447149969363,3,2,-4,5,19.496881496964036,3.2812269796373696,2.859635210645466,1.1743585576797222,7.3,5,137,4
-5.508059445957623,3.462343568838582,-5.10292939920247,5.9455185433552415,3,2,-4,5,10.941477110243802,2.426611549287384,2.361472268627375,1.6804254698509935,7.3,5,137,5
-10.38518445991654,4.383827334162586,-5.879550385475649,5.7625207079384575,3,2,-4,5,15.366022241558111,3.0512603697718,2.691716764000294,1.0462178648430367,7.5,5,138,1
-16.71115597784624,3.5698728376291538,-7.409491179811127,10.06356130578675,3,2,-4,5,24.30848922746715,2.645704935042,4.769418591895269,6.045199737656415,7.5,5,138,2
-23.54719964201259,4.91644803542416,-6.374070569066122,7.696974612977627,3,2,-4,5,27.723391426565527,3.1849655941849457,2.708365627260537,2.7183707878679946,7.5,5,138,3
-48.780509595732376,2.9275175362343795,-4.834673097858942,21.38241303289111,3,2,-4,5,51.87254669630073,0.9411487485568376,0.8582440572036252,16.382776295492402,7.5,5,138,4
-6.234880925389459,4.260975538064033,-5.84762783639854,5.103709200999948,3,2,-4,5,11.626943063169737,3.2041548315888173,2.97860605932402,1.253967980484784,7.5,5,138,5
-4.345122594636565,3.708520021287968,-5.540448766877353,5.512610271831504,3,2,-4,5,10.031954350027702,2.8535009884653397,2.9466309636148815,1.7574395978922184,7.7,5,139,1
-5.450780391728193,3.1840013299299503,-4.876115595663343,6.3832342976217475,3,2,-4,5,10.984080200870944,2.1585652126908053,2.2598702380925126,2.047395903128525,7.7,5,139,2
-9.844412973287424,5.019013389258919,-6.518815808276979,5.014904270230307,3,2,-4,5,15.043749263417377,3.814352318106356,3.445914025340247,0.8872345103510575,7.7,5,139,3
-4.576632183731922,3.96240614684292,-5.6169420590488786,5.17113124039903,3,2,-4,5,10.114770480554244,3.0644823485343693,2.927816673366932,1.52796975167321,7.7,5,139,4
-9.817155765716295,3.9108792396533434,-5.447716778863141,6.271087045813042,3,2,-4,5,14.92056524468082,2.602900896667097,2.4079482606070948,1.621474250347675,7.7,5,139,5
-10.802928845673092,6.856065944817646,-8.491718448182038,4.0157661585162066,3,2,-4,5,15.908346959826831,5.748033681376214,5.468524657766098,1.4465147603156083,7.9,5,140,1
-6.648596829960469,5.404371217899476,-6.987036267888648,4.276789547528948,3,2,-4,5,12.042666805514031,4.458170737909917,4.158485022090478,1.3920822937801387,7.9,5,140,2
-21.376622075613895,4.807179455028388,-6.278798998200669,7.430953749958652,3,2,-4,5,25.756421408664377,3.1388100478728016,2.6861503150046513,2.46593237827305,7.9,5,140,3
-17.493148903737627,4.22652559057056,-5.6734865897448925,7.504393692443038,3,2,-4,5,22.122839140068383,2.6443467728508687,2.208662106298694,2.560561220073117,7.9,5,140,4
-15.172874159231812,4.708427219109047,-6.129653964895475,6.267103899436142,3,2,-4,5,19.919276710540252,3.195501100296377,2.7369640023558706,1.3735509320472914,7.9,5,140,5
-18.1685417435145,5.181625520633572,-6.68264743115309,6.3859087182655,3,2,-4,5,22.831639830463832,3.639570284526156,3.2211534892590827,1.4812004480125185,8.1,5,141,1
-13.059078742684532,4.696825615471417,-6.228515767899121,6.0117165259050545,3,2,-4,5,18.129506391944805,3.3490190121153605,3.0485581764736387,1.4269444269510645,8.1,5,141,2
-29.011972968347376,5.333920169205248,-6.84759583737907,8.125643882319942,3,2,-4,5,33.08939782059926,3.5508053245557702,3.111284692751266,3.136740705715729,8.1,5,141,3
-12.766833854168404,5.178099474022262,-6.604888334088584,5.328558218220444,3,2,-4,5,17.775992956138914,3.829485591068782,3.3822125971906223,0.720814287286309,8.1,5,141,4
-23.401573061876334,5.633603248948259,-7.096487659201974,6.7067794173439514,3,2,-4,5,27.804059962059934,3.972740267458784,3.505199320036816,1.7438100265583845,8.1,5,141,5
-6.256253086279105,3.926534056691059,-5.750144850548373,5.761594714217066,3,2,-4,5,12.026283447102491,3.031168609231942,3.0328624760751013,1.8999515995473089,8.3,5,142,1
-8.192967583648647,5.1340359840659415,-6.656859112993534,4.672716773887745,3,2,-4,5,13.773440405412,4.147673631005201,3.8108402544819033,1.2412638235244755,8.3,5,142,2
-23.702169257653992,5.221856406996268,-6.651806689747877,7.290082704617461,3,2,-4,5,28.0952744685987,3.5435979837826435,3.0450538533051295,2.3205553417078693,8.3,5,142,3
-10.8110816059069,4.843674666019193,-6.599222628633842,5.581755131364142,3,2,-4,5,16.30998675348845,3.699782965712646,3.658094480378124,1.5543496463021318,8.3,5,142,4
-35.7279094890083,8.11891978258531,-9.682349581429929,6.260291036467829,3,2,-4,5,39.72304623202109,6.343518476373284,5.933861780517267,1.2735414882450418,8.3,5,142,5
-11.292957342523447,4.60166622396232,-6.354790373927141,5.967681835957089,3,2,-4,5,16.913741891395034,3.469380933353958,3.401832541893601,1.7853396288868704,8.5,5,143,1
-22.538672134696057,6.121664376554768,-10.42907697758625,7.882091329673809,3,2,-4,5,31.368558313259353,5.5669674463650924,7.379480356799562,4.570537276587151,8.5,5,143,2
5.061475415909748,1.625966599740837,-4.9347555878797404,6.022722263529956,3,2,-4,5,2.831903349497507,1.867261153967768,3.470661816142891,2.837000431705852,8.5,5,143,3
-18.878015302596207,8.369008052508596,-9.870477811803337,4.119228902588194,3,2,-4,5,23.55552390301528,6.961813321487799,6.521182407162421,0.973461611513535,8.5,5,143,4
-19.556178298446792,5.130855155590603,-6.573370200797548,6.680430294726111,3,2,-4,5,24.217533609348052,3.5666136251814846,3.098376425536274,1.752075743220701,8.5,5,143,5
-22.44512119220957,4.713626781031465,-8.938727398812752,9.478671188907912,3,2,-4,5,31.157444044557273,3.9395768637344624,6.304262391490811,5.639932438583637,8.7,5,144,1
-27.824672831451927,5.431300724380704,-6.890069064797081,7.8028709919857855,3,2,-4,5,32.17962733901073,3.719140970783927,3.234115442085806,2.8260409007796508,8.7,5,144,2
-51.12329556590098,9.061255580956791,-10.6518963890506,7.312376096947004,3,2,-4,5,54.91985196579501,7.206718329706326,6.813916976244052,2.315473746541844,8.7,5,144,3
-4.974351040538514,3.730004425321979,-5.94020553627944,5.966543603196899,3,2,-4,5,11.165831790528456,3.056760721320684,3.557531989067108,2.3309797581366256,8.7,5,144,4
-38.72089731504973,7.756744454599298,-9.352538429845572,6.929410784396158,3,2,-4,5,42.76755566070599,5.971116237137191,5.593855168504935,1.9380417332051032,8.7,5,144,5
-68.66665948230273,13.234047318390989,-14.965027701972389,6.384878382789578,3,2,-4,5,72.32275372141419,11.360347618735013,11.099016746238632,1.386853934166192,8.9,5,145,1
-7.6404811460240065,4.269135327067211,-6.129331078924019,5.72287428512393,3,2,-4,5,13.639282930691683,3.4005698656469514,3.486206273890685,1.8655519711954005,8.9,5,145,2
-11.435680613716402,4.631944743602534,-6.307556113176645,5.889677560750032,3,2,-4,5,17.236918285851974,3.5316332176458545,3.373979874853082,1.6368396229557516,8.9,5,145,3
-4.5118059735723035,4.659351836766247,-6.376098687735504,4.602543075831352,3,2,-4,5,10.653673945188617,4.0704584723456,3.957678912499056,1.6524639397417042,8.9,5,145,4
-18.613449166859027,5.169057923151823,-6.70387312605707,6.511019794628876,3,2,-4,5,23.547720059949064,3.683166799822205,3.2993949448888924,1.7715051599221836,8.9,5,145,5
-22.57607734184718,6.3363561245961355,-7.853094674921255,5.976577627525555,3,2,-4,5,27.30975694087317,4.798969034006885,4.378730423602251,1.0745635654351384,9.1,5,146,1
-25.87263038824664,6.532860071921534,-8.02844194526214,6.270600115454897,3,2,-4,5,30.350490775640814,4.897279531997375,4.444542558549066,1.3205937479317165,9.1,5,146,2
-7.085102945703687,5.193391242271669,-6.944623483256429,4.682538339925609,3,2,-4,5,13.153312212123476,4.517887893204926,4.4739368104978965,1.744329370878393,9.1,5,146,3
-39.38741199439544,7.373332238264713,-8.895572326506654,7.352084880725593,3,2,-4,5,43.44901250082224,5.581059171132065,5.1340901239979715,2.3595788828717432,9.1,5,146,4
-18.207499685158737,5.594236250795053,-7.095472341838993,5.985537076139613,3,2,-4,5,23.45106446195314,4.225224494859676,3.834255241117836,1.2319793232856342,9.1,5,146,5
-16.503138052278494,6.665311214485168,-8.173175147694451,4.813240842158919,3,2,-4,5,21.800036145112855,5.410641439518708,5.0041049736911285,0.6307728321140686,9.3,5,147,1
-25.347276634783228,6.004533867042983,-7.454363143761412,6.70367315979758,3,2,-4,5,30.0052161745121,4.400670876669413,3.916081643338331,1.7566430478167334,9.3,5,147,2
-71.8565865935974,9.512576908093086,-11.33089942678514,9.265588158179096,3,2,-4,5,76.16155409030517,7.700540189993164,7.529664697273533,4.268797986606234,9.3,5,147,3
-5.764634927984747,4.931461232479446,-7.1415718312102685,5.031423836107882,3,2,-4,5,12.116294921738278,4.4787503171732785,4.876740267617594,2.155314800632399,9.3,5,147,4
-5.9555596614965625,5.82984249496849,-7.186369073058376,3.8948858641696673,3,2,-4,5,12.19292904773834,5.299135063379614,4.859753303999397,1.5727829082646907,9.3,5,147,5
-20.131180462965062,5.761358590228509,-10.839685115220933,7.835155446171972,3,2,-4,5,28.775316048404523,5.214580610321899,8.580559155737014,4.596148753518367,9.5,5,148,1
-29.067001552367365,9.220002769889794,-10.771934424359516,4.834109406343185,3,2,-4,5,33.5225095411124,7.637970533770222,7.227602887673327,0.3158127957617343,9.5,5,148,2
-6.415450634393302,5.303122656349061,-7.0614718024537195,4.540876979984438,3,2,-4,5,12.801632905713683,4.758196166232818,4.603512551235936,1.7332230182324138,9.5,5,148,3
-54.8759871834147,10.242722518319406,-14.535030280037564,8.838753887309077,3,2,-4,5,68.27213466857829,10.169897519794844,11.079535227599935,5.309786603547802,9.5,5,148,4
-2.38062849923096,3.650601585316149,-5.765545174387205,5.393102968477952,3,2,-4,5,8.806009822945782,3.3039574532926226,3.64999263315843,2.1080733449086835,9.5,5,148,5
-23.373165606264607,7.712276391775374,-9.229896042583524,5.05704097349691,3,2,-4,5,28.339543794637105,6.294282066048945,5.875047268589669,0.4640614577159531,9.7,5,149,1
-33.932860006332405,5.70030679954969,-9.914936290321243,10.273025813425194,3,2,-4,5,44.338718456988126,5.019369084231701,6.867072393661038,6.33208248351295,9.7,5,149,2
-65.41412776198364,7.922658038848413,-9.545522962020076,10.166047230859965,3,2,-4,5,69.22707961114077,6.033007482199335,5.671884605505358,5.167423451307716,9.7,5,149,3
7.093480736616166,0.591917867255855,-4.5632842279296515,7.385144731378422,3,2,-4,5,4.355875454996996,1.9141860533792323,3.7961271016573823,3.594246094274491,9.7,5,149,4
-32.29936668097585,7.503168962056735,-9.008170133068102,6.332172711073098,3,2,-4,5,36.80231825623796,5.848812872167346,5.396263048458486,1.368092189543081,9.7,5,149,5
-44.264522126565886,10.01740219390298,-11.574405773554291,5.965747176938104,3,2,-4,5,48.45542214533591,8.283062339488106,7.86586779114573,0.9794809039694166,9.9,5,150,1
-30.384351676780717,7.959673760936777,-9.492826776746409,5.761239765196228,3,2,-4,5,35.00320244179224,6.363438460507506,5.939447179756798,0.8233217942285009,9.9,5,150,2
-47.76560496732815,7.996708028234368,-9.549931256121686,7.841709359981198,3,2,-4,5,51.85098419654024,6.189117409386407,5.767551283870276,2.8466015798190543,9.9,5,150,3
-39.190185162219954,10.398950613212984,-11.966128844475602,5.273817180726791,3,2,-4,5,43.53745252010603,8.739146506490734,8.334691167747975,0.33147492958957514,9.9,5,150,4
-4.848161525471442,4.279136131106772,-6.369811650830862,5.347414259815377,3,2,-4,5,11.22566754991241,3.810549245308637,4.180801916207542,2.0358788381349675,9.9,5,150,5
