alpha_rmse,beta1_rmse,beta2_rmse,psi_rmse,sd,l0,task_id,iter
0.00110303790245594,0.06204692663675925,0.09463753865109556,0.10970914177223248,0.1,1,1,1
0.0368401975387623,0.05036852693736268,0.07120133703261888,0.14466338089403347,0.1,1,1,2
0.0402248910289909,0.01940839834775571,0.02007937164121295,0.09738944940859504,0.1,1,1,3
0.01453138323654911,0.04848667932769899,0.08290686472815716,0.1076908953962314,0.1,1,1,4
0.00230604131658741,0.04912979426338956,0.0784820312065897,0.1080971350175949,0.1,1,1,5
0.04029461996035897,0.02786151527477784,0.07013997502211271,0.09247959130048752,0.30000000000000004,1,2,1
0.02986392402465465,0.05738439392861087,0.06302265517765607,0.13424112004132627,0.30000000000000004,1,2,2
0.01904559838715681,0.03963671709176792,0.08026954211207649,0.08968307073162794,0.30000000000000004,1,2,3
0.0054228473740098,0.04669151698148997,0.0899786512282459,0.0829870995210183,0.30000000000000004,1,2,4
0.02421433671836849,0.03498126333521843,0.0967987787720492,0.1056188876815367,0.30000000000000004,1,2,5
0.03649072618467356,0.08487821325559473,0.08710603159482568,0.16814110711843266,0.5,1,3,1
0.01431551092286335,0.05272172404795853,0.1007991912734863,0.13084303840924336,0.5,1,3,2
0.01487388723433524,0.04432724415731191,0.08463160313079685,0.11420223050890592,0.5,1,3,3
0.01953146828391101,0.05439095205330056,0.07805855017767252,0.09858894718202038,0.5,1,3,4
0.02531666739932734,0.03512998763121901,0.05871425910129801,0.09949557054981088,0.5,1,3,5
0.00624188346350981,0.03788467882715389,0.07859679808888352,0.09064198409400052,0.7000000000000001,1,4,1
0.00455126432198381,0.03550273414291498,0.07981768867571007,0.11456693308868748,0.7000000000000001,1,4,2
0.00961958983817198,0.02812763560117059,0.07819055609927521,0.10398763354571045,0.7000000000000001,1,4,3
0.00917288521955994,0.05506274922427,0.0980821754078881,0.1039293523505862,0.7000000000000001,1,4,4
0.00306736137906024,0.0514293596113164,0.0860210891768959,0.10859058872138996,0.7000000000000001,1,4,5
0.05166611235851214,0.0287146967273477,0.04399184968211688,0.08311708924312422,0.9,1,5,1
0.0464937708446397,0.0234434984557075,0.02281554553248107,0.06847245646290452,0.9,1,5,2
0.01395232652504069,0.03732018011983113,0.08175038290150169,0.10771062212939216,0.9,1,5,3
0.01141179248868133,0.03205106031018791,0.07669352205501874,0.10816450604875712,0.9,1,5,4
0.04285278986482233,0.0593131429544271,0.05917086884856538,0.17174577899305016,0.9,1,5,5
0.0803970145990243,0.05130396039985547,0.04046987938383367,0.18368713256408328,1.1,1,6,1
0.00779163108067093,0.04244138170007645,0.08542236415602159,0.08915351025095077,1.1,1,6,2
0.03109917996992548,0.04654146439297483,0.04044296238371742,0.09117629691761868,1.1,1,6,3
0.00579645593925483,0.03980332541643448,0.08328627434504422,0.09683282881293392,1.1,1,6,4
0.00950578784569329,0.03983913816232849,0.08554253457315457,0.11825404493807512,1.1,1,6,5
0.02018606232750276,0.05238177785852943,0.07467046188864816,0.11154182531839346,1.3000000000000005,1,7,1
0.032793075798268,0.04552018669791052,0.03507629372187235,0.08570443138946257,1.3000000000000005,1,7,2
0.02095097363677498,0.04345772551465723,0.05820959708704565,0.09418944678018594,1.3000000000000005,1,7,3
0.01404200554856907,0.06005356732260288,0.09225322171566291,0.09496931009272312,1.3000000000000005,1,7,4
0.00379132897330019,0.04423935267498746,0.08924271710171645,0.12296064081071136,1.3000000000000005,1,7,5
0.0056770671673846,0.0430931142654125,0.07354505782725258,0.09313936211786196,1.5000000000000002,1,8,1
0.01585948050921046,0.05957024151367529,0.09054231991265882,0.11953329169104908,1.5000000000000002,1,8,2
0.00532586507719838,0.05442617283094812,0.08113570595037782,0.11843906924247878,1.5000000000000002,1,8,3
0.02721355801122759,0.04597553746628946,0.0705992361031981,0.11746550671789288,1.5000000000000002,1,8,4
0.03375912410137702,0.04157426763962846,0.08048179885261006,0.11378803847465012,1.5000000000000002,1,8,5
0.01163825414059834,0.05791731547877951,0.08209639641837332,0.0776898024471353,1.7000000000000002,1,9,1
0.02315011012342669,0.03119846804840068,0.06372640311724403,0.12013854170445598,1.7000000000000002,1,9,2
0.02722647816318206,0.0339050225187098,0.06350180439508268,0.1062701984762563,1.7000000000000002,1,9,3
0.05363692098152288,0.05474168779012239,0.06120340436330446,0.13232253094712465,1.7000000000000002,1,9,4
0.02587015768771804,0.04296141716888626,0.07516201562939735,0.07769661111467827,1.7000000000000002,1,9,5
0.02111190763542013,0.02119633188266358,0.07009344931522243,0.09857153305744376,1.9,1,10,1
0.00668019606830648,0.03595559383853302,0.07535371750993781,0.0938089214502084,1.9,1,10,2
0.04941316519973801,0.04841376955845346,0.04900060058572864,0.1211643521567756,1.9,1,10,3
0.03443374367528629,0.06889612515328948,0.08026497286349284,0.13156766690265304,1.9,1,10,4
0.03371621601813621,0.03335999114150907,0.07589477133538038,0.11500609930357043,1.9,1,10,5
0.02122901974857193,0.02349174256621758,0.07910570849406819,0.08960514383314808,2.1,1,11,1
0.02429998039063837,0.04100702044084833,0.05755053539242037,0.1035690518456445,2.1,1,11,2
0.01885445283385961,0.03307745920054673,0.08119951325651618,0.09413777669863616,2.1,1,11,3
0.05878584698618898,0.05803077373746126,0.05000196300629854,0.18084435581321132,2.1,1,11,4
0.01605250002740314,0.03313708361835177,0.07075979791009922,0.11024279632237494,2.1,1,11,5
0.0293459283941812,0.0459478322893315,0.09165500519709456,0.12399490266916652,2.3000000000000003,1,12,1
0.01444700336948184,0.04230082928083572,0.08321132453793352,0.10947243942599624,2.3000000000000003,1,12,2
0.00871013125713284,0.02762831902944379,0.07887925556707569,0.09156539233546857,2.3000000000000003,1,12,3
0.0104665503337755,0.04293562358604215,0.08079580787440861,0.11284288554387269,2.3000000000000003,1,12,4
0.00512542597587281,0.0421715905184566,0.07739814447629556,0.10201664630706218,2.3000000000000003,1,12,5
0.02913486375513436,0.06280060635430168,0.07641241162240527,0.11864613432779782,2.5000000000000004,1,13,1
0.00108568442205052,0.04888968234803768,0.07072429964991073,0.09926149373499206,2.5000000000000004,1,13,2
0.01260074029465966,0.04294139370134557,0.07211491020148464,0.09978199051673738,2.5000000000000004,1,13,3
0.02667894202489553,0.0611991104901809,0.09533588369599531,0.09921316080931024,2.5000000000000004,1,13,4
0.00668947560341367,0.03968476274680761,0.07280371847185861,0.08725349399170988,2.5000000000000004,1,13,5
0.02184292008143096,0.02825688285144899,0.06015918928875353,0.1139810927158739,2.7,1,14,1
0.00232044241861927,0.03286246609647564,0.07852898135581353,0.08914573137120997,2.7,1,14,2
0.0554265706282619,0.03333915042422416,0.04121442696800694,0.0744150797122406,2.7,1,14,3
0.02193117015302653,0.03510096918314223,0.08727597776741047,0.11092702616024884,2.7,1,14,4
0.03830016075683155,0.05594627553743735,0.06011040899356577,0.1555877646393762,2.7,1,14,5
0.10256807619453734,0.04373211690759279,0.16348451209646372,0.09776704104326615,2.9000000000000004,1,15,1
0.05349133988754285,0.06953905216339692,0.0820007814397253,0.1464264374020248,2.9000000000000004,1,15,2
0.03908271507722954,0.05527362029788056,0.03596359029562287,0.1441434412970514,2.9000000000000004,1,15,3
0.03914943206353261,0.03904587089801364,0.04312885028788449,0.08960069498505488,2.9000000000000004,1,15,4
0.02631219526706992,0.06398844803134533,0.09726703181378564,0.1314804726075422,2.9000000000000004,1,15,5
0.06123162954133004,0.02971159363976489,0.03325577758084683,0.06152765886628864,3.1,1,16,1
0.00185668787516842,0.05177101572936223,0.0738694595167864,0.10772253573892716,3.1,1,16,2
0.03679469698386257,0.04242869390898665,0.05237869152010362,0.12920981755724636,3.1,1,16,3
0.01434638223434215,0.04036956244212563,0.06852421989235327,0.09166451119477628,3.1,1,16,4
0.03805462964265511,0.06357454084228015,0.04714287946578661,0.15703006843029002,3.1,1,16,5
0.00557899768918207,0.0411186123250666,0.073105732703095,0.09901272105998311,3.3000000000000003,1,17,1
0.00265293891975534,0.03401882460160869,0.08136169325515882,0.10018476141653788,3.3000000000000003,1,17,2
0.01129046700552663,0.04255507031873425,0.07312889052592757,0.1068519860518931,3.3000000000000003,1,17,3
0.00739041310772375,0.03316537812343929,0.09595691473259951,0.10341324644060627,3.3000000000000003,1,17,4
0.00665251357163854,0.04339085472559607,0.07831032823756606,0.10075661229010673,3.3000000000000003,1,17,5
0.00897118367813003,0.04646341010852045,0.06853276081482636,0.12171544983602409,3.5000000000000004,1,18,1
0.03296951453049592,0.0211486810268006,0.0520718560343492,0.11468407215668323,3.5000000000000004,1,18,2
0.004041656617933,0.03590295934377805,0.08150504804064994,0.09577037754334888,3.5000000000000004,1,18,3
0.02989026929649065,0.0569631848870811,0.06735103638861828,0.13255558635505385,3.5000000000000004,1,18,4
0.03090490828550004,0.03400148690735713,0.07809801217766942,0.13101851171994022,3.5000000000000004,1,18,5
0.0104268509548736,0.02879170558813896,0.0617121584592687,0.09161271769851614,3.7,1,19,1
0.03244276144036134,0.01723904744322754,0.03538850419227892,0.07050817813331263,3.7,1,19,2
0.01298120577516169,0.04429682079594525,0.07892152884391768,0.11758706285052052,3.7,1,19,3
0.04871884561058712,0.07314109370674426,0.07315747401393244,0.15290001681664225,3.7,1,19,4
0.01304553076044154,0.06115328642970606,0.08946718238004425,0.11475308821179418,3.7,1,19,5
0.02621193895322649,0.06659797497582688,0.08109996198239863,0.12050363217439236,3.9,1,20,1
0.01515304314488971,0.03560459031416902,0.07262641985914525,0.09714642945488725,3.9,1,20,2
0.02869416869509384,0.04082624310685148,0.05878578101992214,0.10943384511395056,3.9,1,20,3
0.05164475532281645,0.03934240001750058,0.02753527802527728,0.13774833401474448,3.9,1,20,4
0.05705666426998588,0.02859136857953929,0.0318732623814915,0.04604678550510242,3.9,1,20,5
0.00835926810160069,0.05002542794971099,0.08938922676740704,0.10881791367233744,4.1,1,21,1
0.01487940688701942,0.04372781028728927,0.06414504272239276,0.1227725514310856,4.1,1,21,2
0.10488132699753498,0.0377873798091809,0.10266463047632496,0.09726344935636104,4.1,1,21,3
0.00659543841899518,0.03448402219202034,0.0863903912366406,0.10976217556765314,4.1,1,21,4
0.03559648748350325,0.03416104729513331,0.04162033461919218,0.12443029406285187,4.1,1,21,5
0.03537516535702897,0.0582458833622731,0.09249021161645284,0.1477600117779242,4.3,1,22,1
0.02675061615396879,0.05279095127815685,0.08896532985530439,0.10650752761152212,4.3,1,22,2
0.0022197746152486,0.04605788917836437,0.08333995480442898,0.10286211599964044,4.3,1,22,3
0.01279451125930085,0.04281705757748209,0.07325970668963272,0.10493476527885871,4.3,1,22,4
0.00648168176885546,0.049399344600684,0.09198501835307486,0.10008924841459715,4.3,1,22,5
0.05021480976436893,0.04765190296940488,0.035321673564883,0.14955860120332057,4.5,1,23,1
0.02076924522775483,0.0425814467054997,0.08004660716930195,0.10747264114261831,4.5,1,23,2
0.01466443477989529,0.04414795831261801,0.0735053508258667,0.1146431311121845,4.5,1,23,3
0.07500203240655573,0.06488791314454546,0.03952966232382352,0.1470457346172722,4.5,1,23,4
0.00350326128746876,0.05155944645948082,0.08792787003465574,0.09590607982632111,4.5,1,23,5
0.03023447282608319,0.05255394710368472,0.07331190382412309,0.12065399787717244,4.7,1,24,1
0.0232426548083637,0.05020594783310815,0.070486381753946,0.08489695252839029,4.7,1,24,2
0.03702965387066424,0.01915370512471249,0.03238926145427698,0.10563451504593646,4.7,1,24,3
0.03390054998506794,0.04192471481700691,0.05174501302240729,0.09900790408258504,4.7,1,24,4
0.00349140654452747,0.03443442953804312,0.07658161046415568,0.10814306432693913,4.7,1,24,5
6.993330237085847e-4,0.02881609050447411,0.08714885705850194,0.10186834047500969,4.9,1,25,1
0.03156748319313956,0.04343804707205749,0.0696654389708515,0.11407025130626192,4.9,1,25,2
0.01984712546488544,0.05833439105538242,0.06862888673556071,0.12416313076431404,4.9,1,25,3
0.01745830866114727,0.04275207329303433,0.0798158031836874,0.10089881344663024,4.9,1,25,4
0.03102378040940647,0.0354214707684268,0.07055525186075878,0.124001548026319,4.9,1,25,5
0.01298557064893179,0.03529500302767379,0.094865257712164,0.1040214666801608,5.1,1,26,1
0.0392573551536875,0.03383867529182912,0.04495289278518958,0.08939566611175497,5.1,1,26,2
0.01335050462800414,0.04966049866163134,0.06323598190947206,0.10053789050816264,5.1,1,26,3
0.05772480587146002,0.06413628172339392,0.0339180798645174,0.1817531968142693,5.1,1,26,4
0.01463775215821662,0.03505500988081959,0.07487042107820488,0.10431191943522965,5.1,1,26,5
0.02040434272330905,0.06157934915215388,0.07148256910380157,0.11390430548263816,5.3,1,27,1
0.02724598178478788,0.03231720015490848,0.04481478883835543,0.1038098534746567,5.3,1,27,2
0.00797599043141884,0.0226154054549333,0.08952555115299773,0.09795812098267095,5.3,1,27,3
0.00477390081407078,0.05933191106437265,0.07100741565405412,0.10756729438162092,5.3,1,27,4
0.0221122953485499,0.03235071778337529,0.04959449613163654,0.0948918961866424,5.3,1,27,5
0.00762845168509375,0.04030953288480174,0.07771731447897741,0.1003901080481102,5.5,1,28,1
0.02043274401860166,0.03983924667129812,0.0725410935048164,0.09964181717729252,5.5,1,28,2
8.239951409925078e-5,0.04821831651710077,0.0875503261728098,0.09256593088418648,5.5,1,28,3
0.03220658248643028,0.026540006549317,0.06125551859620265,0.05605002625542257,5.5,1,28,4
0.01946993431048045,0.05079534899241953,0.07659730254507906,0.12302672318751622,5.5,1,28,5
0.04703786598006608,0.03418883690904399,0.04349734756256186,0.13642300827118622,5.7,1,29,1
0.01351157743119728,0.03930352302788319,0.09937836108752485,0.0941353792300026,5.7,1,29,2
0.0197427559996362,0.05697415508366788,0.09465503683977416,0.1224773521202955,5.7,1,29,3
0.0364151787078117,0.04065719398783511,0.04287555672906578,0.10107952321424028,5.7,1,29,4
0.00663564023437772,0.06610104475009365,0.08684479428574596,0.09404285988245374,5.7,1,29,5
0.03615651906010718,0.04050785421871276,0.08077883104012404,0.08891302552593866,5.9,1,30,1
0.00775933649659927,0.02841970298086939,0.0772323054436981,0.09060884266731514,5.9,1,30,2
0.02103977230507149,0.03971788479831184,0.07321656757112596,0.09818517459619336,5.9,1,30,3
0.0129291284331872,0.03609387047277937,0.06750986994313991,0.09393187861606168,5.9,1,30,4
0.01434550418744441,0.03396229603008056,0.0728464839887574,0.11873156731840756,5.9,1,30,5
0.00488876896731217,0.03761850855650786,0.07323833780811703,0.0947502337964108,6.1,1,31,1
0.02839514803454702,0.05527491019092347,0.06304663682743163,0.11748705246859262,6.1,1,31,2
0.04490354083616491,0.03587247381160714,0.02753983671397929,0.09978986599476725,6.1,1,31,3
6.26220382486057e-4,0.0460141710532192,0.08504618975684625,0.10766472888688604,6.1,1,31,4
0.02680960191838411,0.04239023224654871,0.0715185900318861,0.11504124130624144,6.1,1,31,5
0.01232880613114954,0.03402513334716875,0.07935458642352945,0.11383695748038496,6.3,1,32,1
0.01333499776720914,0.0299372036999735,0.0799870627824976,0.09096944928216116,6.3,1,32,2
0.00818260152987462,0.03802884328072723,0.08910005994095356,0.10260655526491316,6.3,1,32,3
0.01907335599233928,0.03398256070927352,0.07741520124233157,0.1288252344932639,6.3,1,32,4
0.01872159194724985,0.03492552960605805,0.09301071410249374,0.11204894679807366,6.3,1,32,5
0.04320968986241631,0.02725427659061922,0.03347223340305502,0.09112761499449176,6.5,1,33,1
0.02026248884733239,0.04125827771859054,0.0703684262707628,0.1160552894414862,6.5,1,33,2
0.01625520539006799,0.03161429374059112,0.08655493487334463,0.09644866045460668,6.5,1,33,3
0.03785802209838587,0.04930927876224363,0.06291684376612625,0.10845498707041608,6.5,1,33,4
0.0096123243887254,0.05918492285878265,0.08459477201375241,0.12527331522676588,6.5,1,33,5
0.03130451519717942,0.03825566718726696,0.03988990602182941,0.09340886919373606,6.7,1,34,1
0.00542323645820232,0.042623201720197,0.08572711080597467,0.10820989194207256,6.7,1,34,2
0.0076427665146495,0.03808852182689647,0.07416177295676711,0.10148700522039172,6.7,1,34,3
0.01092041388131452,0.03415467904473573,0.06855287916050663,0.08773633603960894,6.7,1,34,4
0.02334043481854,0.0311347918128829,0.0539409254016068,0.10531062057603216,6.7,1,34,5
0.00858569527948236,0.03353305288953764,0.07107669738013929,0.0945273392544104,6.9,1,35,1
0.00330437240038291,0.04487787479785832,0.07806548810451151,0.11005621170927056,6.9,1,35,2
0.02651142486576601,0.01734357061329756,0.05187183155697242,0.09663702987746432,6.9,1,35,3
0.03003768141909086,0.0367309769218604,0.05937681352117033,0.11085944930817317,6.9,1,35,4
0.02418323919751197,0.05125305653731814,0.0735308236637397,0.09327149914614792,6.9,1,35,5
0.04858357994004609,0.06398726774108188,0.07470395275817933,0.15939023567860575,7.1,1,36,1
0.04289173046858471,0.06733583295783119,0.0658288698314449,0.13425886725612707,7.1,1,36,2
0.01172759760263819,0.03857207681930263,0.09268463152765848,0.09235059815413887,7.1,1,36,3
0.04284148569488108,0.05365595525623919,0.03726248460854927,0.1220236888013363,7.1,1,36,4
0.01163210228846777,0.0438295295673065,0.08789310184116024,0.11042413496695327,7.1,1,36,5
0.05154083689956591,0.04659754972951273,0.04488157348228192,0.11518456927311164,7.3,1,37,1
0.00171414868426211,0.04000481834626433,0.08136760680697368,0.09012661054715512,7.3,1,37,2
0.02267107643287036,0.06133367733488329,0.07454360446831076,0.1289925263589954,7.3,1,37,3
0.00455093448042246,0.04974550156541488,0.06666658104152119,0.09978954019143842,7.3,1,37,4
0.09793366473303304,0.04842696798776344,0.1284527055701314,0.05671356927235164,7.3,1,37,5
0.01376422424678248,0.0399405300699681,0.06097994855551501,0.11258924560625112,7.5,1,38,1
0.05310955982672938,0.04756881322305627,0.03905418950648392,0.08877899953714129,7.5,1,38,2
0.00479754537511771,0.03626691718218572,0.08321189755705559,0.09097807415983504,7.5,1,38,3
0.02264180747700853,0.03032956551285662,0.04533248270151294,0.10327852345177505,7.5,1,38,4
3.6177882388766766e-4,0.04815292796628233,0.07998499492201165,0.1090662855022116,7.5,1,38,5
0.04426730369093967,0.03844598909564974,0.04141932497007823,0.1196739135095605,7.7,1,39,1
0.03020416869224285,0.05556755421232471,0.1076100078921039,0.1186460289622134,7.7,1,39,2
0.03610281112307948,0.04418941539046437,0.05885115348504369,0.12561110154624044,7.7,1,39,3
0.0226758256689355,0.04032864370487102,0.06731800213914116,0.1038027278371727,7.7,1,39,4
0.04827013571289405,0.02504375549068962,0.02467423429691492,0.0912032564028331,7.7,1,39,5
0.01995534666990608,0.03450538652459627,0.04599119844666113,0.11354363074050727,7.9,1,40,1
0.03298848218580298,0.03642375942276033,0.06118168779350931,0.11353267516049996,7.9,1,40,2
0.0160318555898633,0.04794131568503094,0.08430159045058871,0.10466793235275308,7.9,1,40,3
0.00565550500744087,0.03459846676513636,0.06966483967103489,0.11789618261839556,7.9,1,40,4
8.850262736682092e-4,0.02882722869141706,0.07866258358977257,0.09543502531626354,7.9,1,40,5
0.00932346428991215,0.03608665385839586,0.07955098426064876,0.09502782785536044,8.1,1,41,1
0.04292259122324043,0.05773383812354731,0.06059207143968635,0.09542569031987368,8.1,1,41,2
0.03801439278581903,0.0642897244215092,0.07007263377365167,0.1518796484933579,8.1,1,41,3
0.01845946950219508,0.02687603758390583,0.08290447250157144,0.08164638929906186,8.1,1,41,4
0.03695542835551742,0.03352170662423194,0.04410431274305827,0.10571317764211736,8.1,1,41,5
0.00784130604904517,0.04984366898860992,0.08416732381897388,0.10814485070686249,8.3,1,42,1
0.01847039117295311,0.04661507692885337,0.0731452833606862,0.10556534086839212,8.3,1,42,2
0.00422400201798797,0.04864149854541107,0.07737968877352357,0.09401550526734916,8.3,1,42,3
0.07642659985472153,0.08270996480809913,0.04817229170073173,0.14751466516825626,8.3,1,42,4
0.01980443593346249,0.02544130974715799,0.09694803689682902,0.08830868139605419,8.3,1,42,5
0.0011820714863903,0.03436507248184124,0.07998788009004988,0.11056631490374484,8.5,1,43,1
0.00777413216131431,0.05335258403233824,0.0799786621594615,0.10035694366021772,8.5,1,43,2
0.01625190329136108,0.05025863552216336,0.08420141452607825,0.1235664354016685,8.5,1,43,3
0.00988312219805887,0.04555883251265542,0.08801866603946479,0.10653047725394892,8.5,1,43,4
0.06979314123319771,0.05648504011864823,0.05138842622011717,0.1634648894931253,8.5,1,43,5
0.0374385702307389,0.03455258233381488,0.0374067304271533,0.08411308128696567,8.7,1,44,1
0.0361456391181203,0.02321521588396876,0.05711163935483015,0.08281183323401377,8.7,1,44,2
0.01776367796910249,0.02864774728481439,0.06402504347465562,0.10230952419290942,8.7,1,44,3
0.00119158176879328,0.04995314151227906,0.08773092482803035,0.1039360086670626,8.7,1,44,4
0.05593101208782963,0.05303748041885333,0.02782109787008329,0.11449434393363304,8.7,1,44,5
0.00299168899577901,0.05254554268143584,0.07786032812507011,0.10759633068880003,8.9,1,45,1
0.06681228315051525,0.04629720074729965,0.03740468638300146,0.12095593888377756,8.9,1,45,2
0.03162563866130132,0.04366803324321542,0.06925794637346527,0.11593188442093282,8.9,1,45,3
0.03171352428844092,0.03782311240267726,0.06215053343673021,0.09444866167132487,8.9,1,45,4
0.06001580118516139,0.08379238890965827,0.0600740447862334,0.20372775205213595,8.9,1,45,5
0.02936256643439069,0.05525731937729542,0.06751573990139755,0.119048833918158,9.1,1,46,1
0.00433689644935061,0.03264764815335494,0.09604057834869605,0.10259600350641114,9.1,1,46,2
0.01745384823740844,0.03896604995051618,0.06504744916845125,0.09955758300314366,9.1,1,46,3
0.01820280855974485,0.03374502741183723,0.05811180222680105,0.10316843961224864,9.1,1,46,4
0.01268635273628176,0.04013424861197329,0.07872511345459124,0.10419426913484792,9.1,1,46,5
0.06617395868683436,0.07548687296240894,0.0587458563767425,0.1641388191062383,9.3,1,47,1
0.037500900618746,0.0279128949166957,0.05578107426060488,0.09014527970118467,9.3,1,47,2
0.02183633093479502,0.06531662587217991,0.06169080618165557,0.0978359299871132,9.3,1,47,3
0.04658734625026219,0.05367437028283661,0.04688030928814042,0.10978797485408404,9.3,1,47,4
0.04568918171717877,0.05478489544606337,0.03350941205036293,0.15169165163516543,9.3,1,47,5
0.01368977767948516,0.03870476620766627,0.06173679711736081,0.0964319012919491,9.5,1,48,1
0.01048457180101701,0.05100925332224018,0.09635649084461265,0.1066268997740274,9.5,1,48,2
0.04029136409690416,0.02564641697864031,0.0587871300575989,0.08055758344295047,9.5,1,48,3
0.00885054894804931,0.03989455254816503,0.09142753619158724,0.1029212875867804,9.5,1,48,4
0.03044737052085906,0.04978509839131767,0.06637989059346727,0.10245405463878024,9.5,1,48,5
0.03265360853419861,0.05138989772372852,0.06846880929853713,0.1630800555796033,9.7,1,49,1
0.0199637998410218,0.03246876528305601,0.09029417202151632,0.10057031710591698,9.7,1,49,2
0.02597319442177949,0.05165642194612208,0.08024479618912306,0.11694923870182172,9.7,1,49,3
0.02810571417469119,0.03394884375698001,0.04555646813490116,0.08314294670896491,9.7,1,49,4
0.0210691941370844,0.04947775436126613,0.05929236976919299,0.1050190911323111,9.7,1,49,5
0.0071890468741266,0.05974427366688317,0.07219421655543158,0.09623511229932948,9.9,1,50,1
0.0101289932815836,0.04988816700631918,0.09562863411462974,0.09779871677737588,9.9,1,50,2
0.00804276456818899,0.05425704344845138,0.08697043692018792,0.10475887816284472,9.9,1,50,3
0.01456840642313827,0.0432047548855765,0.08515332937724251,0.1056976578360328,9.9,1,50,4
0.03813829058461631,0.04845452598317901,0.07648435897518104,0.1802875202164862,9.9,1,50,5
0.00412270250380997,0.04928762673428165,0.09879209245369948,0.10156023416472648,0.1,2,51,1
0.0164350780933863,0.04992534774013265,0.09851172963436258,0.10499147426607432,0.1,2,51,2
0.10023404359779205,0.02272168169966422,0.02809602528390915,0.1644855555643929,0.1,2,51,3
0.0124846042613633,0.03913573605051648,0.07197860380152667,0.09471204187217187,0.1,2,51,4
0.01250562277086904,0.02928928059415721,0.05958226080674569,0.09958345367333345,0.1,2,51,5
0.08238100141512035,0.082713462766163,0.0980305472220584,0.1276292120784451,0.30000000000000004,2,52,1
0.05206847623855286,0.04239695884576371,0.07605167488618354,0.0686929061619584,0.30000000000000004,2,52,2
0.05859544082111061,0.06990024432474279,0.09267627269373437,0.14966040892130936,0.30000000000000004,2,52,3
0.00410457887962243,0.04221590342786476,0.06782524618910912,0.08830345772779917,0.30000000000000004,2,52,4
0.05423278903990105,0.04635532052364197,0.08855309120512998,0.08815747490603207,0.30000000000000004,2,52,5
0.0117850928424553,0.05608720601986639,0.06985356130663206,0.09396032751479748,0.5,2,53,1
0.00731977091959087,0.0419180939030302,0.08720046014834036,0.09554660388997906,0.5,2,53,2
0.01453136346481471,0.04758959504875098,0.08641398526352048,0.12240505044091884,0.5,2,53,3
0.12018130408332456,0.02983291091355355,0.05870124892930258,0.03769611334526358,0.5,2,53,4
0.08324250877574614,0.05979693982067786,0.09117058584093396,0.10481070573829072,0.5,2,53,5
0.11106150657453168,0.0257261569306814,0.03649484409846679,0.03373203347796316,0.7000000000000001,2,54,1
0.07641148039470129,0.07187999647055161,0.08006055144124417,0.12669422494878296,0.7000000000000001,2,54,2
0.05788864883229616,0.05044701564120749,0.07735751337936393,0.1167573698676162,0.7000000000000001,2,54,3
0.00993426967444947,0.04120934200134112,0.06367919966027256,0.10618730500093929,0.7000000000000001,2,54,4
0.01575834144607199,0.03973610122028924,0.09052018035292723,0.10406441594560244,0.7000000000000001,2,54,5
0.00806445014006133,0.04309566431190169,0.08311929269605571,0.09932695208402006,0.9,2,55,1
0.01475160364674305,0.05000357292510474,0.10181347963157825,0.12829139573058346,0.9,2,55,2
0.0554040065134145,0.03093289697736281,0.08724480922829979,0.0611450274630517,0.9,2,55,3
0.00456836343555221,0.0416993056944397,0.08193527544536483,0.09735904502774637,0.9,2,55,4
0.12066787345833214,0.0243692934423626,0.04920428323384372,0.05178162257207701,0.9,2,55,5
0.00319670678873214,0.03126217573831506,0.08599443343504966,0.11782228721167604,1.1,2,56,1
0.09214023361044352,0.02551830938258051,0.03628833340258732,0.04630449759160269,1.1,2,56,2
0.02371376716989101,0.05288666554838891,0.06798253827854453,0.11817021646164548,1.1,2,56,3
0.07015057888086952,0.06352327990210545,0.05009009668873312,0.12148021763300852,1.1,2,56,4
0.1304507366744361,0.0530033766716589,0.04101673322355467,0.12225682126702447,1.1,2,56,5
0.04650070331107327,0.07109846709240579,0.113529324865786,0.12192248672396865,1.3000000000000005,2,57,1
0.0014587396724647,0.03832239516961608,0.08912509447988334,0.10066617562625028,1.3000000000000005,2,57,2
0.01195731667697443,0.04972045458652302,0.0775163881048045,0.0904768808896057,1.3000000000000005,2,57,3
0.15716255510544971,0.07773842592865159,0.04788034270828101,0.1080339263547722,1.3000000000000005,2,57,4
0.1528982413679396,0.04979345920363537,0.1695117489659794,0.10843685958572186,1.3000000000000005,2,57,5
0.09710237484335082,0.04601184982636817,0.08963283774595175,0.0589682460186657,1.5000000000000002,2,58,1
0.02412751165135979,0.0369993239271313,0.06990630690351995,0.09133063232154248,1.5000000000000002,2,58,2
0.14240457600792766,0.041295264868495,0.116385028442791,0.11645912280725748,1.5000000000000002,2,58,3
0.00301950935083893,0.03722197209898437,0.08226212376930968,0.10209015822441006,1.5000000000000002,2,58,4
0.02312091188242777,0.05375370111605124,0.08291016629978505,0.11424868203107916,1.5000000000000002,2,58,5
0.09622318987135156,0.05581260083583286,0.08089291031176737,0.12679094776068164,1.7000000000000002,2,59,1
0.04878465943543592,0.02723532366496741,0.06655447955011674,0.09215051540633076,1.7000000000000002,2,59,2
0.03515866656496041,0.05094323199633387,0.08769831422594265,0.1174183510781928,1.7000000000000002,2,59,3
0.1594645449621515,0.06399145061602173,0.08633538895694226,0.09351099739422249,1.7000000000000002,2,59,4
0.05380864153437258,0.05192439432735371,0.10183660013599032,0.09162327721580704,1.7000000000000002,2,59,5
0.02040712215693966,0.02226174568430854,0.04981918236532099,0.08316058550892708,1.9,2,60,1
0.02750367087661747,0.05408523394976746,0.07581586310344628,0.12041917047769822,1.9,2,60,2
0.05262905194688194,0.03695874025663472,0.07229268414238693,0.08814339419023416,1.9,2,60,3
0.05287217330427012,0.03983015013565477,0.07056553701793448,0.08658760311623095,1.9,2,60,4
0.02572409517132141,0.03077845621629998,0.07775459728319463,0.0905115550218261,1.9,2,60,5
0.04644279520221987,0.05722347524806295,0.08250054661033006,0.11041350707838948,2.1,2,61,1
0.01912199079053725,0.03925678224488341,0.07818547176989141,0.09999464294246609,2.1,2,61,2
0.0253179331522313,0.0399620912203395,0.09189432880638404,0.10505069758013871,2.1,2,61,3
0.02491671262224742,0.05258350317761361,0.07266513367468756,0.10548693399243105,2.1,2,61,4
0.01285029025397204,0.04133057218369473,0.07217175866533068,0.08614071486581154,2.1,2,61,5
0.11988610610961371,0.04823827779893682,0.05482024662883093,0.07386655851625185,2.3000000000000003,2,62,1
0.00605633327932134,0.04145452621383387,0.07792748467040445,0.07987819190075444,2.3000000000000003,2,62,2
0.00304677731197354,0.03581008422442178,0.09496379946954656,0.1113307113521146,2.3000000000000003,2,62,3
0.05560181403771041,0.05161452636865966,0.06318174618103169,0.10346361358762726,2.3000000000000003,2,62,4
0.07754823366733242,0.05050081242039297,0.07705642471465633,0.1294918917362302,2.3000000000000003,2,62,5
0.01729597732937159,0.04414118469291522,0.09062061609950296,0.1069374521443695,2.5000000000000004,2,63,1
0.09424952351508872,0.05006455558589861,0.07704266687328214,0.10435774694222127,2.5000000000000004,2,63,2
0.14876029205775235,0.03228714824514445,0.07290091748709954,0.07269473935830505,2.5000000000000004,2,63,3
0.00215666200915645,0.0514422158882311,0.07456023005171444,0.09163810149013414,2.5000000000000004,2,63,4
0.03659473611292455,0.02609787247039706,0.055623027350183,0.07758775138051519,2.5000000000000004,2,63,5
0.01574090050594468,0.04889971441692632,0.08649657967438666,0.09203575228442688,2.7,2,64,1
0.0080617333434402,0.03811520584240242,0.07245626110346469,0.11319529849095168,2.7,2,64,2
0.0751613325556821,0.06594649548586143,0.07969372627017929,0.14689950845178665,2.7,2,64,3
0.00814544402410698,0.04018521744151877,0.07092591392146926,0.10753657823668318,2.7,2,64,4
0.0923089355651777,0.0513732614856873,0.08799652346281434,0.07067777072399142,2.7,2,64,5
0.1219075552180904,0.08539687642297043,0.0943612277335154,0.13819581184244575,2.9000000000000004,2,65,1
0.04974970614737189,0.05040886652789771,0.08392806595733368,0.1033394888858086,2.9000000000000004,2,65,2
9.083836236196264e-4,0.04735666921821218,0.08546713377891677,0.10767841688940635,2.9000000000000004,2,65,3
0.04307169180712242,0.04452728846772596,0.06938877426005008,0.11202056517224976,2.9000000000000004,2,65,4
0.09320885411327974,0.05905081955108753,0.08262829796218592,0.1110452201152457,2.9000000000000004,2,65,5
0.06290951080331111,0.05105708173276447,0.08937704565688319,0.10296873284716408,3.1,2,66,1
0.03302249754655721,0.04701315463328559,0.10130745792817232,0.12732281063277545,3.1,2,66,2
0.01902232078166318,0.05677584381080852,0.101391765383643,0.10011844360850376,3.1,2,66,3
0.04710398984498328,0.08484292275497854,0.08279831359033672,0.14012740263073695,3.1,2,66,4
0.0178121442190882,0.02942929230527955,0.07734976345018833,0.1193734419700108,3.1,2,66,5
0.03702683205769142,0.05986618044488327,0.0849247196222956,0.1305123890696716,3.3000000000000003,2,67,1
0.043598057184533,0.07836059984896819,0.10142404101933748,0.1345622601270937,3.3000000000000003,2,67,2
0.00841947891867032,0.05949721517325803,0.09103868195044688,0.10133457662541118,3.3000000000000003,2,67,3
0.1263634745058676,0.03206736882695969,0.0425599292605457,0.09174115539731632,3.3000000000000003,2,67,4
0.09235950798225752,0.04407628108277605,0.04506800033124771,0.08040725586116813,3.3000000000000003,2,67,5
0.06108813489747021,0.08265419472179916,0.09759907630320244,0.13027599666407635,3.5000000000000004,2,68,1
0.03888684004286204,0.0454817278965506,0.05837394142777494,0.08677622028491735,3.5000000000000004,2,68,2
0.02443023244038731,0.05556432391406921,0.09656926342479044,0.10288086511912824,3.5000000000000004,2,68,3
0.00594807891324132,0.04253472421920053,0.07390900346640647,0.10156203612036518,3.5000000000000004,2,68,4
0.00882572234627612,0.0456180401115332,0.07926985712470785,0.1036173549069899,3.5000000000000004,2,68,5
0.02843372655122481,0.04741332327496783,0.08720174246061613,0.1068334956614377,3.7,2,69,1
0.01027681753708913,0.0394540006825104,0.06961330123460607,0.07714443427982894,3.7,2,69,2
0.0512547324749432,0.05034673474810973,0.0864407247783574,0.05747985162100107,3.7,2,69,3
0.00130165151276051,0.02034952157505386,0.0775343498130643,0.09776622423615353,3.7,2,69,4
0.11487414326135764,0.08597066468814808,0.12403737736820432,0.14022520437208655,3.7,2,69,5
0.02971499020266441,0.05947101810646044,0.08285997907342448,0.1107127128351403,3.9,2,70,1
0.12916601264633246,0.04961178694212699,0.08443956906414214,0.0641680248109099,3.9,2,70,2
0.04131640154262622,0.06487821712182633,0.09250329918054136,0.12640595418940911,3.9,2,70,3
0.0841971322401846,0.05185776289493794,0.05955639039020754,0.07208266044242305,3.9,2,70,4
0.051913017586849713,0.06275422975739882,0.10532775442962944,0.08448378363085644,3.9,2,70,5
0.09069284316090503,0.07231468401532186,0.07867235866519756,0.15856267499420693,4.1,2,71,1
0.08296942675465825,0.04759358731544484,0.05071461197241492,0.05876744231139953,4.1,2,71,2
0.027497128618682,0.05493176426848815,0.0782539422014664,0.09083504854872126,4.1,2,71,3
0.00866422018366379,0.03916355160856173,0.07531959970078943,0.07617569989561006,4.1,2,71,4
0.08022747107932128,0.0425422266184969,0.05676316435941302,0.0935162509680188,4.1,2,71,5
0.12054436072310198,0.03680824348579847,0.05958819008123374,0.07151754060368046,4.3,2,72,1
0.08955619362927217,0.07317327963224704,0.09508621072544288,0.08548617187513065,4.3,2,72,2
0.099114004838456,0.0450573595394942,0.07573804870677316,0.07970644905056173,4.3,2,72,3
0.1105314380733628,0.08050862297749171,0.06408251728199064,0.1499369589432686,4.3,2,72,4
0.02408321565601594,0.03685231858155496,0.08988157069272902,0.11523420136662474,4.3,2,72,5
0.03478385650138639,0.029802208756019,0.05251111441512927,0.05519469856509488,4.5,2,73,1
0.0402800339540053,0.06128749498270468,0.08785319670240822,0.09048232236957164,4.5,2,73,2
0.04622066810261321,0.06811617215787247,0.09434054045700624,0.10789513513992978,4.5,2,73,3
0.03031111940179311,0.0677531283328426,0.1114680316936883,0.12247801200527936,4.5,2,73,4
0.04512489159911338,0.03534725617044753,0.10599897394781448,0.08379772639487806,4.5,2,73,5
0.15075767912030308,0.05738071362686989,0.04042281176996754,0.11380050341776549,4.7,2,74,1
0.00183883644110595,0.03911410982862963,0.07624439409368719,0.1047542250169907,4.7,2,74,2
0.00370728304427749,0.0437097006344972,0.06039401566851482,0.09660821804294883,4.7,2,74,3
0.0084288440488036,0.04598411067171247,0.07437132094420928,0.11854630656895584,4.7,2,74,4
0.09496993272858537,0.03304658495513376,0.03477180617970203,0.10829081891319772,4.7,2,74,5
0.02343380850788501,0.03119008174157944,0.08182035656639672,0.09704155887745368,4.9,2,75,1
0.04738792041417804,0.02976059020079929,0.09529829997102982,0.04522484200743728,4.9,2,75,2
0.00431898417085139,0.04251991400951026,0.07521453298564923,0.10110130021051524,4.9,2,75,3
0.05075533683336547,0.0350709045629758,0.0548047357370675,0.06058722420358403,4.9,2,75,4
0.05247403828810901,0.06316588327210562,0.08683672566891695,0.12705720583923552,4.9,2,75,5
0.01536582838768185,0.0400139738983746,0.06695529240303602,0.10053982159576816,5.1,2,76,1
0.00769734956080648,0.02285777729759014,0.09551129092103536,0.10098280580767306,5.1,2,76,2
0.10318278747248576,0.05429820613235409,0.0436551426155985,0.11733181433466872,5.1,2,76,3
0.09433917517484942,0.02104552614890536,0.03114984887757222,0.04761680619514545,5.1,2,76,4
0.18484888620065032,0.05887996011340919,0.10243073558008188,0.1624039907682173,5.1,2,76,5
0.0682550230723248,0.06052429349771797,0.08713778700886271,0.1131474006154085,5.3,2,77,1
0.01180991337802963,0.04647139062109317,0.08876981098056039,0.09191703540213962,5.3,2,77,2
0.12053373335336336,0.05778328329685538,0.06941885226881087,0.0668988824561589,5.3,2,77,3
0.02654357095892734,0.0591291678670271,0.08111753599265209,0.13236077656430037,5.3,2,77,4
0.00566555260316535,0.03623264465991556,0.09221533109943655,0.09396515987730532,5.3,2,77,5
0.09379949208032026,0.06204561701625365,0.06491995188270558,0.11401567935383353,5.5,2,78,1
0.1510238763869556,0.03790742424738633,0.11558533242170918,0.1051728571108682,5.5,2,78,2
0.01802862716224782,0.03165933822612506,0.07025385680519657,0.09623599569199665,5.5,2,78,3
0.11613772605426252,0.0838447714916985,0.0718271695940337,0.11396682167582088,5.5,2,78,4
0.04380976373639938,0.06548133686030447,0.08011175658496876,0.11288004201282596,5.5,2,78,5
0.00321041487551132,0.04670162489674354,0.07912033058670037,0.10620131621176555,5.7,2,79,1
0.02009598170051822,0.03893705016846456,0.0921699087887364,0.0997676622365785,5.7,2,79,2
9.266434389549512e-4,0.04662237599536019,0.08819611708022311,0.10395103220342404,5.7,2,79,3
0.02750910612003537,0.05437474258975967,0.09822921406646656,0.11552072216966128,5.7,2,79,4
0.00277694515245051,0.05376962712218378,0.08148645514074244,0.08452043411184164,5.7,2,79,5
0.02099063269151174,0.03268974774294621,0.07612005236918364,0.09932731687949592,5.9,2,80,1
0.05056676191351774,0.05570840715037557,0.07801683984599278,0.1157728040088819,5.9,2,80,2
0.01319274927397996,0.02953029566133903,0.09780459592539832,0.1004212787250271,5.9,2,80,3
0.05063525043066546,0.02613673318169559,0.03170585184755623,0.06557467366121689,5.9,2,80,4
0.03802686133393841,0.06040480246633077,0.1067665632305271,0.10253949805907828,5.9,2,80,5
0.08888760844778774,0.03850953395685976,0.05463648212389825,0.07240379884494431,6.1,2,81,1
0.01194834322810673,0.04887029057742365,0.0824756088248538,0.09590560794369345,6.1,2,81,2
0.00162481645499938,0.03746339812809441,0.08677429098370121,0.10378170536575544,6.1,2,81,3
0.0298924086042008,0.06450817688157989,0.07585301679230787,0.10490300403778062,6.1,2,81,4
0.01291465935120855,0.04901162060932661,0.07662426188853662,0.08678527479525702,6.1,2,81,5
0.00196404518954847,0.05112907837992442,0.09945269805703956,0.09556074571352864,6.3,2,82,1
0.07034904851757845,0.03384166140604048,0.05046206242677633,0.08835571749692729,6.3,2,82,2
0.02055026927699128,0.03214727068759623,0.05772098235316465,0.08928266480366323,6.3,2,82,3
0.11497759725050996,0.07694292952553788,0.07130241167950421,0.15457455818394503,6.3,2,82,4
0.02762161355201084,0.04606494209655848,0.08056035381222319,0.0772119815307678,6.3,2,82,5
0.01472673527005621,0.04782628171443371,0.09206635931369576,0.10111157840037296,6.5,2,83,1
0.0447593428559691,0.03500146938891255,0.07872411331491141,0.06331994931712072,6.5,2,83,2
0.15559173532511192,0.05407480875307215,0.05912501898056211,0.0818230918461069,6.5,2,83,3
0.01240596483872062,0.03919937984513333,0.07723748078300051,0.10146126533408371,6.5,2,83,4
0.05008855899247575,0.06867989323519118,0.10590092393468442,0.11643193503430946,6.5,2,83,5
0.00271499386468455,0.04758696652765155,0.07335524784185926,0.09952338358245212,6.7,2,84,1
0.07927735965506162,0.08502965653399398,0.10042145128378624,0.1304292231736374,6.7,2,84,2
0.07600690654949993,0.05341853864698032,0.08290656688779244,0.05312193273530045,6.7,2,84,3
0.03591195273838526,0.04811750964828203,0.09192487797311516,0.10104227039625234,6.7,2,84,4
0.09966612514493964,0.03862265508690083,0.0753359949241303,0.06837110761660799,6.7,2,84,5
0.08457249441333149,0.0402540418743309,0.05849780211576922,0.05989143664616633,6.9,2,85,1
0.11204573213693442,0.04034782601304555,0.03470092196068118,0.08516161650808922,6.9,2,85,2
0.10427947201053224,0.03634377187534442,0.04323608219255739,0.07673344586071808,6.9,2,85,3
0.00493010014017126,0.0428740655619781,0.09125632271312346,0.09042563159103031,6.9,2,85,4
0.05560011182682305,0.05037342294523104,0.06083798478120654,0.13709878340467835,6.9,2,85,5
0.0186527938986427,0.04092555728115704,0.08734428920714493,0.10595511045083685,7.1,2,86,1
0.07457155942476004,0.0771551397607499,0.11009556810952988,0.15988393885852187,7.1,2,86,2
0.13484513732491807,0.07122434997859528,0.04476273180837265,0.13914671118507832,7.1,2,86,3
0.01968294834415292,0.03733565789704585,0.08406226421929484,0.09186417675882404,7.1,2,86,4
0.03848956948492772,0.05507311058518002,0.07922326556347968,0.10444071741400932,7.1,2,86,5
0.00642075248072561,0.04295691033056066,0.08627145198852611,0.10183029175326903,7.3,2,87,1
0.16935776962292112,0.06065500405114273,0.08456934648340762,0.16280195187121568,7.3,2,87,2
0.00665290701982794,0.05899011958722669,0.08559165548189691,0.1041981732139565,7.3,2,87,3
0.09937081844080924,0.09299919320427794,0.10178024900959393,0.1777094177329943,7.3,2,87,4
0.00406077024448643,0.02593030004278206,0.08273219073091125,0.09914500078691356,7.3,2,87,5
0.09287964598983042,0.05534661847308468,0.04480063354272701,0.13454747867699346,7.5,2,88,1
0.10839568321205724,0.07124071044618709,0.0941584776858214,0.1317262635494659,7.5,2,88,2
0.03471044654360265,0.0374596238734644,0.07880382847537344,0.08518806565401797,7.5,2,88,3
0.06777305359237806,0.05496014519840731,0.06119469101183061,0.08357403791181864,7.5,2,88,4
0.0750613469567403,0.07695284662741593,0.09834790441678416,0.13032891841939648,7.5,2,88,5
0.14135765449088722,0.07815986017519733,0.05596303123488796,0.13237526459205767,7.7,2,89,1
0.02572384169602102,0.05245286617972287,0.08748152078700176,0.08803664452000932,7.7,2,89,2
0.0556083050665398,0.0727084795313185,0.11882767407254724,0.12329165564263884,7.7,2,89,3
0.00474231652147696,0.03284851514582448,0.08024162338796283,0.09265486339889416,7.7,2,89,4
0.12048031107258082,0.07617204953390475,0.08964844431255069,0.08307983969303669,7.7,2,89,5
0.01125307441904243,0.04030792035857113,0.07995908935463855,0.1103239451925356,7.9,2,90,1
0.03811124278750918,0.04697410409285072,0.0738230634948573,0.09493559921900112,7.9,2,90,2
0.00514956611726433,0.0558548474689128,0.07183510251058171,0.0914239952807087,7.9,2,90,3
0.11183673118208697,0.04171936946323569,0.08955391665955745,0.06816415875561738,7.9,2,90,4
0.08262984312165755,0.05678185938871197,0.09552184638847076,0.12337439011864436,7.9,2,90,5
0.07469355545953103,0.06930332426706864,0.09021949886210744,0.08461815463739754,8.1,2,91,1
0.17025294116695397,0.04080519140787247,0.04746942590467572,0.0511516229879775,8.1,2,91,2
0.00387612814890761,0.03851026854826529,0.07320862562952547,0.10249496716697012,8.1,2,91,3
0.1392428252775864,0.03826572710163096,0.08055774038046655,0.05358487080091298,8.1,2,91,4
0.0051164147486177,0.04030106216978288,0.08152078343279208,0.08813481098578872,8.1,2,91,5
0.00849476427658774,0.04979718884970897,0.09278149882428097,0.11102188542067942,8.3,2,92,1
0.02001646731591547,0.05372481040935501,0.07579080680832623,0.10791109541413745,8.3,2,92,2
0.0300290256586354,0.04094431539748729,0.09460919147162004,0.08002460327085467,8.3,2,92,3
0.08860297698043604,0.02884402567249985,0.04885376413243517,0.04182979533534018,8.3,2,92,4
0.02474944809460268,0.04170687772066521,0.08723946666091055,0.08835021732922553,8.3,2,92,5
0.00174448475305268,0.03781580276287308,0.08081963546726446,0.1000592636906828,8.5,2,93,1
0.08763426585208761,0.02600695887703762,0.0301241145714007,0.06321126707628,8.5,2,93,2
0.14361973232987132,0.04974477864603344,0.04280010060192381,0.05010083107397361,8.5,2,93,3
0.00274698554173494,0.03581349836361154,0.08021587408433781,0.09890795928030748,8.5,2,93,4
0.03532996785533283,0.04295840729381592,0.09029268909068548,0.09204441158952675,8.5,2,93,5
0.1460749354249831,0.05050585850156332,0.18089544512354583,0.12276001967969828,8.7,2,94,1
0.1563998560209173,0.03781701135200318,0.08393785203644231,0.08980484536883403,8.7,2,94,2
0.05119724596041011,0.04845682693743192,0.0964818275813291,0.06248387698381065,8.7,2,94,3
0.03028301536645157,0.04704380015447311,0.08879662280698351,0.09947634223914634,8.7,2,94,4
0.13108226830849162,0.03611682245511216,0.03657680160129045,0.07313431295958239,8.7,2,94,5
0.00817631039350225,0.03043127828632017,0.08067674256859292,0.10384421479776536,8.9,2,95,1
0.01082019037397336,0.04301029202201378,0.07026426879730806,0.094362876999184,8.9,2,95,2
0.04988233549158167,0.05300686082972346,0.08651076484673485,0.10817448169554832,8.9,2,95,3
0.00407613344105006,0.03865611924042018,0.08499139779290213,0.09030943819024508,8.9,2,95,4
0.00943114939112342,0.04612042163413232,0.08460199840238715,0.09530974916908924,8.9,2,95,5
0.1624694047721438,0.06835482334301307,0.05431904284586453,0.18571892678854005,9.1,2,96,1
0.08230820048162402,0.04792268121560354,0.09487772063611306,0.09048832295194913,9.1,2,96,2
0.13662941583915508,0.07595757244303783,0.05110887334741641,0.1532886261830791,9.1,2,96,3
0.00399476959657907,0.05381775864040886,0.07846292844129014,0.10852758613312335,9.1,2,96,4
0.03249331374754453,0.0483619156091388,0.07156291250016807,0.08508414904827392,9.1,2,96,5
0.01416580929207512,0.05268043988261373,0.08657692396502335,0.10455648034170704,9.3,2,97,1
0.03806289682436074,0.05934970526155709,0.07805626959184771,0.1355028287872168,9.3,2,97,2
0.03392330366015957,0.03713049822585658,0.0642703034136728,0.08206822710258081,9.3,2,97,3
0.05408437862558422,0.0534595008120558,0.07431403974793414,0.11339758850695128,9.3,2,97,4
0.0296473943290324,0.05001691991551563,0.0741068936543978,0.08992337486700444,9.3,2,97,5
0.04213978463616817,0.03760340779710853,0.05833968404179821,0.10665190177066224,9.5,2,98,1
0.02095297820800925,0.03088932620830082,0.08709548211813846,0.08577177356181247,9.5,2,98,2
0.0047650772000491,0.0385982083399789,0.08574158262221011,0.09666819955827968,9.5,2,98,3
0.00374238411939239,0.02636645039779632,0.0738294530210203,0.1046072845072783,9.5,2,98,4
0.07499397101275523,0.03106414038511376,0.04417578508140888,0.053777116081556,9.5,2,98,5
0.08350512466038183,0.03183067264010526,0.03863367058703584,0.10824887321846403,9.7,2,99,1
0.080918222739836565,0.04580790763165446,0.06758691228286205,0.09547461835345404,9.7,2,99,2
0.02338805409940297,0.04894420715623506,0.07439802169564964,0.11949358729298172,9.7,2,99,3
0.02891940013283299,0.03928893927760708,0.0883874209866866,0.102347482802,9.7,2,99,4
0.01157090429648758,0.03761163643938787,0.07167895772893089,0.11719892743216248,9.7,2,99,5
0.01470533464045542,0.05142441181642271,0.07971391743592962,0.11719767713190286,9.9,2,100,1
0.01171645458454508,0.04473641658811615,0.08596130398388419,0.11018394222124749,9.9,2,100,2
0.04536730497664779,0.06111578405649856,0.09359126167960811,0.1479208784560335,9.9,2,100,3
0.15293844818206612,0.04536315274118547,0.06095073293416915,0.1305436592684935,9.9,2,100,4
0.01883400406978654,0.04448921401485912,0.07871245885150248,0.10455301708607566,9.9,2,100,5
0.5359955047700209,0.11637310973321112,0.10915188226150722,0.5343269361306091,0.1,3,101,1
0.5583761972546646,0.09915175662030946,0.0922786965488148,0.5313302296541368,0.1,3,101,2
0.5471590326428322,0.13791457239774618,0.19336535626242152,0.5890763223162339,0.1,3,101,3
0.5856064165720425,0.13915051950957133,0.16135052973137043,0.5913060779205124,0.1,3,101,4
0.4753511623598219,0.04722925909315027,0.08833338267103218,0.40399361278768303,0.1,3,101,5
0.05983369661315028,0.07298302699719378,0.0912289384052216,0.1482307383635286,0.30000000000000004,3,102,1
0.01205966632998213,0.03167166820546433,0.0962315623787266,0.07567756316242268,0.30000000000000004,3,102,2
0.09203828150679463,0.06034834807908496,0.06181226080431128,0.10196125275154976,0.30000000000000004,3,102,3
0.00561571833365764,0.02792539604274414,0.0806564500983869,0.0989129452499819,0.30000000000000004,3,102,4
0.386447414834524,0.06985239273063164,0.15702104336632058,0.40907394313929984,0.30000000000000004,3,102,5
0.0016613243297727,0.05310444697375026,0.07590543925141519,0.10763219046169102,0.5,3,103,1
0.07037736017686057,0.06367306800555424,0.07456716284434589,0.11994389902526904,0.5,3,103,2
0.02269132524962052,0.03635332997381972,0.0745164093437675,0.10939740005874152,0.5,3,103,3
0.0026884002197964,0.04762424704425926,0.07704423490196322,0.11228458293629089,0.5,3,103,4
0.08635574761828517,0.05693496063217326,0.04888818891733593,0.1015952749468983,0.5,3,103,5
0.04268064480621134,0.03751188569285816,0.05928696794604111,0.10148992679368228,0.7000000000000001,3,104,1
0.05873404083563652,0.04401525494073075,0.06734495671635757,0.06228856400883412,0.7000000000000001,3,104,2
0.03884726088252255,0.08685340003343278,0.12565999405344716,0.15808800418395383,0.7000000000000001,3,104,3
0.12449718502748142,0.05579335358942853,0.10624558735470847,0.07621280294666972,0.7000000000000001,3,104,4
0.1629912020924447,0.13343820809050494,0.15485359406937776,0.19797805572517704,0.7000000000000001,3,104,5
0.06123448033969189,0.07969724613384455,0.09950431794868016,0.11386402966212346,0.9,3,105,1
0.01192161461656512,0.05277819856965986,0.09636872381443576,0.10946510147582592,0.9,3,105,2
0.04281088520246776,0.0672936724729045,0.09615865704214668,0.1433789060524412,0.9,3,105,3
0.15715132790011524,0.08520079804664221,0.08540074138041094,0.17608138492924155,0.9,3,105,4
0.06820969891548843,0.07387585409193922,0.07205856859337131,0.14101786311411618,0.9,3,105,5
0.00601595143476395,0.07368595125187857,0.091246998477854,0.11141046113356382,1.1,3,106,1
0.00124219959640403,0.02654180469360793,0.0823030013601565,0.10736583826188673,1.1,3,106,2
0.0247405906654839,0.03788473407691274,0.10214348357457152,0.07275639322862708,1.1,3,106,3
0.08546538272601112,0.04462681835927733,0.10588362049543176,0.04200507192121874,1.1,3,106,4
0.05164536073476866,0.06861203513443043,0.07596296905521809,0.11867264461503,1.1,3,106,5
0.09311810245304268,0.04186920617854674,0.10529237091921372,0.05472311470435568,1.3000000000000005,3,107,1
0.00580140725348682,0.02543046967697741,0.08174278911409676,0.11024199200873024,1.3000000000000005,3,107,2
0.13503483562134502,0.04991806664898839,0.1201132497772154,0.03344662567371608,1.3000000000000005,3,107,3
0.15223082672344937,0.0929255794733178,0.0869861317640499,0.1410826967703347,1.3000000000000005,3,107,4
0.01042390157745713,0.03324761320943108,0.06305199882112111,0.1110781059569182,1.3000000000000005,3,107,5
0.07808689976629773,0.05501323206292504,0.08746970088783193,0.08497854781150285,1.5000000000000002,3,108,1
0.12275280845478152,0.11057631694916584,0.1253351294325115,0.173741532283756,1.5000000000000002,3,108,2
0.0065361659192313,0.05135908116723431,0.07967244287766587,0.09768384258110492,1.5000000000000002,3,108,3
0.0898558036626902,0.09001868993837621,0.13032814895011396,0.17122437073770358,1.5000000000000002,3,108,4
0.15507150208017026,0.1124689704060459,0.1071022693960695,0.17375248311512528,1.5000000000000002,3,108,5
0.06439488187233289,0.05952025776523931,0.08569978101307987,0.06086560165511606,1.7000000000000002,3,109,1
0.03917404882527004,0.03532185047011273,0.07967235216086108,0.10172097634262976,1.7000000000000002,3,109,2
0.11158917028243052,0.06360296927106185,0.11219071438571387,0.12703098851181469,1.7000000000000002,3,109,3
0.0364758260293203,0.06581580472019542,0.09627477941740648,0.09999902411476665,1.7000000000000002,3,109,4
0.00794142031328473,0.03889572510495504,0.07282584120770261,0.08653868832021101,1.7000000000000002,3,109,5
0.00797847612131704,0.04962485530948366,0.08526304950899616,0.10079152745058514,1.9,3,110,1
0.29293671761911905,0.06696967444658501,0.04729005410023949,0.05120560211073034,1.9,3,110,2
0.20118997747672523,0.08064831659995098,0.12852905390616842,0.07849258167926569,1.9,3,110,3
0.04541572432497795,0.06362288829788576,0.10219162066083493,0.11177979640449612,1.9,3,110,4
0.02039258722089841,0.03482031573916041,0.07912936650450902,0.08644999012718847,1.9,3,110,5
0.03571250694528,0.06230923920774822,0.1031130327153826,0.11734864452224064,2.1,3,111,1
0.06819198616996215,0.05231769116507767,0.08043007061313838,0.09464036076982955,2.1,3,111,2
0.2537582690249716,0.03003551237871381,0.07019222307985087,0.04240099537089489,2.1,3,111,3
0.11000598395045956,0.0868294296969555,0.09282294056165569,0.14434013505397056,2.1,3,111,4
0.02154028445022494,0.04741867386554018,0.10208736464459923,0.10745001991895492,2.1,3,111,5
0.01099487482781978,0.05266399049369974,0.08866646898819044,0.12380678722372888,2.3000000000000003,3,112,1
0.09641785942727882,0.0861632587134389,0.12905399131890935,0.12995612008021115,2.3000000000000003,3,112,2
0.06475360572923909,0.04250203942382255,0.04243602249542736,0.08341431896316714,2.3000000000000003,3,112,3
0.2666108878978957,0.05668604804146709,0.05804481610219057,0.0436753406899925,2.3000000000000003,3,112,4
0.2161655513314389,0.09510927212355053,0.18796382721025456,0.0935420530720162,2.3000000000000003,3,112,5
0.00490627295272978,0.03402988807042336,0.08167847558307423,0.1156646114331742,2.5000000000000004,3,113,1
0.03979625064218922,0.05336839429156896,0.08338911395392287,0.11342163362801196,2.5000000000000004,3,113,2
0.27658090050448847,0.14681372410939167,0.06930657871406751,0.27001908667902713,2.5000000000000004,3,113,3
0.3245963643719377,0.12902775523196183,0.16150010998022243,0.0868269999342509,2.5000000000000004,3,113,4
0.19143142971356833,0.11020940902697092,0.13439065869300562,0.1729767685208082,2.5000000000000004,3,113,5
0.1826674572185018,0.05140247961057057,0.09329367247761902,0.04701620863371979,2.7,3,114,1
0.10631227820004768,0.06622959584714748,0.08116297485287483,0.12210909485477296,2.7,3,114,2
0.00317349935137468,0.04424446911485251,0.09381074240762063,0.1076693568649083,2.7,3,114,3
0.01553497393311337,0.03848074034105368,0.06124048415925586,0.08738691239138777,2.7,3,114,4
0.01050443047571858,0.04302817188185502,0.10706698141257034,0.1012335946986719,2.7,3,114,5
0.2146573033303524,0.10912280430993698,0.12839541433165455,0.09701928199659796,2.9000000000000004,3,115,1
0.00137992340831965,0.05155367794605466,0.0871236875615301,0.0963896924622122,2.9000000000000004,3,115,2
0.16828970418912387,0.08984205342586621,0.14577667786264176,0.09903809789066322,2.9000000000000004,3,115,3
0.01223532019156399,0.03437818742642121,0.070841323563828107,0.06822411480185789,2.9000000000000004,3,115,4
0.19285853346994855,0.0719652291689422,0.07265416961935599,0.0478591596850514,2.9000000000000004,3,115,5
0.03791067567885495,0.05757161875563135,0.09698178545799578,0.1081549302575045,3.1,3,116,1
0.04128534673726009,0.05364781729659564,0.08396962481059533,0.06758625694173817,3.1,3,116,2
0.03974822363173774,0.056356788632666,0.06667416342637184,0.10155780563991304,3.1,3,116,3
0.10814168575404956,0.07518278543541632,0.1048989308219111,0.1219785820554318,3.1,3,116,4
0.02567053506225413,0.04244400069461923,0.06885649948866836,0.08564829975151207,3.1,3,116,5
0.2488083070920588,0.10916601170410722,0.07136165056781557,0.21500145321842376,3.3000000000000003,3,117,1
0.0053283911084411,0.0564458069359433,0.07376163003605651,0.1042083257924567,3.3000000000000003,3,117,2
0.07722474056704942,0.07323712806703325,0.11162772694498913,0.10762292583779072,3.3000000000000003,3,117,3
0.3633209120722554,0.1646480497207703,0.126970217038253,0.18211251149143015,3.3000000000000003,3,117,4
0.06092290592573542,0.09151990544768568,0.11013420492297332,0.1530567463107821,3.3000000000000003,3,117,5
0.00481846593422529,0.03496822472949414,0.09459617935793832,0.10442667222945706,3.5000000000000004,3,118,1
0.05699569363625759,0.03233972207667833,0.05504366608758666,0.07901173147932505,3.5000000000000004,3,118,2
0.07754404679768559,0.03862149308209913,0.07586886400174594,0.07477404092519184,3.5000000000000004,3,118,3
0.00436624386998845,0.04667895612265609,0.08136985867230763,0.11280753392976042,3.5000000000000004,3,118,4
0.04743242538170396,0.0898316109892635,0.1288029699469743,0.14640729739820987,3.5000000000000004,3,118,5
0.00428454091677589,0.04529273551478383,0.06312305342300485,0.09530367792596896,3.7,3,119,1
0.032143273853311,0.04005975668462942,0.07660266558281423,0.09413752881424917,3.7,3,119,2
0.0715780299294953,0.04966559660492794,0.07770507792109563,0.10696870266576322,3.7,3,119,3
0.13213687925962084,0.07485839447779313,0.10531179289898428,0.1024810500768053,3.7,3,119,4
0.01665779706972068,0.06546256432280098,0.1148055148610408,0.11715051158786197,3.7,3,119,5
0.24071748676765856,0.10025533738268472,0.44085945862824505,0.23389171108388648,3.9,3,120,1
0.01933985940014727,0.03064334469654595,0.08698640455905006,0.07888763880020196,3.9,3,120,2
0.1974287878860132,0.0292777542752767,0.06497054030772363,0.03709177101996253,3.9,3,120,3
0.00302612866632434,0.02792944794772317,0.06919586658787914,0.08944056037757994,3.9,3,120,4
0.3220828721459107,0.09177693490740232,0.071861850624067,0.07653621204013676,3.9,3,120,5
0.01035306706148042,0.05067574047013361,0.07587658904441165,0.12025626989006992,4.1,3,121,1
0.00907815160208886,0.05091795553272898,0.0693038556782524,0.10767829534197255,4.1,3,121,2
0.15192726843071722,0.1476892887711982,0.13339987757049643,0.24528844903645425,4.1,3,121,3
0.00339760620852133,0.05129978540867399,0.08268245862620337,0.09615673135736176,4.1,3,121,4
0.02371623782038384,0.06001900866037952,0.08089256303659344,0.13327257508872162,4.1,3,121,5
0.01155935560810695,0.02326402183451575,0.07254390186959916,0.07112785245116408,4.3,3,122,1
0.03418939780059386,0.06306860857263358,0.06306307151022185,0.0973573642904406,4.3,3,122,2
0.0224352788471365,0.03360852023020367,0.04845111412964858,0.05560412553898017,4.3,3,122,3
0.00382610428149336,0.02874958542541785,0.0682732172524949,0.10071778076869509,4.3,3,122,4
0.12571210270816732,0.02796841861419165,0.02931125612011333,0.0709006129481646,4.3,3,122,5
0.00181088495737008,0.04010714528121321,0.10846389378390606,0.10050793363870444,4.5,3,123,1
0.03067541972832427,0.04928520429427387,0.07201102061886074,0.11487198686276584,4.5,3,123,2
0.09706090834180758,0.08350379681270814,0.10924448188982118,0.13786419810012088,4.5,3,123,3
0.0720095162984942,0.05612162216966682,0.0890199246298061,0.08186637031761508,4.5,3,123,4
0.18086492292471704,0.04134132833706778,0.04716199442046474,0.06776504743312858,4.5,3,123,5
0.00222814829277745,0.0262822014112011,0.06599146889058391,0.10170414790084922,4.7,3,124,1
0.19882170667181456,0.04109802976591925,0.06581326438281239,0.03541704075050211,4.7,3,124,2
0.0106806798650104,0.04929887570657913,0.07892102737794772,0.10895475415360335,4.7,3,124,3
0.02289352843858102,0.0400622036794049,0.1007791865509638,0.11447987260468807,4.7,3,124,4
0.00247051745177679,0.03079942933717017,0.08843940029392454,0.10886744730294162,4.7,3,124,5
0.00234499406004512,0.04969035283101265,0.08799964569432144,0.11366731072689788,4.9,3,125,1
0.16310745336253268,0.11670193159660334,0.14817479718321128,0.17928739728619833,4.9,3,125,2
0.11223002072523398,0.05590490048568868,0.10768864763105616,0.0924314573362839,4.9,3,125,3
0.04283727376230987,0.03627512694356452,0.07887523255803999,0.06026540862925966,4.9,3,125,4
0.01478506714640237,0.04541326015162496,0.0791942063876345,0.07139201005033857,4.9,3,125,5
0.02727424207796818,0.05654441316803159,0.09294559169922303,0.10926530784174604,5.1,3,126,1
0.06445186554529049,0.05012831236212563,0.06759746152341134,0.093712260351589,5.1,3,126,2
0.0856442967080612,0.04961450079168939,0.07328284561474399,0.07474986172926894,5.1,3,126,3
0.07151266314996499,0.07220843624083023,0.09277129885412216,0.0893166080287554,5.1,3,126,4
0.03349605580618994,0.0330208985096526,0.06233168110859871,0.07601853273857753,5.1,3,126,5
0.04535295517474517,0.03826806009434017,0.08999011284166228,0.09873626469024184,5.3,3,127,1
0.03635341586752705,0.04812665295190837,0.07507167891505676,0.101590369736136,5.3,3,127,2
0.07282057830297031,0.02858000773994392,0.04130488816348323,0.05757713954487353,5.3,3,127,3
0.2825149104163474,0.07490038647086915,0.0709736139622279,0.07216078787490601,5.3,3,127,4
0.00164838950860773,0.03156518901839688,0.07467801302966165,0.09942054816028302,5.3,3,127,5
0.01166891541631544,0.05426196054779638,0.0683395269971422,0.10876070567510383,5.5,3,128,1
0.03239465616902291,0.04785774848334682,0.08926780671540573,0.09301301169021124,5.5,3,128,2
0.13245793988094526,0.05029333996859376,0.05934974938483332,0.0816895552004098,5.5,3,128,3
0.0155451312124709,0.06234086663836286,0.07689633997158991,0.10955578916306027,5.5,3,128,4
0.1995388446053791,0.12230186380309926,0.11628748408895798,0.20378402548945795,5.5,3,128,5
0.00783110897018034,0.05273390107795822,0.10201593115350543,0.1007811737327934,5.7,3,129,1
0.00232620227423396,0.04769177063060469,0.06618926700350516,0.1051761291168934,5.7,3,129,2
0.10238629944154132,0.04643109656471179,0.08195279394805079,0.05350363635225831,5.7,3,129,3
0.03533959873265135,0.05087770168160993,0.08299500737826283,0.08714429574301115,5.7,3,129,4
0.09992646751362678,0.05124302982645845,0.08163097963765233,0.04459713369246458,5.7,3,129,5
0.0502082233573715,0.05790098683595605,0.08270135908601962,0.11724553785922252,5.9,3,130,1
0.0663774822252132,0.06855600576554624,0.10402263574688218,0.07719095020806777,5.9,3,130,2
0.0990718530850218,0.03946641015927322,0.05140511135328809,0.08105175986648187,5.9,3,130,3
0.01292837942304092,0.05121824847800427,0.09800169259372772,0.09445816309304368,5.9,3,130,4
0.07612494641543724,0.09021261700771424,0.12204652906319524,0.15814402764267127,5.9,3,130,5
0.01624296340769083,0.03479501180240056,0.08156738574671671,0.07892456828895703,6.1,3,131,1
0.14635757504203034,0.11401831896386588,0.10556423022246406,0.21107761776814313,6.1,3,131,2
0.1955738835796523,0.0689083472525188,0.1797824880220381,0.18484889702875815,6.1,3,131,3
0.1378316024103412,0.05485228600170799,0.08106058629924527,0.0974125405635886,6.1,3,131,4
0.00258603241298912,0.04501783969442383,0.0715388609433455,0.095077939373716,6.1,3,131,5
0.24127591215695957,0.03794134000389232,0.08810351991588779,0.05876259932558796,6.3,3,132,1
0.24591476345897745,0.1591144599987841,0.1785883852298192,0.24524920223558225,6.3,3,132,2
0.11515094832327331,0.06020482125789979,0.10579301516156864,0.04200257970208344,6.3,3,132,3
4.374767249491118e-5,0.03338979560905399,0.08255804296926302,0.10680542303888996,6.3,3,132,4
0.28061439550010125,0.06758767003872192,0.07648921719705563,0.05043622931950944,6.3,3,132,5
0.08153585649279575,0.06576901295996317,0.06824570742847394,0.09303675693617672,6.5,3,133,1
0.24643683803706784,0.08265681720368566,0.0790943242888775,0.0689934055305065,6.5,3,133,2
0.04173467432842646,0.07245316795000166,0.10473258578602228,0.1479726700313904,6.5,3,133,3
0.11680657788675824,0.08208983827815615,0.1036259030094715,0.13338212748246112,6.5,3,133,4
0.00790755931288324,0.05758581162382868,0.08652800519241338,0.10601653467105378,6.5,3,133,5
7.680582446931733,7.228871344497021,6.903503419426574,1.6625731404551751,6.7,3,134,1
0.20070603174612317,0.12622075528639,0.3689986770158036,0.10382900665364624,6.7,3,134,2
0.22288187770082263,0.10927002946732386,0.16554935499997234,0.0995059108555574,6.7,3,134,3
0.16426342825331217,0.11137489946072082,0.10979332494935937,0.13587592307726484,6.7,3,134,4
0.05779254008185324,0.02233880369195089,0.03562937482752985,0.06550594455398429,6.7,3,134,5
0.06415851884187661,0.03928678972799637,0.10560404667106144,0.08931818482606081,6.9,3,135,1
0.14684156194739795,0.09313568843902292,0.12954227747240757,0.10792737542350336,6.9,3,135,2
0.03710820649158251,0.07353811426009266,0.09486359149230554,0.12004377670609148,6.9,3,135,3
0.02248740875939489,0.03849104757350845,0.08657321699583244,0.0950504389374518,6.9,3,135,4
0.15549436193317048,0.10877774922012026,0.14080235899400664,0.09911489573946428,6.9,3,135,5
0.00632477042522047,0.04307392886854083,0.08393410112671155,0.10122858884347864,7.1,3,136,1
0.1284207909914037,0.08142039167045373,0.09544669655604508,0.14482450111310283,7.1,3,136,2
2.0059147587696344,1.7893549365525467,1.4538804850753595,1.1806587796835644,7.1,3,136,3
17.313051602974216,17.620445944913854,16.92154758058178,3.110527075161444,7.1,3,136,4
0.3522961371443275,0.06584983760145044,0.07449511890412146,0.05339474071336781,7.1,3,136,5
0.04819223762235412,0.02807271600654927,0.04291888261336783,0.02913360243099153,7.3,3,137,1
0.3641769866882913,0.14539107398497014,0.12095577086629038,0.13164151926323653,7.3,3,137,2
0.21744861386702904,0.04599010612378398,0.04011332818502334,0.04449732652958871,7.3,3,137,3
0.00486327638707793,0.04492507804145881,0.06900047073926738,0.09263791743279448,7.3,3,137,4
0.2447665829996601,0.03168888569315709,0.04542048716741546,0.03761784455401024,7.3,3,137,5
0.01924585106354233,0.0439350838288778,0.08131310735170778,0.0653775957268161,7.5,3,138,1
0.14835432300757767,0.09662169614447812,0.09060033848848448,0.1780348131679588,7.5,3,138,2
0.05472057839027317,0.04516355671489707,0.056064667301956,0.11098368538276956,7.5,3,138,3
0.04391864798098344,0.05450659131193378,0.0910885037719626,0.0987912123548051,7.5,3,138,4
0.02196233220233161,0.03707693458707382,0.0728393623146663,0.09992938045664614,7.5,3,138,5
0.02245037449317288,0.04400137323609259,0.09582976178510091,0.10768406723104172,7.7,3,139,1
0.16072560848723558,0.11861474434698152,0.13418627553711512,0.1771696629679841,7.7,3,139,2
0.08987050934983126,0.03565724253374491,0.07384359826050668,0.05996472854602532,7.7,3,139,3
0.2735228731029841,0.14530593662854988,0.13828526060876006,0.16237370220664837,7.7,3,139,4
0.07750545786458812,0.05640741704052152,0.10973831942730532,0.11848334551348565,7.7,3,139,5
0.1426221323205538,0.09952885487676714,0.10055637774675588,0.15515465711237694,7.9,3,140,1
0.02970517392065966,0.06668917756678924,0.10672116502474936,0.09475733635246794,7.9,3,140,2
0.07814966488954107,0.05838872724341575,0.11627125762880318,0.094756544566115,7.9,3,140,3
0.16297358876368545,0.04833807157681261,0.05262130410326193,0.08701868865520791,7.9,3,140,4
12.495142424928437,11.816976822442069,11.468769173947576,1.7830533677064573,7.9,3,140,5
0.04909585456169773,0.04794266336439612,0.06788185450931768,0.07257931006698154,8.1,3,141,1
0.08685450455479654,0.05667096854866239,0.11091285609785403,0.09780508389121048,8.1,3,141,2
0.00546370909056089,0.05187619163082668,0.06241559291947333,0.11771950721256975,8.1,3,141,3
0.07394976416939715,0.05475130716316173,0.11502972066301184,0.08725694510411706,8.1,3,141,4
0.05333726233960017,0.05018205158766607,0.1035632043181232,0.10765448796333338,8.1,3,141,5
0.06042216807812799,0.03233554423102099,0.0956229490712488,0.0833489586622249,8.3,3,142,1
0.00492704112972701,0.04101298920402876,0.08114372772159789,0.11102784410880756,8.3,3,142,2
0.14195837321190335,0.10089772404851968,0.12324820351459284,0.12884599106261885,8.3,3,142,3
0.06744810314954368,0.06088624572031691,0.10557829590293734,0.10252820862313244,8.3,3,142,4
0.0824942013356197,0.05742947714189751,0.10025789907348132,0.10679928516027597,8.3,3,142,5
0.01138416065788053,0.02458013091795182,0.0661580428131988,0.06580670822615892,8.5,3,143,1
0.03908477681318269,0.04678341134251625,0.07014842605052189,0.10962195683283542,8.5,3,143,2
0.03127859509939368,0.04263583373801634,0.0739184370804271,0.09655363702343624,8.5,3,143,3
0.11600406864080264,0.0866994839282004,0.14733270577151877,0.11168545686158962,8.5,3,143,4
0.01384455574464169,0.03347544541873483,0.05504038585891312,0.07402066850614918,8.5,3,143,5
0.17071158329421182,0.05535315769374269,0.07278182634933067,0.07174441346555722,8.7,3,144,1
0.01740162965993446,0.04060178513195399,0.0998377575787794,0.10059631251630548,8.7,3,144,2
0.08159361593610995,0.06696489182568764,0.08561961158787937,0.15382485638095036,8.7,3,144,3
0.09831683695422593,0.09226112114774004,0.11210003438631286,0.15954581495862682,8.7,3,144,4
0.08825433265890714,0.02773341225355821,0.09370260045752356,0.0480450191268858,8.7,3,144,5
0.01824169251012766,0.03553555884785239,0.06878653837085576,0.08460516082742874,8.9,3,145,1
0.06377501180542114,0.0997629935859229,0.11061687125738875,0.11694142554702222,8.9,3,145,2
0.21250532022003488,0.04938928910693178,0.03897668898179412,0.08347921064736459,8.9,3,145,3
0.05480533296845485,0.05411898635698464,0.06615507887667287,0.07558305512141786,8.9,3,145,4
0.02573462212672802,0.04837381752453181,0.0777298930180617,0.10144411902321589,8.9,3,145,5
0.17769697348067465,0.08696543023828433,0.10577284749961335,0.09288344946680438,9.1,3,146,1
0.00148863162951885,0.02411258741107554,0.0672647081968781,0.10828118603461118,9.1,3,146,2
0.01350815168895049,0.05192908764375877,0.06304846217428557,0.08730855952950024,9.1,3,146,3
1.6014917852378075e-4,0.03669347019516783,0.0827191492993278,0.1084903111894906,9.1,3,146,4
0.00272260816300944,0.03013821609973639,0.08662896261757218,0.0918233322980986,9.1,3,146,5
0.09166635597600206,0.06810655118197409,0.07943477155369864,0.08298626977980633,9.3,3,147,1
0.19844143895043012,0.06767571117464594,0.23031642167998753,0.08962449530477776,9.3,3,147,2
0.1347356983027116,0.05804152973459969,0.10515908562817956,0.05693035236935009,9.3,3,147,3
0.07672936709973857,0.05956868687689263,0.10008047385228357,0.1069408401964508,9.3,3,147,4
0.21948119095876084,0.1425817177468311,0.1326914257150784,0.14660660980947382,9.3,3,147,5
0.04772008187432768,0.05812634516527157,0.07664416896606399,0.1119081940922216,9.5,3,148,1
0.07010323856570744,0.05330408506709734,0.0543369018173936,0.11704775322524764,9.5,3,148,2
1.231758249762502e-4,0.04708526257477554,0.08990623611753724,0.1039549399607872,9.5,3,148,3
0.01654121100492761,0.03861759454869767,0.08681249497441819,0.12416481482737,9.5,3,148,4
0.11473575916216724,0.03525598480115741,0.07472706441463389,0.04853556429419736,9.5,3,148,5
0.0282221354408199,0.06866857899480468,0.1103198031567212,0.12669232514974246,9.7,3,149,1
0.11029498759090224,0.10499494826492492,0.1309193210311122,0.14779945068368763,9.7,3,149,2
0.01944624776346304,0.03210789688133529,0.06921701854268647,0.09209523906804153,9.7,3,149,3
0.04385099433540808,0.02857545514536835,0.0840513843175118,0.08354361442517828,9.7,3,149,4
0.02352353932017763,0.06046871687632725,0.11250713381615823,0.12296410956041284,9.7,3,149,5
0.00467922167379312,0.03474887358269334,0.09515994603021588,0.0927444478912948,9.9,3,150,1
0.015789958006119362,0.0321632454776165,0.08463774105839972,0.08999412496052867,9.9,3,150,2
0.0035169717773891,0.05763478124601317,0.0970662396302897,0.11826500622829758,9.9,3,150,3
0.03369862276350138,0.0522894808003165,0.09551273033775756,0.12531139029675123,9.9,3,150,4
0.08774912157615493,0.05482474322942385,0.06861616421605735,0.11152928795573126,9.9,3,150,5
0.43861146201337115,0.22015714308072243,0.08523982894778798,0.16200131917088584,0.1,4,151,1
0.5009607659031283,0.27826174976721896,0.08640767800853098,0.12823665194840733,0.1,4,151,2
0.4773301817270553,0.27865019037655425,0.09410420780296316,0.1434606418532124,0.1,4,151,3
0.46086934428952886,0.2318329448329899,0.08455256004218449,0.17436054452678926,0.1,4,151,4
0.4942766700076899,0.25908574153728836,0.09150911022593854,0.14620769757854987,0.1,4,151,5
0.44364412134811754,0.1462471638174894,0.2633852519953164,0.21611390430909624,0.30000000000000004,4,152,1
0.7713317591559647,0.13909989860771446,0.2158806920000014,0.11898585522291898,0.30000000000000004,4,152,2
0.6680260414724545,0.1496984372495266,0.2129838600330197,0.15034344844592007,0.30000000000000004,4,152,3
0.23493287013523115,0.19169592394367635,0.26740120127690725,0.4875122613308092,0.30000000000000004,4,152,4
0.27585195952084657,0.1489652968724145,0.2744104727448158,0.3701975514918338,0.30000000000000004,4,152,5
0.8774571348078908,0.2005053144862401,0.35800710631180616,0.2164941473244663,0.5,4,153,1
0.9791119672417272,0.29761281731385336,0.25499554776139854,0.26651064818196274,0.5,4,153,2
1.3838925775833204,0.2728469735446204,0.1994753801824867,0.1667616329733481,0.5,4,153,3
1.503672406700905,0.3392279675959476,0.19836399845888095,0.1651509661831415,0.5,4,153,4
1.2216773022910303,0.48238276692337945,0.2843725484003391,0.44712168589010287,0.5,4,153,5
1.4496588352028752,0.5916746933822205,0.35322656289124,0.5610810525785661,0.7000000000000001,4,154,1
1.221169250640935,0.5233965174535662,0.3354501014394864,0.4924463551604619,0.7000000000000001,4,154,2
1.0475806243114256,0.38800167253966383,0.34553326168485843,0.39830571516594426,0.7000000000000001,4,154,3
3.315943909247703,0.9859638897528032,0.8012322719318213,0.29751273972042364,0.7000000000000001,4,154,4
1.493456446829549,0.46813645219176814,0.3103408841133125,0.31165213397986147,0.7000000000000001,4,154,5
2.676909989513778,0.8263315766782837,0.548782603359432,0.3845319693679473,0.9,4,155,1
2.3682403929508724,0.9294668221038704,0.7095062862560362,0.5542523422010041,0.9,4,155,2
2.005419471275222,0.92418274400302,0.6683104644127572,0.7227875680096358,0.9,4,155,3
2.123045059088901,0.8191542805011013,0.5630322141992149,0.576182339068018,0.9,4,155,4
2.439346979322781,1.0164014748268664,0.7349974639532407,0.6915756857155121,0.9,4,155,5
2.204320127631111,1.1181022952745368,0.7835695808056968,0.897613027005551,1.1,4,156,1
3.292588010412046,1.591663094843452,1.3334120570420622,0.9897565825944392,1.1,4,156,2
3.960237414507249,2.0887145218063807,1.8302863407067336,1.251270354844136,1.1,4,156,3
3.895390661616724,1.6734075148812024,1.3552059102193896,0.9377628195458544,1.1,4,156,4
4.0812786088474144,2.029706249390637,1.718704045466655,1.203104874971086,1.1,4,156,5
4.150772547785481,2.4153058782216164,2.0956145796919423,1.4333743097016105,1.3000000000000005,4,157,1
2.1695261974523055,1.446200370954419,1.111860005718661,1.21387387272172,1.3000000000000005,4,157,2
7.339288848469306,3.514820583887589,3.261631318124372,1.4802020834400589,1.3000000000000005,4,157,3
5.573827506253149,2.891745694641908,2.6244648584855006,1.4521632468553411,1.3000000000000005,4,157,4
3.40048935393629,1.7924466478539616,1.4784709449111144,1.1641459726783392,1.3000000000000005,4,157,5
5.978015253844145,3.072026015831928,2.7861515526183736,1.4824163435635147,1.5000000000000002,4,158,1
2.010880650897328,0.9415947964919406,0.6915555744615796,0.8059993635677666,1.5000000000000002,4,158,2
6.957656864626287,4.279984216078023,4.0348389564733775,1.898530530983824,1.5000000000000002,4,158,3
3.496936458453021,2.0926720005721045,1.8417166334035435,1.3072865565770937,1.5000000000000002,4,158,4
5.8803770122455505,3.8131472924612626,3.540861505065265,1.8849901952290975,1.5000000000000002,4,158,5
6.988076086506814,3.4260042442477108,3.1277568566491563,1.5117525252425372,1.7000000000000002,4,159,1
4.411528385207718,2.592055366525639,2.3261243014187114,1.4855801948900489,1.7000000000000002,4,159,2
3.3030812928719033,2.069570098038132,1.7088182252118445,1.4035573646952546,1.7000000000000002,4,159,3
4.796930695470952,2.473057761378795,2.1841014831927668,1.348661942252225,1.7000000000000002,4,159,4
8.12506337653491,4.211072757053194,3.948992122891837,1.709521933581414,1.7000000000000002,4,159,5
9.615505974080412,6.209470313594084,5.9098402779394155,2.2693768164102432,1.9,4,160,1
8.342395034931211,6.122963619066163,5.828739540658893,2.393142781307678,1.9,4,160,2
5.331129135431385,4.253250283417339,3.889044113312733,2.17758573405196,1.9,4,160,3
8.855712015476609,5.5091229304600295,5.237955944210218,2.1342795160989256,1.9,4,160,4
2.3065723978124097,1.8438869573202925,1.5518145206133478,1.4501704331422232,1.9,4,160,5
9.09258905012064,5.480882153940809,5.211840748732112,2.0960497200445003,2.1,4,161,1
9.218351882307198,7.028924009772405,6.690150019261668,2.561123439160492,2.1,4,161,2
9.223391018777654,6.545440040114757,6.202723615401073,2.43170353448112,2.1,4,161,3
7.013638980706085,5.043649376758284,4.736450002990056,2.2212488272275945,2.1,4,161,4
4.696636681029318,2.885124882082755,2.5524700000998326,1.6398711198915727,2.1,4,161,5
5.828199461135482,4.5510202468487835,4.226876426589018,2.219208479748368,2.3000000000000003,4,162,1
7.833945813113441,5.600253169240449,5.320412180518427,2.3056842459861886,2.3000000000000003,4,162,2
10.398205381564082,6.847553439150821,6.644982695215258,2.333708888442932,2.3000000000000003,4,162,3
9.591996925289893,6.141619981325977,5.850149377498234,2.2530063062059287,2.3000000000000003,4,162,4
11.15731962186742,6.646929123122501,6.405390780020497,2.2004635366998255,2.3000000000000003,4,162,5
7.497564935645711,6.356397013660844,6.009402447416087,2.5563195077507994,2.5000000000000004,4,163,1
11.957535378224664,8.596654033327004,8.367762423429241,2.600943354364426,2.5000000000000004,4,163,2
3.5370838147459116,2.414814114061578,2.035245499536093,1.5428288199238624,2.5000000000000004,4,163,3
10.526388151938937,6.965885671492649,6.682612961993554,2.378679549888619,2.5000000000000004,4,163,4
11.446594083542069,8.06342919199665,7.810685194865093,2.5435530098422183,2.5000000000000004,4,163,5
14.067693733290856,9.071454638017574,8.877141197925196,2.4971424122697363,2.7,4,164,1
7.009643483547912,6.181262273670194,5.896737595987422,2.548895814432276,2.7,4,164,2
9.411297903284328,6.877067532337168,6.5657944613104915,2.482677654087463,2.7,4,164,3
13.232779843182676,9.095042556065218,8.855759399549632,2.606732614257431,2.7,4,164,4
6.772225753468214,5.7082855494947715,5.399347293860151,2.44642933971044,2.7,4,164,5
2.9323701586039443,2.8846491472010864,2.462810985866794,1.9456496157080647,2.9000000000000004,4,165,1
10.971552728396114,8.175324135855803,7.918727961821915,2.607077469145248,2.9000000000000004,4,165,2
12.955020310057687,10.114369355463223,9.895320783362235,2.792338686205257,2.9000000000000004,4,165,3
13.435826764507317,9.765157689219368,9.54665192495159,2.712959039978128,2.9000000000000004,4,165,4
12.991871385516529,8.825432774921437,8.556290136247373,2.580500645754684,2.9000000000000004,4,165,5
20.462070773020912,14.75040053650886,14.573923714407762,2.948295219562849,3.1,4,166,1
15.002638292879745,10.578419109801096,10.375241022456162,2.7150118140708783,3.1,4,166,2
3.888734188810101,4.030295608805321,3.6975613543703663,2.241856333668088,3.1,4,166,3
14.044016570901482,10.00903065459992,9.7633760993665355,2.7110813842935584,3.1,4,166,4
9.799192763061932,7.724995919827961,7.393626785231357,2.654920359738144,3.1,4,166,5
10.090821399196418,8.644584260000942,8.383779364272856,2.786065295050239,3.3000000000000003,4,167,1
9.05029007485703,8.967603523139559,8.601557553841175,2.962797619493561,3.3000000000000003,4,167,2
17.469142248791147,15.2676135680415,15.008012606234324,3.1899628521760426,3.3000000000000003,4,167,3
14.725967426330396,12.42397268416705,12.233676055823343,3.0065248600381436,3.3000000000000003,4,167,4
20.391093116489568,14.549570313016645,14.340261167869688,2.9351565837546985,3.3000000000000003,4,167,5
15.897072710820426,11.961134993910116,11.697567478829937,2.870761746105107,3.5000000000000004,4,168,1
22.37784805711595,16.776298619812106,16.558827369556496,3.064175731660789,3.5000000000000004,4,168,2
18.43136077505985,15.078414515898428,14.88475757293712,3.09483351943994,3.5000000000000004,4,168,3
19.401006148479784,15.185574493426085,14.859676429558364,3.088757528317028,3.5000000000000004,4,168,4
11.645469431804363,8.71876870798016,8.399112472827518,2.6950128175708112,3.5000000000000004,4,168,5
10.2986513775586,11.1300375388446,10.874284636033488,3.1637967921275036,3.7,4,169,1
19.175296071671102,16.347070751517858,16.1403025005141,3.17895052977167,3.7,4,169,2
18.583299885643513,12.405167142551775,12.153179086925356,2.7753834387866134,3.7,4,169,3
17.887814925748923,14.72955015854053,14.451565482037696,3.113679230457715,3.7,4,169,4
14.878123706224024,14.146201351516732,13.868425396153077,3.2137214325045163,3.7,4,169,5
15.08293090939376,12.632639974468278,12.31787439069868,3.0427656861688717,3.9,4,170,1
6.497525980177232,5.5881494380462495,5.227616917763168,2.4430302335093805,3.9,4,170,2
19.493043263337587,17.331956250128137,17.10620640485587,3.261930091917258,3.9,4,170,3
6.355809377474139,6.7087738485863895,6.384529186863555,2.709911633767083,3.9,4,170,4
23.06508080303645,16.013750517776227,15.784408033447592,2.944882918090535,3.9,4,170,5
14.9736387074823,14.708048987864196,14.368406878223311,3.282252940845217,4.1,4,171,1
17.89812332778599,15.65896299486412,15.304692533923212,3.2220418102305763,4.1,4,171,2
13.192114139159688,12.738335711168254,12.449843315160717,3.1648922567131654,4.1,4,171,3
7.309217217396099,6.76671744873497,6.436501290637634,2.620150841053359,4.1,4,171,4
14.555844657024195,14.883421463269888,14.598129004415004,3.3031922020216244,4.1,4,171,5
12.897244469021086,13.838613605399065,13.47349116100645,3.3219096624968496,4.3,4,172,1
22.02090457656361,23.25470461001955,23.018843389414062,3.560634795370056,4.3,4,172,2
18.358870255662215,16.653461616272413,16.457310628715003,3.244946311547992,4.3,4,172,3
21.19026215869016,18.279660032644863,18.00889365247262,3.27250506514526,4.3,4,172,4
19.78313390780107,15.09808126594404,14.84745367046461,3.0328699861288837,4.3,4,172,5
13.903321579055264,13.516339485519772,13.269915532528453,3.1959622259214493,4.5,4,173,1
24.094054392404708,19.835735521408154,19.54527123546816,3.267789584571742,4.5,4,173,2
23.045481352831384,21.686883958128156,21.434848147818215,3.4295542459884545,4.5,4,173,3
29.11031482259389,23.79194893747398,23.575763231945892,3.3173938072786178,4.5,4,173,4
17.488390328679174,17.633233732869723,17.31205128247677,3.400522421423105,4.5,4,173,5
17.376294086836843,17.50292321560261,17.217675500908268,3.3843000558813774,4.7,4,174,1
13.216782111357215,15.409820784926,15.095799927272608,3.4363961124168467,4.7,4,174,2
15.25870786420545,17.90391402876422,17.63067422637987,3.514044478075932,4.7,4,174,3
8.664995090826126,9.407270718260936,9.107892931098538,3.008833598281776,4.7,4,174,4
18.8269069366223,18.629860133353297,18.355769152843603,3.410094810568716,4.7,4,174,5
21.154065797846098,16.88582711773927,16.585318621939923,3.1408944218598296,4.9,4,175,1
21.715335512085904,19.8827659293348,19.621098918986412,3.364220467263021,4.9,4,175,2
24.42714363990344,24.262932203591227,24.020849617569787,3.5218967522597873,4.9,4,175,3
20.910713658217,19.88875288373334,19.59679395762257,3.411542495890194,4.9,4,175,4
19.992778023251557,20.360501758005903,20.12266267177469,3.4639080782516793,4.9,4,175,5
25.13032792642699,25.626208067071044,25.42722252876223,3.5649873013814135,5.1,4,176,1
11.987649536571633,11.67409195474042,11.351811941021532,3.1091179884804307,5.1,4,176,2
26.701607706464205,28.98455398828035,28.7097832995548,3.6748807847638463,5.1,4,176,3
24.52419571388986,25.94488798305335,25.69575571797788,3.6154817084336472,5.1,4,176,4
23.021408826502924,23.293899214760348,23.01774532844163,3.5313903918385168,5.1,4,176,5
20.795077052210125,21.39779072382489,21.17743733664037,3.4976921437892696,5.3,4,177,1
20.605727561725164,18.565329061951925,18.319703812669825,3.31339398883575,5.3,4,177,2
12.506938066433229,12.4095278789515,12.07198160317042,3.171668823635193,5.3,4,177,3
25.442900661023863,23.074289747258643,22.853748478411617,3.413996151702825,5.3,4,177,4
13.87012847136773,15.275569386194462,14.954643579860203,3.390887051458933,5.3,4,177,5
22.216959991484497,24.79217018718227,24.44786608749111,3.648142035362865,5.5,4,178,1
10.145773187146714,11.560429737577556,11.193609375054487,3.216058540806261,5.5,4,178,2
18.210097242371987,20.840301601426745,20.595872233797515,3.5699593917500296,5.5,4,178,3
30.706204976339123,28.516418796821803,28.348204995175085,3.515811236755717,5.5,4,178,4
18.314341740535884,18.728978204621672,18.387520911358415,3.4496543676307665,5.5,4,178,5
26.688546437233796,27.201196051740443,26.952592409791183,3.592977533684229,5.7,4,179,1
14.262335194028944,13.558939549193347,13.211760781792115,3.2039065178231914,5.7,4,179,2
29.104754947927997,30.06781686502227,29.838338581507102,3.6434112061477184,5.7,4,179,3
23.40674859446104,24.475625806693607,24.240347807471935,3.56212428876183,5.7,4,179,4
20.272929591748824,21.34610315848376,21.07191200995691,3.527763438408668,5.7,4,179,5
22.89238190922687,21.992122713198324,21.74109012943851,3.4514969342511943,5.9,4,180,1
15.370939997528696,17.704399066971146,17.397835752503404,3.494155416443025,5.9,4,180,2
15.327655239280606,17.275802562919793,16.88365163313483,3.49814533648356,5.9,4,180,3
25.82887136396517,27.135510025869632,26.880059776695862,3.6234114596361353,5.9,4,180,4
28.470102958915017,30.498503262352063,30.221324641889165,3.686890563435036,5.9,4,180,5
17.63082504108748,19.19163946912161,18.80853691947593,3.523931904908133,6.1,4,181,1
19.90933857259257,22.859876288858928,22.60773836448268,3.616337194205504,6.1,4,181,2
29.639426253576765,32.37221777365502,32.13405653441946,3.716138753612522,6.1,4,181,3
22.310395952487266,26.73205233830772,26.43953580954025,3.7235872490967297,6.1,4,181,4
21.279207741786117,24.137957610859235,23.8470926858226,3.6386266005582457,6.1,4,181,5
24.87083447180712,29.44797139660579,29.17825518371032,3.75148321718817,6.3,4,182,1
32.831976399403544,32.91387006062463,32.697535585717716,3.646803856887873,6.3,4,182,2
35.8741451858465,34.97727968721388,34.769527365218075,3.639327980440512,6.3,4,182,3
30.224059152371247,26.756595759107235,26.53105767455326,3.449001569159715,6.3,4,182,4
30.47384562383528,34.79917384981524,34.509194071743956,3.786175798516868,6.3,4,182,5
37.56636387513482,37.67928341107362,37.45723651720535,3.693222507304115,6.5,4,183,1
20.824647552442844,24.927541846975327,24.642153718529233,3.6903922634560846,6.5,4,183,2
16.861768358032148,18.741890043939584,18.4018761479278,3.50433603129676,6.5,4,183,3
15.909051187703742,20.057260523453746,19.730034529952224,3.6396583665649582,6.5,4,183,4
20.932723415611143,22.90664513672159,22.67737112252949,3.5795260861404983,6.5,4,183,5
16.469617337463184,21.088514582599444,20.814585754228183,3.6606774847166,6.7,4,184,1
30.36492349214451,35.58611429827014,35.283140887475916,3.8068461287613142,6.7,4,184,2
31.78994263982825,37.76223169473355,37.4747291113939,3.8391513710881338,6.7,4,184,3
28.796500074526904,28.814165098618513,28.562510097668856,3.6078038532592767,6.7,4,184,4
24.398095484280297,29.798339274637684,29.458501529344016,3.788619829953904,6.7,4,184,5
37.540236423460655,40.19791506011056,39.96118807929101,3.765361483711424,6.9,4,185,1
17.90091652586408,26.17028983465071,25.866990898691725,3.845633062842027,6.9,4,185,2
31.747006177155395,39.05214159369925,38.80576228893771,3.8703714029546297,6.9,4,185,3
21.788207779407657,26.362005343035325,26.060987236585813,3.7235806899324433,6.9,4,185,4
26.665498024370834,28.389082273362497,28.18588929267178,3.634700621119229,6.9,4,185,5
19.2153165352221,21.31676005096413,21.042326128801797,3.5639860392764886,7.1,4,186,1
15.22172049703942,22.47818902383687,22.16228922578664,3.7808804808859495,7.1,4,186,2
30.043440096759632,33.64287993799692,33.418269795796576,3.7455644478470496,7.1,4,186,3
16.152270269371172,19.611306642341702,19.26540544776111,3.5986582746401687,7.1,4,186,4
18.233331976438084,23.603182202026215,23.34681706497393,3.7103007522557663,7.1,4,186,5
41.51070489452812,42.70331328474628,42.52780270629585,3.745048000187279,7.3,4,187,1
24.37373572716736,26.702507480989244,26.463711078884067,3.64720033153848,7.3,4,187,2
23.441115085026063,27.071835840307823,26.74015535410359,3.706889693153391,7.3,4,187,3
21.42756953507598,24.70160301855485,24.404469571267633,3.661489687261534,7.3,4,187,4
33.44663556711774,40.561534113801976,40.373721277121845,3.8636875460636495,7.3,4,187,5
25.805592960882663,32.469706139224265,32.202724390015575,3.831625772498648,7.5,4,188,1
32.41515713451236,38.57412059091178,38.34740786921273,3.8404013307190383,7.5,4,188,2
32.37400633499598,43.58575315412976,43.31655890818777,3.969436502126306,7.5,4,188,3
38.2699049596649,40.16204553389119,39.9844684199001,3.742615718452874,7.5,4,188,4
10.768770927228632,13.863250161727107,13.544656669262642,3.374976697142262,7.5,4,188,5
30.23901586184489,31.31200739546893,31.017723802892267,3.664618535399645,7.7,4,189,1
37.19305676248778,41.32531414625952,41.00628563771014,3.813015722647875,7.7,4,189,2
17.53284603401248,18.925914328003167,18.63977109356385,3.466487834788889,7.7,4,189,3
31.03125723620635,33.857755633563066,33.57242434334582,3.737002082979811,7.7,4,189,4
31.55179004503192,39.00334269064147,38.68995600456801,3.8850105425069423,7.7,4,189,5
29.10640535018517,35.4648526020668,35.24719480458597,3.8286691110661177,7.9,4,190,1
20.59088925343673,27.733260939029677,27.487207039794495,3.806096865584076,7.9,4,190,2
35.44816317872022,39.119211467440024,38.85429623525378,3.788609590013522,7.9,4,190,3
38.75310558183838,39.677425617183786,39.45244550054304,3.725090604074827,7.9,4,190,4
41.87990770120916,46.08253007217863,45.84011670586636,3.82855748135523,7.9,4,190,5
45.237475903324224,44.92494667298954,44.7528561285382,3.7195030874814754,8.1,4,191,1
26.395208563045585,36.00096790585791,35.67659825096331,3.924471256400106,8.1,4,191,2
43.19094249911792,49.54288247852945,49.29720602048643,3.88304118719632,8.1,4,191,3
40.13540745983841,47.26371422569467,46.970478874583854,3.8928403422257456,8.1,4,191,4
29.28904368440632,38.11151310170829,37.83972324981063,3.9069144879183426,8.1,4,191,5
27.51931433571583,32.34924000345744,32.04275027630004,3.787734592300666,8.3,4,192,1
25.51036184918423,32.24656323565343,31.88784807196122,3.8413536724067576,8.3,4,192,2
39.56713326657644,36.9801558545405,36.74321353486548,3.61115953652678,8.3,4,192,3
33.80308858602939,38.37902120837315,38.14160113197611,3.804023127592208,8.3,4,192,4
44.0869352277464,47.71865328596612,47.48705020563739,3.82344020769582,8.3,4,192,5
32.69809407437326,37.198597716945144,36.89031714332109,3.8038728382730738,8.5,4,193,1
37.36684624337517,44.63697598646334,44.395963080036864,3.884750451215598,8.5,4,193,2
32.597895954300135,40.758118147781126,40.539133798001785,3.891603329416264,8.5,4,193,3
31.83949379057192,39.2811852185191,38.948501898221544,3.8857593657852543,8.5,4,193,4
37.325548335209845,50.60494302145137,50.331087949256045,4.013800925011797,8.5,4,193,5
31.135808813885024,41.27763492467345,40.980213781970654,3.949281449140499,8.7,4,194,1
38.69016249129227,48.40378607322974,48.10764564002054,3.950298236256221,8.7,4,194,2
47.97305243134821,55.26497812384476,55.02777272178937,3.9096059128949983,8.7,4,194,3
25.731560592219733,32.80512910182072,32.520778615176496,3.837117871330688,8.7,4,194,4
35.64243911026958,46.48123791908727,46.21554728348201,3.962389117045251,8.7,4,194,5
36.285201002232,46.95492165516032,46.68566093861469,3.9587788881673265,8.9,4,195,1
46.616442492684,57.692437136784136,57.47746948824375,3.9725645723479257,8.9,4,195,2
20.39928611069284,26.55912370565349,26.314336971573553,3.768006636334252,8.9,4,195,3
25.411454308641257,33.06632365925637,32.75542004941417,3.860942111196095,8.9,4,195,4
44.370650007793,58.09310857157391,57.85522921877446,4.015975988776395,8.9,4,195,5
43.720147061952744,55.90255843000656,55.71515060969012,3.987010669741613,9.1,4,196,1
40.12571575448814,53.96319488309978,53.69444968940749,4.021859634058684,9.1,4,196,2
33.10299294306638,44.411453394023965,44.18553630404468,3.968888573222957,9.1,4,196,3
38.76550044941784,50.970783874275185,50.74282130801548,3.988580529002242,9.1,4,196,4
46.79589714371544,51.72550971947289,51.49258781951061,3.854980081718323,9.1,4,196,5
34.138793165223774,37.30525365219317,36.958052459805565,3.77885893402954,9.3,4,197,1
26.074916470346544,32.69020335625161,32.395071685440016,3.829248863633199,9.3,4,197,2
37.3692332392668,51.68767258462673,51.45827059051345,4.027897284919793,9.3,4,197,3
27.023627337188582,37.50399345521779,37.24415553200549,3.942547023356134,9.3,4,197,4
40.590873543126705,59.444823692998234,59.22999497312392,4.095996157091219,9.3,4,197,5
44.457729216978784,61.24913819955467,60.974087839871224,4.064490951133894,9.5,4,198,1
43.527653796825525,57.05595742149134,56.83382957731554,4.014646554959774,9.5,4,198,2
27.017631296446027,36.55516096770692,36.22312130194323,3.9295907676735897,9.5,4,198,3
18.485946678921163,21.463820132344303,21.155255422430532,3.5681177557112975,9.5,4,198,4
28.18163768117271,37.10025476128907,36.884804216195406,3.897074659932066,9.5,4,198,5
53.470920902090015,61.70021029317924,61.47651619723435,3.9342597868922753,9.7,4,199,1
40.099842068960854,55.73596321360578,55.48329989800409,4.050237476805121,9.7,4,199,2
33.977784117417485,47.731735106967406,47.43662159306766,4.024156847304269,9.7,4,199,3
36.778377023714725,42.607898761749674,42.35205627996442,3.849622120458692,9.7,4,199,4
46.32189906585598,51.51497524031045,51.278443723281754,3.864537433984047,9.7,4,199,5
42.388768238424085,51.5171521869966,51.33330940934304,3.9298403882113537,9.9,4,200,1
36.320608775232394,54.42949333517514,54.16860940724942,4.096565218666858,9.9,4,200,2
46.34698454163818,56.44042142104088,56.28285242960258,3.949326820790409,9.9,4,200,3
33.15403038107778,37.798969465394435,37.534550621714715,3.802959288604221,9.9,4,200,4
33.82292522844021,43.59304815622867,43.31375776179411,3.936987173247871,9.9,4,200,5
0.25839020461257506,0.2535229406232619,0.21864723788256824,0.41780233931802446,0.1,5,201,1
0.3040070484124499,0.22961360877339537,0.2368097477027064,0.4291845111787713,0.1,5,201,2
0.2860277228528145,0.2248730933283236,0.2514615687174361,0.4302004199796245,0.1,5,201,3
0.27307551812163877,0.22566826391094147,0.24433253956887055,0.4127625834709572,0.1,5,201,4
0.26426142930394825,0.22516889009469357,0.2355120404793884,0.4041377719337266,0.1,5,201,5
0.3348343835818049,0.22553241473492489,0.3466840393072065,0.7042077871543964,0.30000000000000004,5,202,1
0.35973188434571973,0.23691998234476572,0.32023724503238404,0.750447077435402,0.30000000000000004,5,202,2
0.4706572267294491,0.2908490256554165,0.2849292139087142,0.9439448336008642,0.30000000000000004,5,202,3
0.4724429309925746,0.2690622817614344,0.3370512055981763,0.8922826604346819,0.30000000000000004,5,202,4
0.3391625288444083,0.20851446029789317,0.3342001243702041,0.717941542003972,0.30000000000000004,5,202,5
0.6565526974168427,0.268759834063671,0.7937397959123877,0.3756131511127771,0.5,5,203,1
0.6556160838100178,0.2576884407234743,0.7548313288573321,0.36927048075357966,0.5,5,203,2
0.7698729130952074,0.3396634342232153,1.0437298283919207,0.5536745028532971,0.5,5,203,3
0.6657294942110509,0.26453088473538117,0.8126634249788649,0.3835801960012995,0.5,5,203,4
0.5690629226800741,0.21509804100461616,0.7285828950615385,0.2179541713379803,0.5,5,203,5
0.913514616794147,0.36821596181391814,0.8543728649172092,0.7316302798027909,0.7000000000000001,5,204,1
1.1055438776202955,0.5481568532061184,1.1132234304308224,1.4574250242067404,0.7000000000000001,5,204,2
0.9864861179193392,0.4291501049928508,0.9364922753901312,0.9585701983751304,0.7000000000000001,5,204,3
1.0549789199924255,0.45743273207663865,1.0536978980949134,1.077827452883667,0.7000000000000001,5,204,4
0.9670565124463724,0.38962372187966154,0.8807757101393247,0.7926480538041573,0.7000000000000001,5,204,5
1.2326023081182576,0.5546813945856491,1.1589388643885323,1.4104989572038715,0.9,5,205,1
1.315597156593363,0.6020603460458256,1.1623419293391115,1.6483083601830626,0.9,5,205,2
1.221580129738714,0.5023028973389311,1.0222514633238935,1.2658534740247196,0.9,5,205,3
1.2911067101487874,0.5265686546607671,1.0644913774553209,1.4016136016641056,0.9,5,205,4
1.2140404874061828,0.4765175909013908,1.0040410713442056,1.1313348931069809,0.9,5,205,5
1.4929823012920669,0.5983822527436374,1.1458982196773526,1.6789486754026026,1.1,5,206,1
1.4982594118200587,0.5888526158400313,1.2470817749398475,1.5103141994725724,1.1,5,206,2
1.379381055208751,0.5720044584048583,1.0555737867794956,1.4652131610719037,1.1,5,206,3
1.579650776265509,0.6076304294211876,1.1733296342716757,1.8055435469273144,1.1,5,206,4
1.6350536468642645,0.6887506922684309,1.312529710983856,2.1128055566494983,1.1,5,206,5
2.007375027498221,0.7331075545208668,1.382403054146588,2.534547126412422,1.3000000000000005,5,207,1
1.817152516635248,0.5983440956378473,1.1434029298448276,1.785669095361019,1.3000000000000005,5,207,2
1.5788278030865943,0.6180777966219126,1.1034461753865394,1.5982394327549343,1.3000000000000005,5,207,3
1.6922490185106769,0.6609988309703271,1.192230301801029,1.98789261710366,1.3000000000000005,5,207,4
1.750366774366058,0.6914160552776121,1.1826853501318155,2.2242932183017623,1.3000000000000005,5,207,5
2.202040217297707,0.8020342633809889,1.42662398112681,3.068563590945397,1.5000000000000002,5,208,1
2.104596383699071,0.6693412482965494,1.2332588755133704,2.2940941174425884,1.5000000000000002,5,208,2
2.0650568850935227,0.7555825224700107,1.2732215345833906,2.64952766137885,1.5000000000000002,5,208,3
1.5556595053683024,0.5551001291089813,0.9923313432118313,1.0582111797022025,1.5000000000000002,5,208,4
1.929101735619873,0.6980806623572068,1.2158452775456154,2.269446978130752,1.5000000000000002,5,208,5
1.943407712023476,0.647568954263468,1.11919852579489,1.7281169745591471,1.7000000000000002,5,209,1
2.405347738031319,0.8532353359876315,1.4369687151875263,3.3944600534320313,1.7000000000000002,5,209,2
1.9776804479013883,0.7024936122964414,1.1975955461271235,2.0893074789067105,1.7000000000000002,5,209,3
2.9817731285357008,0.9638685586325808,1.5701878149760906,4.875121907429776,1.7000000000000002,5,209,4
1.586547701106381,0.5924116994270396,0.9629837673503512,1.0799528782335637,1.7000000000000002,5,209,5
2.4496528902857166,0.7321731852516437,1.2208819101811113,2.503154060103415,1.9,5,210,1
2.463866286948925,0.688237517671804,1.2201919821139426,2.273365867746541,1.9,5,210,2
2.773870032109497,0.79769453691015,1.3462876128800647,3.329844217111734,1.9,5,210,3
2.050679878017906,0.6608549112078095,1.090358273276307,1.6638585460175117,1.9,5,210,4
2.537948492103415,0.7547828410713192,1.3272614175502395,2.76244492296951,1.9,5,210,5
3.237421199162079,0.7572179381062094,1.353558589264516,3.2369179690315595,2.1,5,211,1
2.8602430001249206,0.620590424453769,1.1031013393817148,1.9990346317947405,2.1,5,211,2
3.70809771499052,1.0024376630410587,1.5525457389090749,5.826643248176011,2.1,5,211,3
2.474307697043636,0.6325399237638353,1.1337514776340811,1.4927405963864109,2.1,5,211,4
3.1432557834932866,0.7599008806676152,1.318485316907958,3.2330315337627993,2.1,5,211,5
2.668744485826654,0.6822867248093148,1.117616724328377,1.86958992346085,2.3000000000000003,5,212,1
2.5492398990723824,0.6271286009066664,0.9391937612061864,1.355424323067362,2.3000000000000003,5,212,2
2.555138980675575,0.6548558609689877,1.0400459243155995,1.654914366128806,2.3000000000000003,5,212,3
2.6527024999661637,0.7139759777714783,1.1708322316260698,2.2501620140131378,2.3000000000000003,5,212,4
2.667780554885326,0.6738216219293165,1.0830390171461954,1.8649321031332,2.3000000000000003,5,212,5
3.837605347430407,0.6277705081490041,1.0668559851000134,2.610263177395162,2.5000000000000004,5,213,1
3.655070469731158,0.7656212922456819,1.2993816356574193,3.3360967813693123,2.5000000000000004,5,213,2
2.932255549623112,0.6755824710636142,1.0744947415950654,1.9270407006590315,2.5000000000000004,5,213,3
2.3789269380364835,0.7247550634154576,1.076720327491041,1.2708377537097113,2.5000000000000004,5,213,4
4.829778769063816,0.773297829046527,1.3457232182761136,4.547437952822805,2.5000000000000004,5,213,5
3.921895513487295,0.6858861338116881,1.1889585292326248,2.733985933038686,2.7,5,214,1
3.452057645753404,0.6688908359791966,1.0508572431455483,1.5773655911446047,2.7,5,214,2
4.533427337484213,0.7748068443155101,1.3248016705240158,4.250789987178711,2.7,5,214,3
3.92637245847874,0.7785941903425835,1.3256507286068742,3.630635681224798,2.7,5,214,4
2.7696424337447203,0.7282665307942644,1.0379033364118402,1.489448178184527,2.7,5,214,5
3.7312806096252897,0.7098891404691875,1.1782665485187,2.441529608970622,2.9000000000000004,5,215,1
3.640130599571018,0.7085097703657048,1.0604370339644136,2.222721727135768,2.9000000000000004,5,215,2
3.079550977788393,0.7554562051048247,1.1179675710034027,1.8930586434756609,2.9000000000000004,5,215,3
4.656507962057873,0.6424316358901894,1.0879393256543588,2.8258472352009703,2.9000000000000004,5,215,4
5.360120737629129,0.6439031173402382,1.2202634893879043,3.594388276376557,2.9000000000000004,5,215,5
3.972270409677243,0.9325484692744718,0.9437571107374249,0.9355570736356652,3.1,5,216,1
5.407394166257323,0.6391460688953355,1.0926692317662323,3.2245435198918133,3.1,5,216,2
4.113211957652149,0.6918765913018251,1.129194096628206,2.4136241483278225,3.1,5,216,3
4.0814650433674196,0.7104604495859488,1.0414737493931905,2.2328443861078244,3.1,5,216,4
5.211303480971149,0.6483370375301524,1.0841951661330365,3.0882293451990215,3.1,5,216,5
5.946143902904274,0.6307916066787165,0.9602843185565696,2.9357232127005437,3.3000000000000003,5,217,1
3.33932158665542,0.8379223133301482,1.076885033036245,1.5918900581669966,3.3000000000000003,5,217,2
3.6218409831608382,0.7922363404513394,1.1416812690431075,1.9295439492506885,3.3000000000000003,5,217,3
3.9153343901491713,0.7596463557335308,1.1013414573299023,2.3388032586635963,3.3000000000000003,5,217,4
4.039183253704168,0.751155754912433,1.1009599053381696,2.1793950797053196,3.3000000000000003,5,217,5
4.626110951700492,0.769469684735303,1.0358188678216282,2.0331481332895676,3.5000000000000004,5,218,1
5.692955206310934,0.7352233562328507,1.175110990952239,4.252760484875164,3.5000000000000004,5,218,2
5.626329228356407,0.6698624787719535,1.0221709488528845,2.7811557626105383,3.5000000000000004,5,218,3
4.472592558981409,0.7468988789944354,1.1217252917365248,2.583111871890405,3.5000000000000004,5,218,4
5.291337596259511,0.7007607609266318,1.0584149248313228,2.501820677572752,3.5000000000000004,5,218,5
5.906789413569349,0.7893772682977634,0.9008717968113358,2.0331397812411467,3.7,5,219,1
5.021911177793108,0.8734566266162509,0.9825659732622982,1.4899061882327318,3.7,5,219,2
3.410155161446495,1.0355815678249043,1.139494615222531,1.3856756647536694,3.7,5,219,3
4.903656591782931,0.8174360416608712,1.0145048697691217,2.001621222246721,3.7,5,219,4
5.131393216498855,0.7546673258142265,0.9957039471056128,2.39275595057604,3.7,5,219,5
4.585246089464797,1.0030857819573942,1.1719182487641244,1.6019173858810127,3.9,5,220,1
3.143640106080898,1.1228378664346463,1.198063810662799,1.5066500995055954,3.9,5,220,2
4.910187598955787,0.8308624749052721,1.1553740120420686,2.383880894124129,3.9,5,220,3
4.324301179160178,0.9437188098727404,1.1145286822365648,1.864378864723391,3.9,5,220,4
4.142856718002462,0.9526427557278644,1.2023899057595944,1.9448069880781849,3.9,5,220,5
7.301534249817008,0.807770072748224,0.9190847929307407,2.4638093557112635,4.1,5,221,1
4.855519506219446,0.8908878977207838,1.1108056445649583,1.8334271113831608,4.1,5,221,2
8.134966302893279,0.6696382219383502,0.9289849460462553,3.4993660371028312,4.1,5,221,3
6.739157786700178,0.7201782281003498,1.12847576165125,3.688069819421204,4.1,5,221,4
14.901009959464092,0.4318810052621768,0.7668228106748656,7.721562630168458,4.1,5,221,5
7.402982819569855,0.8375190866092125,0.9382978371112378,2.422136210454717,4.3,5,222,1
3.984794638282261,1.1733824042435776,1.234224863247239,1.2786491743290425,4.3,5,222,2
9.64224432681608,0.6902035370133703,0.8730898098702929,3.903451689468429,4.3,5,222,3
11.103532933290149,0.9016362079990472,0.7692076102714879,3.023307534441373,4.3,5,222,4
9.374468786822684,0.930137739874327,0.8281609148797947,2.563513243604849,4.3,5,222,5
8.546726693632465,0.7289593475308024,0.9772063061145976,3.6068096850275744,4.5,5,223,1
3.3665531638886264,1.3837300247471715,1.514327686102775,1.6008828605453,4.5,5,223,2
4.673337637978732,0.9995749698326049,1.1979947433812084,2.0757122426543164,4.5,5,223,3
11.04085012994008,0.8045687951268097,0.7890722237504699,3.488139889001335,4.5,5,223,4
8.724598173229099,1.011754330579509,0.9266606113837952,2.2202927106575667,4.5,5,223,5
4.281596895556445,1.3603692615431764,1.6493929635177662,1.732305304690293,4.7,5,224,1
6.29203734178164,1.3774517809263571,1.2577518833945756,1.2457290940586674,4.7,5,224,2
7.977877380658894,1.6479133117106963,1.4004501999087662,1.0801383510209066,4.7,5,224,3
3.9809306800493545,1.3177999477807194,1.4245943102997265,1.756513024430054,4.7,5,224,4
6.600571197569714,1.0128329811980308,1.3787059232904553,2.509655121319704,4.7,5,224,5
9.569354700540496,0.7623480259693948,0.9480482596136592,3.7274662062212456,4.9,5,225,1
5.9844609692479755,1.4024787110711776,1.3987869069260734,1.4557779011794936,4.9,5,225,2
9.12901813987779,0.9721259961464114,0.9498772534332784,2.6600570955545524,4.9,5,225,3
14.452670515430054,1.171312273844218,0.8620381543924838,3.25763960167204,4.9,5,225,4
7.72851194104121,1.2057380831712805,1.202310365662376,1.9934580803772488,4.9,5,225,5
8.227226145912752,1.5736708199963183,1.3390440879305383,1.143930180304772,5.1,5,226,1
8.13852977980982,1.3306909313974573,1.1824347208857242,1.5505478080906936,5.1,5,226,2
4.187246622173162,1.5553652381121348,1.744070189323003,1.8507753261460491,5.1,5,226,3
8.76972347820402,1.871724624693654,1.5735989264003023,1.0782088704980126,5.1,5,226,4
7.163207315452934,1.4471634229185282,1.3290378354815404,1.3484331798844105,5.1,5,226,5
6.235433909898259,1.6611333603436311,1.4994549164856192,1.1877313810924766,5.3,5,227,1
11.021073314327928,0.9533238931211852,0.9229228914181778,3.331941718784842,5.3,5,227,2
5.880808969859355,1.646086372267088,1.714631868095561,1.52647605765986,5.3,5,227,3
9.845429762302706,1.6870996325613834,1.5939439821846242,1.478940016499636,5.3,5,227,4
11.622875045478184,0.846553678727813,0.9280931715335294,3.810406751881556,5.3,5,227,5
7.250838875011574,1.665527067545046,1.5512626332214403,1.3481962884060517,5.5,5,228,1
6.8451103321653,1.1574695609141532,1.4751590307401383,2.7229680525228366,5.5,5,228,2
8.71705862596778,1.8491919631148828,1.702532291565317,1.3549367988768188,5.5,5,228,3
7.11312150724124,1.7622666525096036,1.5743414655001946,1.199802861848165,5.5,5,228,4
8.286885449253607,1.5364831139696162,1.474364362267361,1.6304220787078774,5.5,5,228,5
7.793304525663095,1.7554660488087377,1.622875928123877,1.3018555658128863,5.7,5,229,1
5.294498696422858,1.7767080070892969,1.9347134008670073,1.6866916608193656,5.7,5,229,2
13.402386323846626,1.188943470944004,0.9838216622045044,3.282295893573305,5.7,5,229,3
12.56359973713085,1.2550646396691447,1.0504826158818994,2.8772193667959782,5.7,5,229,4
6.278337832457939,1.4465776583925412,1.4605551279119549,1.8137179789166784,5.7,5,229,5
11.750464262395289,2.0993793966160146,1.7696759143497462,1.147941335810411,5.9,5,230,1
11.320315446948657,2.7723978616633436,2.3779772098090124,0.7339007490978027,5.9,5,230,2
14.825896666476636,1.16405305496792,0.9355560748413098,3.709761444943298,5.9,5,230,3
15.268249493101695,1.4064608148748092,1.107204785181177,3.1964522481640416,5.9,5,230,4
18.302779015517892,1.8147315277556164,1.434444898088325,2.9829719678566704,5.9,5,230,5
15.421983913068786,1.668609066570818,1.3552576207820493,2.7001144392419136,6.1,5,231,1
13.262793516484976,1.6975282182230074,1.3835616508241984,2.1721299641878526,6.1,5,231,2
11.037926268893257,2.5931910516590824,2.243879652793737,0.7127790483273633,6.1,5,231,3
9.493812196906235,1.3023185185902402,1.5524457846780009,2.728868743456779,6.1,5,231,4
8.750670675399627,2.4992156067821796,2.3082626439211027,1.1792178774212052,6.1,5,231,5
15.77632851836614,2.21899014189218,1.8567601831913343,1.8418336944545004,6.3,5,232,1
6.537081576229034,2.004636754393733,2.3743043607242873,2.1748808505770345,6.3,5,232,2
9.65076672531214,1.4458796039368589,1.554232956555739,2.4978340789273776,6.3,5,232,3
13.572554944599542,2.138286526477852,1.8286941864695676,1.6357827301261645,6.3,5,232,4
20.46200334915395,1.8741226974022331,1.4517519191830832,3.4071742646607466,6.3,5,232,5
20.69417442548008,3.038423347750024,2.5946308112965726,1.596964193636301,6.5,5,233,1
14.168291385933948,2.429600776094445,2.086124741268898,1.3825484994621955,6.5,5,233,2
8.870787249639621,2.2134777240885795,1.9958617949202104,1.211140930609554,6.5,5,233,3
7.298203185220451,2.0650023449594346,2.3018939062671695,1.953723604329166,6.5,5,233,4
12.3119952759217,2.110356230437927,1.8509878373733093,1.6570737213132114,6.5,5,233,5
13.359965073894267,2.411828767565105,2.0300394877032506,1.2138632219943963,6.7,5,234,1
11.873838580884485,2.6420277010984,2.332641655930575,0.9719737911850836,6.7,5,234,2
19.884612569163117,2.150223620441927,1.73015698019634,2.763994747685866,6.7,5,234,3
20.378778380656108,3.6081266229174993,3.18576117070051,0.9656747934462536,6.7,5,234,4
12.276025634010248,1.5282490545317662,1.6186559354204917,2.853203348571107,6.7,5,234,5
16.139620173288762,1.8692182636162784,1.514108760159328,2.548227178353158,6.9,5,235,1
14.226107116012468,2.8884597254983952,2.5838747557398603,1.1043397398895414,6.9,5,235,2
10.987427888388028,2.591847200885393,2.3911919346076314,1.2755715852873035,6.9,5,235,3
17.65596852453348,2.5848376137204987,2.1851669692679803,1.8455840187087011,6.9,5,235,4
4.516485734234621,2.2234525265537473,2.5179713637444223,2.30568117079573,6.9,5,235,5
8.585377229908902,2.5568187209386184,2.567051247020708,1.6422607504283706,7.1,5,236,1
10.637138293680604,3.6116187021602943,3.383238850838839,1.383657326122949,7.1,5,236,2
17.798969286269635,2.7566556899658896,2.3457819787713197,1.5554535916600545,7.1,5,236,3
28.7836251509121,2.955469523013163,2.4851528344038334,3.160129172311355,7.1,5,236,4
9.81394817122196,2.2223409455108265,2.347930892370837,1.9330897942095897,7.1,5,236,5
10.359166975448163,1.9366472520923808,2.517104282156619,2.3494744336415083,7.3,5,237,1
33.88638390375949,3.596082312245498,3.146862797507566,3.1957105135298267,7.3,5,237,2
10.212518591533067,2.8930194288004727,2.873313224206164,1.6219211816394965,7.3,5,237,3
52.871532220663354,3.520330312363587,3.192222534725409,6.734052075489583,7.3,5,237,4
14.46649654042456,2.547594335804538,2.2890781085677556,1.6298812619142322,7.3,5,237,5
27.463985440780736,3.4731872870282943,3.0664658003205862,2.3009581644631263,7.5,5,238,1
20.604421416558953,3.069123878235575,2.654944750053383,1.6345628831638532,7.5,5,238,2
17.91407236828113,2.571578098311373,2.174934686644831,1.8601666829904189,7.5,5,238,3
26.24264387015933,1.8471736520562596,1.377651221358764,4.907558570869268,7.5,5,238,4
9.823211128105305,2.958867911803095,2.928045630153119,1.6166913577727853,7.5,5,238,5
25.174474369985415,3.0616305728576627,2.602528922760419,2.436866242097561,7.7,5,239,1
18.15814361350442,3.63449449265602,3.187773192980461,0.8270238460980909,7.7,5,239,2
13.534545616540436,3.1873924457211062,2.8849943670764127,1.243679177010904,7.7,5,239,3
20.7004110192374,4.21753055339634,3.780298651521569,0.6631328498962649,7.7,5,239,4
23.25031479335659,4.385702980393688,3.9054082467847615,0.6564622986388814,7.7,5,239,5
10.527026282512642,3.12025538290436,3.07382265343227,1.5350057627152471,7.9,5,240,1
21.39808724488707,3.8696173419748305,3.404501397719134,0.9819764522933264,7.9,5,240,2
8.186219384184831,2.5869275123258877,3.0245376325636544,2.180497672668372,7.9,5,240,3
18.879684957562716,3.530372091309874,3.1328698164098636,1.0282831416865543,7.9,5,240,4
26.54010078328658,4.063449295131522,3.648645919264443,1.5121352615360566,7.9,5,240,5
11.786287770605815,3.744226047925648,3.7004824651489545,1.6348500411016356,8.1,5,241,1
22.090999871096017,2.651578998385903,2.2123918489298067,2.277982389117308,8.1,5,241,2
17.29328712604484,3.2994278444093754,2.910203839797437,1.1264016970190185,8.1,5,241,3
39.907960516730334,6.173927918461884,5.801931963807615,1.443999640540584,8.1,5,241,4
12.846949637401345,2.8452727900186368,2.7391636342232744,1.6568062627241071,8.1,5,241,5
40.180209129891416,3.1979839132307584,2.7906555768281707,5.030244785062606,8.3,5,242,1
27.038450273552616,4.575885387398693,6.64961762056558,4.65977125773227,8.3,5,242,2
26.73610340698575,4.931956798071893,4.46973071490118,0.7464347256894841,8.3,5,242,3
34.896037980176295,4.704074274869078,4.220009886498183,2.030594789091436,8.3,5,242,4
13.280653434926212,4.683674501006374,4.4395002960632235,1.3562015975915998,8.3,5,242,5
25.71978407567237,4.449262913323323,3.9678661400192254,1.0374068168161736,8.5,5,243,1
17.437629902484307,3.402294008431758,3.298623373976579,1.7914962021432723,8.5,5,243,2
20.122774934266673,3.6987121837144623,3.3136183086143696,1.07031583001176,8.5,5,243,3
6.81933330824351,2.775348649899885,3.397955889667073,2.2681961429604263,8.5,5,243,4
21.870388773913906,5.001006087890042,4.911111644711599,1.3482409783815172,8.5,5,243,5
23.09787694882522,5.321597496550626,4.892607973255579,0.4702917024603197,8.7,5,244,1
29.965719713143372,6.00627650754718,5.539676063562296,0.4417543028802818,8.7,5,244,2
35.58896406394671,5.372197236181351,4.947126113138646,1.5547658342394983,8.7,5,244,3
28.021632812989147,3.881006299787114,3.388702806330886,1.950404157358573,8.7,5,244,4
75.56818066278124,5.772169943865194,5.518402460008084,6.329093695398191,8.7,5,244,5
23.615217750636205,5.063454391785158,4.6858167713023455,0.9917012140647484,8.9,5,245,1
28.50635811458113,4.279393363845078,3.795151149000085,1.6298616948778335,8.9,5,245,2
33.4426369486365,4.7571111253737826,4.340757097107219,1.8537813491887885,8.9,5,245,3
30.120344143964076,5.469158141852334,5.04101119325936,0.83862188086176,8.9,5,245,4
36.634249268879465,5.52325485244529,5.107757209256816,1.5781312823166307,8.9,5,245,5
20.18144057866473,4.595639384749485,4.382106433988946,0.9426810099495716,9.1,5,246,1
60.36881738031995,5.17058248164551,4.773620035476019,5.116921252792728,9.1,5,246,2
95.98229605152174,7.600060079325225,7.449599246346811,6.348242744688337,9.1,5,246,3
20.110008171858404,4.845630937793029,4.44049184113521,0.6907574725298331,9.1,5,246,4
32.726369332840484,5.070178774368875,4.595482138946428,1.4266118945561872,9.1,5,246,5
36.61391929156264,6.953742606114511,6.4998443361657134,0.5809002070868221,9.3,5,247,1
27.460025969906315,4.858920830072012,4.417477182820113,1.1292489558633954,9.3,5,247,2
7.815908214274905,3.499381870793981,3.874104245568197,2.109091249020937,9.3,5,247,3
42.63501771442433,6.94959101866404,6.544021364739978,1.1835469427542418,9.3,5,247,4
22.57994213964195,6.634389721280861,6.24639663059868,1.0145617467005232,9.3,5,247,5
28.36787004404706,5.976307205453809,5.514618590452403,0.5228420280201508,9.5,5,248,1
19.17373129100019,3.106105889315507,9.804369214376008,6.78208306983089,9.5,5,248,2
63.740917659614674,6.715608827545265,6.379915155608997,3.756164995337457,9.5,5,248,3
20.887358870315683,5.124564563088465,5.5634357797466505,2.059269488733255,9.5,5,248,4
21.172696358134356,5.047831886127768,4.717702275246284,1.1436847471676912,9.5,5,248,5
51.87264297358109,6.229972919998788,7.61687421741756,6.150799525124082,9.7,5,249,1
17.401699131325287,3.5744205022439477,12.309630257199812,7.551840572622444,9.7,5,249,2
64.21284672140918,7.570828743311457,8.398469466074065,6.266322869821341,9.7,5,249,3
30.44249948129579,6.870998874820225,6.414813303803861,0.3898751015539535,9.7,5,249,4
24.45515379343624,3.727182526412854,10.344052789195423,7.055321982527115,9.7,5,249,5
64.46801686511546,8.847627246398636,9.889474406659032,5.62987845408929,9.9,5,250,1
9.594812757586782,3.8032443279478794,4.239450538474312,2.4904801575026907,9.9,5,250,2
37.60239815077624,7.587950948480027,7.129218143881788,0.4181341939941847,9.9,5,250,3
19.16113420853726,5.705742828726801,5.498608645483214,1.4670435362533434,9.9,5,250,4
50.172930381156505,7.85420643450835,7.482083174428867,1.4401068974838718,9.9,5,250,5
0.26500966454796937,0.3699145518712991,0.10687524390801684,0.3313564602798257,0.1,6,251,1
0.24014703958029415,0.393429719364256,0.11677665398426,0.3241154289553629,0.1,6,251,2
0.2726980886954755,0.4163069408814257,0.14500801986479872,0.3196246252574603,0.1,6,251,3
0.2700407489120187,0.3627320672297734,0.0979631624185578,0.339197825157598,0.1,6,251,4
0.28878275486583027,0.3692647545168312,0.10015019393012912,0.3488920617713533,0.1,6,251,5
0.4982594727458121,0.3281994372781723,0.2840249381680778,0.7743629437123944,0.30000000000000004,6,252,1
0.49158926693592647,0.30529127654469806,0.30448003421781106,0.7122760715700156,0.30000000000000004,6,252,2
0.6982702689725081,0.34127726706101774,0.5067124228548978,0.7569560703587528,0.30000000000000004,6,252,3
0.6441710744662645,0.3492149601789956,0.4038497857387572,0.8756227623809503,0.30000000000000004,6,252,4
0.5582888796952923,0.30368686659848293,0.2541413117670466,0.8536372999588434,0.30000000000000004,6,252,5
0.8758201130729497,0.22837735409640147,0.5833330372035156,0.6038395329095044,0.5,6,253,1
0.605214600627969,0.19271950311222277,0.7496009494858692,0.3052651420259353,0.5,6,253,2
0.7553612165997879,0.2323507927879058,0.5720625103018513,0.5822534683193372,0.5,6,253,3
0.7528373807536827,0.29960312470772626,0.6615032895925853,0.7507370289944891,0.5,6,253,4
0.7506142233394049,0.20216325545935152,0.6678406329353849,0.3985647722250912,0.5,6,253,5
1.7094136490955034,0.5439391873351934,0.968756309897476,2.088736731783659,0.7000000000000001,6,254,1
1.2665577336788627,0.46594047421721274,1.1112712306048989,1.1898301622239316,0.7000000000000001,6,254,2
1.5291033304298915,0.5604975333174248,1.0904554093170675,1.924118259055648,0.7000000000000001,6,254,3
1.5868087057243334,0.5249427696433108,0.9255447313940472,2.097731523514219,0.7000000000000001,6,254,4
1.690956132394572,0.5287879567566314,0.8255826746504982,2.227063048641519,0.7000000000000001,6,254,5
2.254188725146168,0.7108679046484679,1.4325184747545765,4.232649955320206,0.9,6,255,1
2.020284500735974,0.6490587331922693,1.2967370464231371,2.3694969704656317,0.9,6,255,2
2.2842924087556966,0.7988560861714977,1.4029765833304475,3.498704375679329,0.9,6,255,3
2.282878241306951,0.6351442867967075,1.2421919450005137,2.5200235928805212,0.9,6,255,4
1.8765153974977136,0.9852949265797786,2.3486195428850367,6.308841187866033,0.9,6,255,5
3.5773071602047466,0.9366306296396902,2.156072901918854,7.494176904408328,1.1,6,256,1
3.6598739874226434,0.8865366312026076,1.147801329516446,5.696514727251738,1.1,6,256,2
3.1187275125169664,0.7032050371853309,1.4324333066478656,5.115172862284129,1.1,6,256,3
1.0680033072482007,0.5830241825943969,1.4150066962277414,0.9920183441208986,1.1,6,256,4
2.834108228177665,0.7683130965527941,1.4046073919469908,3.677458468832546,1.1,6,256,5
1.3079728347412252,0.6192961313998718,1.7448993311022851,1.1949535132356277,1.3000000000000005,6,257,1
1.271828585165787,0.6664912721929792,2.133472597774032,1.3652812775891263,1.3000000000000005,6,257,2
6.186206205589847,0.6243683396547318,1.7076606615763634,4.968393022382149,1.3000000000000005,6,257,3
10.820363437957658,0.4466313033761292,0.8400843303079701,8.771446724197542,1.3000000000000005,6,257,4
4.618536823963653,0.9622423996209284,1.0194267885042374,7.608034640878741,1.3000000000000005,6,257,5
8.168828290339942,0.7250917817539678,1.749916135655954,7.608843573305922,1.5000000000000002,6,258,1
4.156594988624289,1.1178744426855265,1.2537594258450877,9.436294909357937,1.5000000000000002,6,258,2
1.4732934524279715,0.7356329720612439,2.182665577197724,1.4964735045661552,1.5000000000000002,6,258,3
6.3683281109538905,1.0069576163597085,0.8125567719094916,10.46289585016266,1.5000000000000002,6,258,4
4.356443257802661,0.7863789573818616,1.6308061949347334,6.028848519163035,1.5000000000000002,6,258,5
4.10617367760566,1.999975378097232,3.999916506400076,1.7323578689595966,1.7000000000000002,6,259,1
3.9830674949225857,2.001038413469743,1.699825199331928,1.6934073826854676,1.7000000000000002,6,259,2
4.4390219590448945,0.8714475978901922,1.601659623149862,6.344573430076064,1.7000000000000002,6,259,3
1.6697035643579436,0.7950567820657071,1.9353433951437595,1.5033133705744317,1.7000000000000002,6,259,4
1.6419818185458943,0.7975936199868151,2.0406846669871763,1.5522115624303825,1.7000000000000002,6,259,5
1.9152973040259416,1.0301437861586098,2.6721379137715324,1.8896241080356857,1.9,6,260,1
1.9096684804246176,0.9784660605815688,2.572004997158929,1.8596882908494496,1.9,6,260,2
2.950963347360957,2.017133407077054,1.8804163160090528,1.9232869168977111,1.9,6,260,3
1.8938066583613171,0.8575852846419824,1.9032091821610837,1.6082778270592537,1.9,6,260,4
4.121375212518216,1.999339445324012,3.9985878127541343,1.8739949379201253,1.9,6,260,5
4.178237725506499,1.998128225915591,2.0678507411096105,2.1372759894559556,2.1,6,261,1
2.2700970132025486,1.3256221467175624,3.039568596444256,2.159754174362104,2.1,6,261,2
2.834825641048517,2.0297635735524064,2.0694461463623703,2.1124287525085994,2.1,6,261,3
3.853335702571405,2.0002169005025756,4.000201465449272,2.0800727766447364,2.1,6,261,4
2.481895916157712,2.04064053404664,2.1132997378319547,2.099952472494417,2.1,6,261,5
2.855854699047944,2.0325981857982236,2.269207017548968,2.33825347432182,2.3000000000000003,6,262,1
1.9968903583091084,2.342250764834497,2.364629514281344,2.3270413233048384,2.3000000000000003,6,262,2
1.634328938017952,2.27227902808758,2.3112738624708693,2.3296703921784445,2.3000000000000003,6,262,3
2.7045419643115087,2.3415888064990713,2.320107452742133,2.2953020138186826,2.3000000000000003,6,262,4
1.9100167674149784,2.0782484168517974,2.2564604905481613,2.2337322947283003,2.3000000000000003,6,262,5
3.7183979085300543,2.0034806018323454,2.4481499686366135,2.50060500280176,2.5000000000000004,6,263,1
2.482796961814133,2.036351639992933,2.4446504847591455,2.499037187765872,2.5000000000000004,6,263,2
2.51826517631491,2.3279325783784053,2.3889256502760365,6.702654955011809,2.5000000000000004,6,263,3
2.378556482655289,2.0687277116599967,2.4879027561260045,2.492362932458863,2.5000000000000004,6,263,4
1.7587052145045183,2.0915116485812932,2.4867374219374696,2.482346614424064,2.5000000000000004,6,263,5
1.4132743578615568,2.3941031297007394,2.73130830531436,2.6702611885342833,2.7,6,264,1
0.8966950568407631,2.225204129454057,2.718988285216115,2.6957378022147247,2.7,6,264,2
1.064289461722988,2.194261656029717,2.740401668268423,2.6915058710000808,2.7,6,264,3
3.466102165467706,2.0116171344047187,2.697320554567689,2.6315990500580475,2.7,6,264,4
3.033612965330539,1.223859058727505,2.706371689341888,2.3834055783036816,2.7,6,264,5
1.2303473958505011,2.314861720331951,2.8680097321561786,2.847979096220042,2.9000000000000004,6,265,1
0.8970553777659874,2.3232706170991824,2.925734276083818,2.8935957758954216,2.9000000000000004,6,265,2
1.266247144437086,2.14222576446148,2.953530839704497,2.870787638042492,2.9000000000000004,6,265,3
1.364010101693066,2.3487444857608675,2.8940349335545315,2.869799613371504,2.9000000000000004,6,265,4
2.024653123998025,2.3488899577782094,2.5343086908742962,7.406179007926861,2.9000000000000004,6,265,5
1.1590794696142168,2.145910413122502,3.0788155805456414,3.059508909558525,3.1,6,266,1
1.5415080343072975,2.237711463431324,3.1187130872680653,3.089567343826761,3.1,6,266,2
2.0317779073733604,2.06682472578955,3.1131239375355846,3.0561297870206197,3.1,6,266,3
24.065579626070612,1.673494477318895,2.2183687473097917,12.163905760342017,3.1,6,266,4
31.14092928876138,0.1946228940963384,1.2037531310816485,14.99641516920062,3.1,6,266,5
1.030766972079817,2.279831347286408,3.185611483335124,3.242962946933238,3.3000000000000003,6,267,1
1.028931550703335,2.3378926611721726,3.260127553832661,4.053046391055649,3.3000000000000003,6,267,2
3.9766633680509025,1.9997531409587297,3.2671242942983225,3.3258743088891585,3.3000000000000003,6,267,3
31.56161989417063,0.19987344398661205,1.7126377687532353,15.26651861571792,3.3000000000000003,6,267,4
1.5876129352682806,2.1052555648725373,3.2332678743128427,3.272637800220009,3.3000000000000003,6,267,5
19.44904804991365,1.745280833295497,2.4404627033094792,12.674505842846305,3.5000000000000004,6,268,1
36.686788322302355,0.20580967086088645,1.0382999441239693,16.597536386983077,3.5000000000000004,6,268,2
33.93243285172518,0.19169160638790544,1.7034740891081837,15.300380974556871,3.5000000000000004,6,268,3
31.182829235523393,0.15626726891292483,0.32609574496918087,15.862791279374084,3.5000000000000004,6,268,4
7.473053902504395,2.273742289312252,4.156844570279376,6.250958192881286,3.5000000000000004,6,268,5
25.689170848595072,0.6449471417831261,0.7242085738059073,17.327781303321895,3.7,6,269,1
1.6094637392633813,2.1116481053226765,3.7210933106087736,3.7316854785005344,3.7,6,269,2
1.4375780105930465,2.3515357634787417,3.7637997498417977,3.5570302437693218,3.7,6,269,3
23.281354938613394,0.687038273226517,4.564684359479427,13.849560371805907,3.7,6,269,4
30.101203506569096,0.3173991896753837,2.00797905182543,15.33176660836868,3.7,6,269,5
3.7993980650925434,2.0000093942928547,4.0003201742570855,3.882973180332803,3.9,6,270,1
2.842810556907585,2.049268629493536,3.9527726514410255,3.8382893403844776,3.9,6,270,2
1.3134855211676248,2.3076573178468136,3.858262722838116,3.8382355955513705,3.9,6,270,3
29.74615752649835,0.20401554737677036,0.1548384441978706,15.613824193313516,3.9,6,270,4
33.20014865751019,0.2803263820574517,0.2212712556538297,18.484795027564477,3.9,6,270,5
39.463913762043326,0.153836962905102,0.6714337479122459,18.397896406843643,4.1,6,271,1
18.93166520735801,1.5771417780764174,2.892344822785582,13.625563576452016,4.1,6,271,2
34.715381942483205,0.3044195871327016,0.3271831954555016,19.687481195095263,4.1,6,271,3
37.73122399464084,0.2305513116655527,1.5196802072394606,16.828208940501995,4.1,6,271,4
36.216139280164896,0.1599010670539874,0.09591709847865929,19.018109718076197,4.1,6,271,5
24.473485571242893,1.298762883255078,2.170567959047333,16.94900033469833,4.3,6,272,1
20.20528501708328,1.6417703024060215,2.9340199330215073,16.99082781045664,4.3,6,272,2
34.04127443602634,0.8303443778423842,0.9357931337847616,18.98996061806122,4.3,6,272,3
31.51310805892848,0.3725879977692899,0.080853392978312,17.928514904147786,4.3,6,272,4
16.70793837458652,1.951085106570494,3.68101845997108,12.976228642497704,4.3,6,272,5
36.96381073403242,1.0886627511998566,2.057041038862566,17.38123552821244,4.5,6,273,1
32.575783288646825,0.24092076115221744,3.354492780568013,14.820196561845837,4.5,6,273,2
35.96607770279064,0.4106712026018759,1.7352551458779797,14.799287929307011,4.5,6,273,3
18.42691405899213,1.63042767322271,4.070010706313756,11.834134553827086,4.5,6,273,4
36.8624770344585,1.145245644682207,2.187221664954882,18.875334180958717,4.5,6,273,5
37.51435512766032,0.172167257706997,0.7907668279692354,17.66726996468316,4.7,6,274,1
10.8696535718407,1.962041272713698,7.928548923077603,7.729116149261609,4.7,6,274,2
30.83806641525366,0.5266278294705679,0.6837961187052117,19.777352590365982,4.7,6,274,3
42.909416754564674,1.1997261481414834,2.7385834978798353,16.721711685571403,4.7,6,274,4
29.00702123347559,0.6317565133343838,0.8647334662215437,19.660096540133843,4.7,6,274,5
39.11215266254071,0.6281550712537645,1.954633249000848,14.971145890302587,4.9,6,275,1
26.075949497608622,0.5915279401155458,0.7789209587517074,17.039376167750667,4.9,6,275,2
31.838298518354403,0.21788275806887833,0.26025935858280236,17.313491329487697,4.9,6,275,3
29.174069400704457,0.37117601745444345,3.2513622682304155,12.255196253635356,4.9,6,275,4
26.374781874874156,0.28769495087815833,4.6505322508344635,12.573592411134896,4.9,6,275,5
29.169637507986675,0.26985156023865287,3.98455954985553,13.661744284923524,5.1,6,276,1
42.07191667573102,0.6779327551348139,3.0879743070120167,15.41388137121203,5.1,6,276,2
23.394575275457267,0.30083922066332136,5.195463321186583,10.576482317183087,5.1,6,276,3
47.26071943661642,0.7034911430153501,2.462191793558276,17.47376265563165,5.1,6,276,4
19.307263289585073,1.221080879708185,4.926530513510214,11.480405331340876,5.1,6,276,5
1.149116013977402,2.1681743184668303,5.307470367354426,5.138240699264318,5.3,6,277,1
45.80360901078428,0.8418442654819545,3.475517681854299,15.894496296585746,5.3,6,277,2
40.28486061635294,0.3837872736065509,2.698729904865349,16.5739162175432,5.3,6,277,3
49.4543750847654,0.9268625199947856,2.5165641842324953,17.218161196487547,5.3,6,277,4
33.448859372090986,0.15341414002072887,0.6285767388368279,15.591385984208175,5.3,6,277,5
27.61376715867381,0.36390502451084256,5.132758172336844,13.846017735586932,5.5,6,278,1
29.302313445222747,1.302906528921847,2.836787903279407,23.338597911336663,5.5,6,278,2
19.800365238936713,1.3654485237449918,6.131530363732749,12.445345843896291,5.5,6,278,3
19.04393919056981,0.812071069087943,5.55687704671337,11.34669351343762,5.5,6,278,4
34.1614780126931,0.4228864708570051,2.689975747916755,15.864839500598755,5.5,6,278,5
15.992227931288571,1.9157256953460489,4.468764713930962,18.59233354928048,5.7,6,279,1
19.122082128006724,1.3473583355880006,6.704162843896429,10.683989957013011,5.7,6,279,2
29.763183969587057,1.0024415196384324,1.323812391240605,26.17169902348084,5.7,6,279,3
33.03077339695404,0.1972414930521177,4.713189538989821,13.807165188728456,5.7,6,279,4
31.76390168496406,0.3576536146933543,1.8057156810262496,15.393684987882867,5.7,6,279,5
37.615465235901574,0.535196331005873,0.753023397158304,24.441161919833245,5.9,6,280,1
54.96615417272896,1.4590201334728077,3.775633325868952,16.39524835302425,5.9,6,280,2
52.46130863372277,0.9842742679140776,2.425241076392176,17.97169079490707,5.9,6,280,3
34.866119588133394,0.4163071401682337,0.7050751763642952,21.207492739914933,5.9,6,280,4
17.32746071308197,0.96771395752777,5.0882879321160805,11.089236880164542,5.9,6,280,5
30.74218757077958,0.23307448587926305,4.755454819978034,14.16168720365862,6.1,6,281,1
25.88552927697264,0.4049012400311466,4.997666772271254,13.014353283488548,6.1,6,281,2
50.95109053984841,0.6111779650038569,1.2782035701521757,19.95466239710479,6.1,6,281,3
43.685387781947725,0.7472760959707622,1.923763121046376,16.13856426042523,6.1,6,281,4
39.20338286684073,0.3177103379057405,0.5694746010940412,22.702615159911502,6.1,6,281,5
35.040253697761074,1.1365802245375125,2.541457630909545,20.001271613526296,6.3,6,282,1
17.396368763215303,1.3347207686037197,7.711369416918667,12.015492854487158,6.3,6,282,2
38.038314602091056,0.9609703865057369,1.1715250613293904,22.499887899757624,6.3,6,282,3
42.363058570492974,0.1408290482256125,0.39645080376877856,20.083950155307964,6.3,6,282,4
32.210435018863855,0.4305592157231274,3.8920637310240966,14.024528576147452,6.3,6,282,5
50.539229154272505,1.9293775749798951,5.172210236490798,13.349418268361656,6.5,6,283,1
37.6497746430992,0.1541325429201197,0.14751832677637175,19.538164634805256,6.5,6,283,2
22.184834089809556,1.206748306308284,4.963771302642922,12.093992501254611,6.5,6,283,3
49.35277923071921,1.5751270500599683,3.959074875807124,14.629392090157182,6.5,6,283,4
20.55105981520426,0.5810842763019998,6.43789690325815,10.432030046042485,6.5,6,283,5
50.93797042613132,1.7284844671265365,3.961209427793314,14.34786249622839,6.7,6,284,1
20.95922485832004,0.8305745487930738,8.890032461603267,13.218081804058317,6.7,6,284,2
37.263215200973576,0.9743458650088094,4.6485847147634365,15.485051735107293,6.7,6,284,3
39.532027010191584,1.2038349207829384,4.756009176677185,13.157891851073822,6.7,6,284,4
47.960185509116286,1.1125328440234512,3.090863858499146,15.713803718439852,6.7,6,284,5
38.33435225700532,0.17432681475945783,0.24676817073987367,20.51893027521943,6.9,6,285,1
51.040401749654386,1.2890151151154263,3.2584533477033735,15.94095811953743,6.9,6,285,2
49.67279873757402,0.5874353547873739,1.210367276254314,19.673462441101453,6.9,6,285,3
36.45469159511233,0.3636462796169104,0.9327847383962128,15.626525702145488,6.9,6,285,4
48.17080202844731,0.8864802450479324,2.2950235350733244,17.039213575005395,6.9,6,285,5
49.43619876636365,0.7869326518218195,1.9138853686398247,18.143285211636293,7.1,6,286,1
52.6662921587411,1.415583956915995,3.5337574606979434,15.910365724221874,7.1,6,286,2
27.982889901102993,0.2556037176523254,4.827868492613203,12.774971178606616,7.1,6,286,3
51.529960365565294,1.3357706331702692,4.232712418658604,15.644551701484534,7.1,6,286,4
41.817680237453395,0.1318545866268259,0.2150367223055292,22.006067374249312,7.1,6,286,5
64.86553110934925,2.47823477031598,4.221669256803703,15.852918875586743,7.3,6,287,1
51.221606529548495,1.0265190943153777,2.4290311547948753,17.38576944388592,7.3,6,287,2
42.9233424988177,0.13024715110252605,0.15512929675802234,22.274146048749515,7.3,6,287,3
38.090320395483474,0.3876530444934773,1.0672795491057048,16.082060957527116,7.3,6,287,4
34.42147273733907,0.23292995162960353,0.4025691684902085,19.045254200151874,7.3,6,287,5
61.92413406709213,2.213354058842599,4.722475036415615,15.725352581950778,7.5,6,288,1
39.15111264510065,0.49916110002345027,0.79877419974895425,24.98832210479457,7.5,6,288,2
43.49617312691007,0.4618070335417763,1.2610700957429224,17.90625095075835,7.5,6,288,3
51.36391408842405,1.1936154958068586,3.382977862860805,16.360706614824394,7.5,6,288,4
11.811952718683932,2.089934637681623,7.445518663532947,9.337962626280556,7.5,6,288,5
45.58778528367636,1.032838015085801,2.339942025281242,15.553863374932414,7.7,6,289,1
42.885496381844206,0.259117790064277,0.5037862866750581,24.215079092973777,7.7,6,289,2
42.51866264530707,0.9531283464354818,2.1752434268518885,14.884002901460992,7.7,6,289,3
51.19236581003857,0.7015728593642631,1.352070220564355,19.519390549114583,7.7,6,289,4
39.92861987179431,1.5727271454822709,5.828420448050965,13.234681909131329,7.7,6,289,5
8.528667513017439,2.162756028361851,7.342630491242186,9.427911426191878,7.9,6,290,1
39.50704950088382,0.3262715945138063,0.5588098571528858,22.904148997050637,7.9,6,290,2
43.69161392166542,0.4098040717288042,0.8920557823859893,18.47224130428448,7.9,6,290,3
31.890959987739382,0.8542333545587735,1.2840356790152807,25.512173750421493,7.9,6,290,4
45.53916225482021,0.6867949863312094,1.7445947783358535,17.255329013189858,7.9,6,290,5
52.4842775697064,1.5776237169967344,3.9009225230723144,15.224769245406565,8.1,6,291,1
53.26656991505008,1.6912523171983829,4.1730608520891215,15.02006440435826,8.1,6,291,2
51.13144946838284,0.6712043268488326,1.3470495258045772,19.67153856973828,8.1,6,291,3
18.708794079736435,1.2288099280683176,5.10749319490817,10.76849428541801,8.1,6,291,4
60.48470864947043,1.8484634415781191,4.6314605767771635,16.299419040395364,8.1,6,291,5
39.602406417352405,1.673349974021406,6.609412911068512,13.262525205273914,8.3,6,292,1
21.125530742135563,0.7417586315055994,6.70262384445873,12.159175870485502,8.3,6,292,2
59.586731979685794,1.978424496622308,4.363352327149868,15.786169913412293,8.3,6,292,3
45.46076007745516,0.15821375477647234,0.4646050880185169,21.767805608241627,8.3,6,292,4
3.961159938958688,1.9998002559491943,3.9997355255889473,8.453687947783376,8.3,6,292,5
43.334001821467325,0.7728970691907652,1.661996537108086,16.099666589132607,8.5,6,293,1
48.55171184554064,0.40665779664243024,0.8038593391839179,20.5350306781364,8.5,6,293,2
13.963353744940566,1.9086501452614684,6.219998436505008,11.654031581017222,8.5,6,293,3
51.19796172615871,1.6351822600128672,4.104299806254471,14.621513374693054,8.5,6,293,4
62.72889366390978,2.18771520757915,4.288280277083187,16.444998065991047,8.5,6,293,5
46.3070575847458,0.32218514095768697,0.7160949818503071,20.27841426843674,8.7,6,294,1
11.614303104314637,1.9279770019000764,9.492143873207567,9.756037728376054,8.7,6,294,2
20.53451731118097,0.7512382079980346,9.992551089174938,11.77943957914871,8.7,6,294,3
6.303366583304376,1.9700855822600327,5.448096385021411,29.888274517036777,8.7,6,294,4
22.99906682170035,1.027041842653172,1.469401240122305,19.921773085135975,8.7,6,294,5
41.353394514114505,0.22757486308285108,0.2685062714435384,22.30006121293916,8.9,6,295,1
15.730753265811428,1.7468978671945077,6.594448242597545,11.37373436075654,8.9,6,295,2
45.20309876414738,0.4394864483893285,1.0206415184843576,18.810275500464247,8.9,6,295,3
8.889493189413692,2.2289616510845778,10.563559820226365,9.805246187009134,8.9,6,295,4
17.431741767114154,1.3625898043252025,7.466219022733277,11.058627775271688,8.9,6,295,5
45.20773672429418,0.13450475501231923,0.29615085938001373,21.54059588976416,9.1,6,296,1
43.62106654301713,1.228586598973656,2.8466842878448197,14.072628993525058,9.1,6,296,2
35.54694252442547,0.7387790522066942,1.1622118186969523,26.415804667618968,9.1,6,296,3
33.90522533364593,1.974891213270906,5.958638040982619,12.084465251131054,9.1,6,296,4
39.42565113440469,0.0967890292835535,0.2002607200692353,19.18435523811615,9.1,6,296,5
37.592757146930786,0.6243457677460567,1.571605178236297,14.621071228794392,9.3,6,297,1
62.67209518335813,0.7126533377984344,1.148891474527843,23.75549439683191,9.3,6,297,2
47.13940771323606,1.8665933187011792,5.871036533499086,14.055280944741387,9.3,6,297,3
35.0021653670679,0.331956399498314,0.525539015175731,20.370275847670708,9.3,6,297,4
28.500303691236688,1.1963591907138844,7.075579139589322,13.55767567466455,9.3,6,297,5
76.46690091072033,2.811313340630408,4.552650874117148,17.455061162516227,9.5,6,298,1
44.54292487415773,0.15675468997364142,0.33336770553596984,20.940210294109857,9.5,6,298,2
42.750831387364215,2.9316664962225754,7.523513463757713,11.655249582861044,9.5,6,298,3
41.5607308287201,2.569740593245043,5.041838260495275,12.789009697840218,9.5,6,298,4
31.12497893922633,0.2662570280893932,5.585479815284899,15.01055554043086,9.5,6,298,5
17.713626692858806,1.3367907844478726,8.166129102610093,11.77275567144125,9.7,6,299,1
51.417564325381754,1.5387268578100426,3.4399770111357477,15.237976617536672,9.7,6,299,2
63.51340516013363,1.5393532763457434,2.195180565243583,19.293791925540468,9.7,6,299,3
44.35721402136462,0.2694845776456869,0.5609723583091313,19.812102226472614,9.7,6,299,4
71.37140813597202,2.859772878527073,4.784051652460375,16.19011268651251,9.7,6,299,5
44.684377686353585,0.250393731763959,0.4216031323088149,24.82033067501732,9.9,6,300,1
49.89566352136503,1.894012347286096,6.080489665197973,14.502066889497868,9.9,6,300,2
44.5396477638705,0.9229726094327556,2.034313429033641,15.73479815208177,9.9,6,300,3
62.64781668318932,1.740311853344464,4.042893433583796,17.43184104541874,9.9,6,300,4
9.643995320680256,2.0998121862591064,9.64311694321177,10.817631696582676,9.9,6,300,5
0.25436199898463313,0.29782822643300727,0.14417919825898462,0.20816465694993375,0.1,7,301,1
0.229831535657517,0.26016480006687676,0.1311646838295511,0.18414191291638543,0.1,7,301,2
0.26448156242407955,0.30299656533431374,0.14451015993553512,0.21182070982899687,0.1,7,301,3
0.24987175652826743,0.2592545638448496,0.1319266361907504,0.18625134715945865,0.1,7,301,4
0.284575189842427,0.2961312075081789,0.14605060190191096,0.21347398756798963,0.1,7,301,5
0.5886831331653368,0.3506510229577176,0.503907533928617,0.48635311345544946,0.30000000000000004,7,302,1
0.786687831608079,0.4265228959689147,0.6157783656963508,0.6295398920766766,0.30000000000000004,7,302,2
0.7225578809727012,0.3560464552083553,0.5218686666403087,0.5349435452016353,0.30000000000000004,7,302,3
0.4481816244127189,0.30569145248068047,0.41369600375868937,0.3885135767202737,0.30000000000000004,7,302,4
0.5934006196390773,0.3706409290863803,0.4897182735301219,0.47770418492934064,0.30000000000000004,7,302,5
0.623804173819262,0.250489436025674,0.6679040794362956,0.7639619392756198,0.5,7,303,1
0.5899433375121689,0.2197798723864291,0.57802927348519,0.6776478740603074,0.5,7,303,2
0.7298014294272527,0.3895105233362603,0.9279643745851976,0.9527537215443048,0.5,7,303,3
0.7168587937415414,0.3797899585442457,0.9233042010132656,0.9148531982712226,0.5,7,303,4
0.6694829015433775,0.32354562114944285,0.9067647526531744,0.840964675555529,0.5,7,303,5
1.0094593172539992,0.5252635480851435,1.2845405240608865,1.3228033321009671,0.7000000000000001,7,304,1
1.0511269266281562,0.6157195118451769,1.3820137264781116,1.4779000328529877,0.7000000000000001,7,304,2
1.0123479337159016,0.6359755549162972,1.5827047023047978,1.349180355306692,0.7000000000000001,7,304,3
1.0668448498895902,0.7034354292681186,1.6663758086050642,1.5217735685354887,0.7000000000000001,7,304,4
1.033609518973784,0.5918443416152508,1.4424852635041991,1.4003594991753778,0.7000000000000001,7,304,5
1.2847604159324777,0.9214242213236602,1.9934643548439297,2.414471084035793,0.9,7,305,1
1.5557978986053678,0.7848032195736744,1.4829410490014885,3.176316874661957,0.9,7,305,2
1.5314405123448005,0.8432177810063313,1.9365873570976628,2.271107545508789,0.9,7,305,3
1.4557611951948262,0.8584523025443076,1.818644152129644,2.6753090985623285,0.9,7,305,4
1.3343745140821444,0.9199360766596968,1.9710428767360204,2.5658761676619615,0.9,7,305,5
1.6581506627421,1.0318753030915009,2.160317786732442,3.406077140980869,1.1,7,306,1
1.7607568726722342,0.9996477597123304,2.0277481021015458,4.362838992814259,1.1,7,306,2
1.822316909648783,1.047757964526081,2.309835897816284,5.891186437948978,1.1,7,306,3
1.4690111066768792,0.8017462002518131,2.207123249156268,5.028906898105161,1.1,7,306,4
1.879183272886942,1.021106106464872,3.149407688309026,7.274458258708171,1.1,7,306,5
1.2814968897045462,0.7306740068342369,1.1750361312480817,1.019022471199719,1.3000000000000005,7,307,1
2.437346320847551,0.8220676988511414,4.500689640458619,6.930020910228522,1.3000000000000005,7,307,2
1.2724408693132534,0.6366174507931178,1.7443619811178075,1.1967007148788946,1.3000000000000005,7,307,3
2.3796232045507635,0.8051127071334352,4.2310601753591754,6.524997028994585,1.3000000000000005,7,307,4
1.2681235477181572,0.7282553234906514,1.2945185537784816,1.0485110987910358,1.3000000000000005,7,307,5
1.4542735220203025,0.8860893047406367,1.4903722538541575,1.206916114495601,1.5000000000000002,7,308,1
1.4750890335526206,0.9517939256882684,1.2412917074800232,1.1902844382558615,1.5000000000000002,7,308,2
1.4900323604074657,0.7901346920047075,1.425826519274747,1.1944000810563808,1.5000000000000002,7,308,3
1.4756382494272775,0.9443046737420132,1.2742708159008724,1.157559358263362,1.5000000000000002,7,308,4
1.4626370856862738,0.7322940438103134,1.594663723201158,1.2310851886332768,1.5000000000000002,7,308,5
4.399813538242678,1.9991733069165625,4.003638205945776,1.8047160384381953,1.7000000000000002,7,309,1
1.6776410546671363,0.820777269176777,2.373257902540859,1.6325713208642534,1.7000000000000002,7,309,2
3.376966416444393,2.0002451195515754,4.0004551819188885,1.706615589990497,1.7000000000000002,7,309,3
4.085816388043103,2.0002164827642512,1.6861037746965275,1.6528838837023367,1.7000000000000002,7,309,4
4.106172043237994,1.9993739252913372,1.707035497961353,1.6938219235428658,1.7000000000000002,7,309,5
4.021414681822068,2.3372644506176896,1.8561331151819391,1.926186265142682,1.9,7,310,1
4.201877083796943,2.4200185373076772,1.936845798572048,1.8524278279930708,1.9,7,310,2
2.9255195280927704,2.266721614327023,1.871509442996254,1.9104066072425652,1.9,7,310,3
4.034239044152464,2.511410681682615,1.9599382384919315,1.9156889947900528,1.9,7,310,4
3.685443776868762,2.0029126933678274,1.9435608763304373,1.907862147870144,1.9,7,310,5
2.939446193326228,2.4460296792532907,2.1169722410645804,2.046778681641453,2.1,7,311,1
6.5304836271068245,2.3748446008068793,2.133080171039327,2.1422796694034565,2.1,7,311,2
3.0447562979336835,2.3682266204609226,2.0922759513688156,2.122004960415159,2.1,7,311,3
2.816625002085808,2.3968409578052636,2.1306548363216535,2.086980743638835,2.1,7,311,4
2.3359328031516013,2.4164530839218243,2.108904106490315,2.09123722299962,2.1,7,311,5
1.059187234783759,2.6009101476239787,2.333049575868808,2.2654167470857063,2.3000000000000003,7,312,1
1.9673499002124344,2.375238523071347,2.3279212402293017,2.2537107164079484,2.3000000000000003,7,312,2
1.7928142945866892,2.4643461089343006,2.3428130379244614,2.3291238771059124,2.3000000000000003,7,312,3
1.7950436393188471,2.430325411447112,2.281408854272444,2.296543313792658,2.3000000000000003,7,312,4
0.9480454744290936,2.5246109564900943,2.0665779458489033,5.073825194905568,2.3000000000000003,7,312,5
3.0045063415817435,2.5346102902259555,2.493362753120535,2.5041808239261636,2.5000000000000004,7,313,1
7.316471277493219,2.178653544213213,2.2575059255542738,8.545711723859824,2.5000000000000004,7,313,2
0.9422730146593904,2.4613483010480026,2.492575407744355,2.506213574133441,2.5000000000000004,7,313,3
3.6682681006542706,2.423633191180408,2.464957402873163,2.444541863840322,2.5000000000000004,7,313,4
9.479059506202857,1.8050238423665297,6.761064774984985,8.315375047275596,2.5000000000000004,7,313,5
11.73370008895408,1.4376280068705427,4.680046894097765,10.193840992941444,2.7,7,314,1
8.16681229541133,1.916613562874389,8.25962152278223,9.276449517773308,2.7,7,314,2
8.144025247544507,2.0148713180169167,5.006723419219811,8.594344137003619,2.7,7,314,3
9.871217252380925,1.7917798557798046,6.472396002438674,9.055781396033334,2.7,7,314,4
0.7638746829387638,2.3765845053971133,2.7024214076719733,2.6227787905455635,2.7,7,314,5
6.361718709582036,2.2185467034085824,3.828153997873647,6.420592160613029,2.9000000000000004,7,315,1
9.274521234105125,1.8704399774984437,5.780028053065663,10.15071178936328,2.9000000000000004,7,315,2
8.35346023409057,1.9945462671271448,3.844356078507191,9.681475486937137,2.9000000000000004,7,315,3
11.491148970013583,1.743029459849578,2.941651682623134,11.451410811087436,2.9000000000000004,7,315,4
11.664580423941867,1.7025973031164274,3.792921826278062,9.796248263255915,2.9000000000000004,7,315,5
2.419638740435173,2.4197328873760573,2.7703791961317665,6.635970831111669,3.1,7,316,1
10.213841917016255,1.6095127249239247,9.66711366262484,8.608911505388836,3.1,7,316,2
11.993293737488562,1.3788984750568083,4.5157067383495715,9.448839510668757,3.1,7,316,3
12.588644652745725,1.4026186354761605,3.0272046610773016,10.819873367133354,3.1,7,316,4
11.591169745470982,1.4649824853538476,9.02648274533737,10.009555719384878,3.1,7,316,5
12.738297191127666,1.368192976954817,3.2039386832074563,10.775637356400331,3.3000000000000003,7,317,1
10.243807434564092,1.7561685155595763,6.2173074461175375,9.757290101038942,3.3000000000000003,7,317,2
13.392065176675146,1.3553052197677384,4.745842782968535,11.077592153656711,3.3000000000000003,7,317,3
2.2436870351643377,2.248480400298954,3.1439505235186234,6.2954398573625685,3.3000000000000003,7,317,4
12.81293743884508,1.3383458359918314,4.3000069082825965,9.976225862159708,3.3000000000000003,7,317,5
14.804105041252097,1.2479431609936529,5.448094358514443,11.402324341751887,3.5000000000000004,7,318,1
12.721405074488745,1.377790923966998,8.023229518175768,10.603691521831024,3.5000000000000004,7,318,2
12.075515331394245,1.4050412797644372,7.0032515004845814,9.479809934386576,3.5000000000000004,7,318,3
13.243174949313762,1.3613691503148115,3.2470178283770084,11.363932871778632,3.5000000000000004,7,318,4
14.273864929019854,1.1718567514530778,6.047924977564407,8.792006752883204,3.5000000000000004,7,318,5
12.632781280637223,1.3591384650451752,5.770118906400611,9.66188307828846,3.7,7,319,1
12.22965154920145,1.3920171595008273,8.544745153088954,9.404611314405397,3.7,7,319,2
16.263395409798,1.2919217821946551,0.9032694374483082,14.907167068780389,3.7,7,319,3
14.773498765829965,1.3039846419293577,3.1909264837311975,12.92703564381452,3.7,7,319,4
12.182642730712692,1.3862576745279485,5.758935005511237,10.245476658613182,3.7,7,319,5
14.55834824464689,1.2364496083868477,6.760015141955402,10.800184542615687,3.9,7,320,1
12.182445808502848,1.410927037554335,6.994274626122945,9.583327232504429,3.9,7,320,2
10.78025941185839,1.5092269643858824,6.613319105498099,9.28571657773388,3.9,7,320,3
11.996532241540796,1.3845369966123342,9.798351696747382,8.447886546050515,3.9,7,320,4
12.925342602116167,1.3768604725759008,4.587834708032959,9.992486818095362,3.9,7,320,5
13.104805428285074,1.3497624912308452,3.1426296346602247,11.120061811421678,4.1,7,321,1
11.970371332780427,1.4131281544773413,9.07310805972339,8.633892415492014,4.1,7,321,2
11.939339210289004,1.369976145688068,6.641397850573463,8.719560454939655,4.1,7,321,3
13.6001569583135,1.3600969338090478,9.019352998425443,11.331838795440117,4.1,7,321,4
11.53200450809594,1.4517004073908095,8.471060070689834,9.68994852402155,4.1,7,321,5
16.651243111232926,1.1105802082124674,1.2081723009083325,12.540123920654086,4.3,7,322,1
10.169874223894343,1.9429165476916568,4.163920967816676,8.65397324379516,4.3,7,322,2
13.15635582317602,1.3350099490583065,4.3921391349147,10.237520527744891,4.3,7,322,3
9.830171853534551,1.6097042283677343,10.372346880597576,8.902179215115963,4.3,7,322,4
12.279478131588654,1.449865246384665,7.624155822445612,11.130176499077342,4.3,7,322,5
14.634163727811035,1.3097556822470615,4.241295825604086,12.446595820976873,4.5,7,323,1
16.238612393331845,1.1551029672319275,5.4564580149634025,11.153140062748118,4.5,7,323,2
15.322382381344916,1.4278401286234177,1.0502006074830608,16.887531438002807,4.5,7,323,3
12.248027361532696,1.4182340577145178,7.355869951831654,9.986143940097962,4.5,7,323,4
22.47545819311568,0.6991014097265416,4.728695872780681,10.610421514144264,4.5,7,323,5
17.05812087924542,1.0527447704939328,4.908803835399476,10.237964353101503,4.7,7,324,1
12.39073997110209,1.413923331501383,5.443671488721753,10.19659874495204,4.7,7,324,2
10.713858575508198,1.7090529802994008,9.82710272118642,8.01056111809744,4.7,7,324,3
16.595295364049228,1.1133338458351716,3.913402889889064,10.90073631197946,4.7,7,324,4
12.172715736385172,1.4147398859206612,6.040022316941137,9.426341063673403,4.7,7,324,5
13.982607493234912,1.2617178734106926,9.176852752493597,8.707781870433736,4.9,7,325,1
13.998598405639784,1.295396402203103,4.821478453086919,10.64227182527292,4.9,7,325,2
15.391121834291964,1.1898830844236423,4.910879266242744,10.886890107483069,4.9,7,325,3
15.382241623374,1.1760231735338271,7.239728461168402,8.60239470326726,4.9,7,325,4
13.076343672190294,1.3111651099748871,5.044606009409554,9.787879628260695,4.9,7,325,5
15.41533863279713,1.218173933627979,6.498084135238978,10.399473718841891,5.1,7,326,1
12.81881077250025,1.3712163949164171,5.293753761448703,9.623591724551655,5.1,7,326,2
13.40192937449875,1.2902695438989429,10.306314220795851,8.32630792456067,5.1,7,326,3
13.178838829846516,1.3219456236877791,8.728634749777019,9.508965505514174,5.1,7,326,4
14.997431431138368,1.2105252183651916,4.655552247440463,10.574201583493556,5.1,7,326,5
11.410805151322826,1.4746368317706702,5.160111945537104,9.762366709714996,5.3,7,327,1
19.741614469556872,1.0255258831703884,2.595417300730765,13.730361823913926,5.3,7,327,2
13.580216706801997,1.3296635411627784,9.97050849972159,8.896212037157795,5.3,7,327,3
16.07694100290217,1.091155074867218,11.159862201205955,8.060579067671457,5.3,7,327,4
24.33683553076481,0.5438568686498929,6.171347783812695,10.139743800330132,5.3,7,327,5
14.51301684681398,1.346878060440997,6.605139803745529,10.02033030775345,5.5,7,328,1
23.61305011354295,0.704804584502656,5.100186964651492,12.028463177891556,5.5,7,328,2
24.449837070823097,0.5643134193775906,6.507505788591691,10.083733427499778,5.5,7,328,3
15.947396514013846,1.1659654148628658,5.084686405792914,10.661401638801513,5.5,7,328,4
16.48553353525946,1.1728971346971309,5.516209507112807,11.661670336749506,5.5,7,328,5
11.806650184069484,1.3828873920098983,5.675287319146766,8.849530629300888,5.7,7,329,1
16.81265371840309,1.192459277405037,4.867862368981673,12.359083991085411,5.7,7,329,2
12.349612906691442,1.3304927011222003,4.39669318453469,9.437426540785966,5.7,7,329,3
16.891980883348396,1.0577611743752262,7.932433583386001,10.074986379499745,5.7,7,329,4
21.857386663951136,0.8864775205307809,6.10945508412923,10.844396436997084,5.7,7,329,5
25.57890493617875,0.4823104661032966,6.637725187737601,9.525295060734775,5.9,7,330,1
22.28957572340992,0.6387372499525974,5.733131863784903,9.133617213064907,5.9,7,330,2
13.358378459674968,1.2388585320219292,8.187905306402124,9.122951853182506,5.9,7,330,3
31.79369558156659,0.4329694614714856,1.7826569086486628,16.417164843882635,5.9,7,330,4
29.013204031312256,0.4759198396148017,5.274549671559026,10.58473772695881,5.9,7,330,5
13.41173318678256,1.2736165290964945,7.601295921041563,9.649486450809311,6.1,7,331,1
24.01580334756027,0.7417575279405888,3.6210734010984433,12.238032088053115,6.1,7,331,2
27.742973743825345,0.6648468970805862,7.304082662989367,9.407733320690983,6.1,7,331,3
16.065473668499955,1.083383416213462,11.577693642793076,7.747718007060528,6.1,7,331,4
13.492413041982534,1.3932779633054422,4.733837103131844,12.39775510337348,6.1,7,331,5
23.589117348330735,0.7324859363717654,7.01065641768157,9.11057466218239,6.3,7,332,1
15.516026366066384,1.261385232893362,6.127218276484714,10.621421160353444,6.3,7,332,2
18.85835881304244,1.101489105436162,5.716176647118706,10.509784566072495,6.3,7,332,3
12.817987774382877,1.615522965524574,4.59085798650551,11.966351109906828,6.3,7,332,4
16.539726758405358,1.1568851197902663,5.5587384047967126,10.444840155067752,6.3,7,332,5
17.52910976007131,1.026930123133309,6.479915170004627,10.3471493859132,6.5,7,333,1
25.727883368290964,0.580718661101938,8.141909559280263,9.053374237478762,6.5,7,333,2
31.232423805719403,0.4141280996760097,4.089665588892545,11.960226849331084,6.5,7,333,3
16.6452535219616,1.1320150979250692,9.0695830930816,9.929686978747393,6.5,7,333,4
13.98252638782814,1.3181816016465917,6.381826830639632,10.998294027002594,6.5,7,333,5
24.89860644427118,0.7848201227841487,10.446165645510703,8.690957343120179,6.7,7,334,1
17.202737819717832,1.160525779805708,7.166942138983035,10.483357677299711,6.7,7,334,2
12.0364996701277,1.443908730440136,4.7456676467882195,10.543096697751556,6.7,7,334,3
24.00924665381039,0.6040075688732925,6.731406625330001,9.87354076607695,6.7,7,334,4
26.006127619859015,0.5784870230038381,7.57312253896681,10.187010490122756,6.7,7,334,5
45.768463205475385,2.2657475588165243,9.78120660856734,9.92603018076006,6.9,7,335,1
26.48715558539204,0.6100938963492464,8.40969575119904,10.350255904795596,6.9,7,335,2
20.13720268039009,0.7809645044917908,8.364364242993178,9.083519097821291,6.9,7,335,3
27.147646854080783,0.754162495423155,5.64640983454411,11.516205103529208,6.9,7,335,4
20.289843571869532,0.9671791847255612,8.380555030876204,9.371200372591852,6.9,7,335,5
32.00681782231714,0.33619449979448734,2.4557750122108524,14.56467177581437,7.1,7,336,1
32.20265389334488,0.6946160480449287,6.271235909672307,10.589782187577685,7.1,7,336,2
24.965485698052195,0.615218915942162,6.597759509831038,10.69348404567942,7.1,7,336,3
30.193457624329618,0.5422274352858851,6.949570388620048,11.024970718768166,7.1,7,336,4
25.056434054645276,0.6256991047046704,9.346926183151249,9.957111169798168,7.1,7,336,5
37.42629562113545,1.3792992926980767,7.324997100328744,9.980625973800615,7.3,7,337,1
17.699327790756236,1.244500568242427,5.149860465432493,12.58261988895333,7.3,7,337,2
19.478799476173897,1.075541520936144,5.246819192406394,12.025542987169269,7.3,7,337,3
8.512851230149874,2.0043137948762273,8.170989508972722,8.808069703745113,7.3,7,337,4
22.677064719492623,0.881527654819981,5.229333609450513,12.401617778808884,7.3,7,337,5
36.58396654140834,0.9915267485183644,7.417608985479808,10.811368258247343,7.5,7,338,1
36.93898309955304,1.085663382102129,7.481904045600191,10.64330869574863,7.5,7,338,2
16.37143760856118,1.3360908033489731,6.940487630268767,9.920546424719817,7.5,7,338,3
27.288544111715805,0.8145094241132695,13.53590561684438,8.807984539060847,7.5,7,338,4
30.394761685895904,0.5599004855464326,5.305352473900012,12.476266876309294,7.5,7,338,5
34.501906199474035,0.6963148652259514,6.403241901435737,11.909931965580984,7.7,7,339,1
36.55023175148464,0.914356720611323,7.356735697130971,11.246893178773323,7.7,7,339,2
14.038714404008894,1.2887277725520787,4.914772878186957,10.840294738302608,7.7,7,339,3
29.524406680539983,0.583284685662944,3.41168003262232,14.264636865385668,7.7,7,339,4
36.29020246778419,1.1187525977097368,7.878206395676636,10.225534223147145,7.7,7,339,5
35.372632919877546,0.9023591570074236,6.985060652329224,10.698476773060824,7.9,7,340,1
33.68118588688754,0.8425662243181297,7.6999770718568685,10.803148447667963,7.9,7,340,2
42.03601477701531,1.6981749249279932,7.514548071451308,10.4746812029095,7.9,7,340,3
35.83866326644974,0.8775852299587317,7.20723745420172,11.175627359089418,7.9,7,340,4
30.558154672803887,1.0743969604910124,8.92894233805371,9.670553683251066,7.9,7,340,5
34.905290845252736,1.0236864867790083,6.469806275654653,10.188268988056016,8.1,7,341,1
40.38954955413276,1.7011752280360024,9.162999508455378,9.7126105284511,8.1,7,341,2
30.740599981997505,0.4877593207089672,5.091315816161449,12.118049031185096,8.1,7,341,3
36.32646533060742,1.2583586534275988,9.22703231902754,9.676733361342691,8.1,7,341,4
20.970757866899568,0.9069190626659052,8.52466784224085,8.65814660484883,8.1,7,341,5
39.14274584766473,1.3272648673553535,9.092454419904646,10.344257878370048,8.3,7,342,1
40.86694404945082,1.1425491379462387,5.587058063392404,12.140897954897651,8.3,7,342,2
39.23010789606536,1.455058432655013,7.994588160580295,10.187699871140614,8.3,7,342,3
41.017557208561485,1.571533743231977,10.13720810798268,10.169742667485608,8.3,7,342,4
37.67401541208841,1.240850994300802,6.014007002812673,10.676592790391682,8.3,7,342,5
10.802303405298078,1.5459232434818286,8.429745447305415,9.442063051167825,8.5,7,343,1
36.21744562070148,0.5954236273158638,4.439779659552016,12.929209114814867,8.5,7,343,2
36.92496359239195,1.0112906914866242,7.709259052777889,10.95045158327084,8.5,7,343,3
21.422281994419787,0.8212079136819129,14.568683307421452,7.948359639707658,8.5,7,343,4
31.73886942150003,0.9225929886070467,9.8088290371115,9.306332161898936,8.5,7,343,5
34.291549004311406,0.73435004695277994,6.033892035169994,11.747290722563164,8.7,7,344,1
28.621952669458626,0.6573686158351961,1.7626368340050158,15.724408224390451,8.7,7,344,2
36.315165373833295,1.1748699115257173,8.872796303279342,9.985203507813596,8.7,7,344,3
35.14444116808165,0.6598933268860432,5.837428463410504,12.310939908222482,8.7,7,344,4
31.66319641117595,1.4354529976603447,5.300846919991315,10.071228703464463,8.7,7,344,5
34.53012373305738,1.1221784441077145,10.28416069412438,9.55533135204308,8.9,7,345,1
36.95474564516445,1.1202941832775113,8.82966872538466,10.415529727971723,8.9,7,345,2
34.23762369646413,0.8769781025256956,8.270340248140725,10.501124692982112,8.9,7,345,3
42.81281886824489,1.347387305443989,7.1625966522233595,11.745744857071216,8.9,7,345,4
33.45374430499582,0.6257279664463856,7.322333588762886,11.883416457480545,8.9,7,345,5
42.016668160609534,0.9540152352260892,4.545085981874397,13.300624693445164,9.1,7,346,1
46.04708998644097,1.683849319303372,8.835719254110254,11.43497169872651,9.1,7,346,2
15.796114947084376,0.9986144376366336,5.8449552288746895,9.429866149152126,9.1,7,346,3
32.420304898050205,0.5594011869162616,6.967544573616659,12.298928581945622,9.1,7,346,4
33.66676817763453,0.7105861974483522,6.493345645987096,11.985632947637274,9.1,7,346,5
41.401865402415154,1.2521581201427987,8.49857117534104,11.446816956978504,9.3,7,347,1
44.15131039945803,2.016679949275867,9.880470021911558,9.970995599456565,9.3,7,347,2
33.069325637427745,0.41489257851823447,2.8512555460918847,13.405142174990658,9.3,7,347,3
52.866406790336605,1.986103506437896,6.925788092318108,12.807174628309191,9.3,7,347,4
37.544506516838304,0.7752628050552491,5.488768904872651,12.4446410204704,9.3,7,347,5
45.90106509604099,2.1417928007467597,9.977435900674202,10.15201848252111,9.5,7,348,1
43.63832777643104,1.6644973368397775,7.597336797088703,10.946387443613403,9.5,7,348,2
39.33385068931822,1.3133816967191716,5.990016376400274,10.955246391347195,9.5,7,348,3
39.77607610940494,1.551322300777834,11.11712635635628,9.851571113373351,9.5,7,348,4
38.23410501222416,0.9583379598200398,6.445329234668979,11.742199594787788,9.5,7,348,5
31.85520699360065,0.9838948377983522,9.511985308139636,11.18639437927352,9.7,7,349,1
41.03822661229791,1.4912258036962898,9.764667932305688,10.426311426977158,9.7,7,349,2
45.340180533665496,1.5883032450090335,7.019589739085485,11.850265324182775,9.7,7,349,3
44.945685794073896,2.205583594189331,10.764130380678578,9.666197315879757,9.7,7,349,4
42.123846387968065,1.3100093321660506,6.689029620469249,11.710682472585928,9.7,7,349,5
39.432530717205715,1.1493264133336134,8.205223298852006,11.19801913440547,9.9,7,350,1
41.92690671894307,1.6837216680228402,10.29462217186397,10.12016670726197,9.9,7,350,2
47.50979321654118,1.9247893972484735,6.525905509222116,11.688673236465355,9.9,7,350,3
38.08121310110967,1.264763172490167,11.601879069988907,10.005486298612386,9.9,7,350,4
47.42372260885056,2.5201831277632096,8.652986947269016,10.047882359758855,9.9,7,350,5
0.2535197144974545,0.15067869223556582,0.11548913555208692,0.1247621705632897,0.1,8,351,1
0.3121787226251404,0.1783544231338464,0.1285582246824864,0.14435612213799673,0.1,8,351,2
0.299956430998964,0.16720460880377416,0.12413634689952543,0.1378392173854482,0.1,8,351,3
0.29770465298659293,0.1986136819443437,0.13282279327851054,0.1487884257060453,0.1,8,351,4
0.31427088509747053,0.19630024766355855,0.1325818467256883,0.14933338491983728,0.1,8,351,5
0.7515153765867225,0.4410662908908144,0.5599606298554094,0.5098586441358585,0.30000000000000004,8,352,1
0.5263891036094528,0.38596402278305303,0.45807407236427017,0.40795818080360224,0.30000000000000004,8,352,2
0.8258705237462326,0.54991598079131,0.6464296535268603,0.5714977306351433,0.30000000000000004,8,352,3
1.0650796964768647,0.5432109545416947,0.6743607084192581,0.6287368265810563,0.30000000000000004,8,352,4
0.826700276669142,0.4737380290119169,0.5962489820794644,0.5347902597101387,0.30000000000000004,8,352,5
0.6364654658764075,0.2711225180591212,0.8114714550449588,0.6946345248181129,0.5,8,353,1
0.6636134449516543,0.31535701588236853,0.8687361686648376,0.7099491848497963,0.5,8,353,2
0.6556246449598289,0.27038999860156854,0.8501937783006334,0.7201409493779329,0.5,8,353,3
0.6027293448967729,0.2027882149394056,0.678625322798677,0.6281508360953342,0.5,8,353,4
0.534887825044601,0.16385837791842872,0.5210617283734069,0.5830096549905753,0.5,8,353,5
0.9453139315757844,0.4989794457905813,1.2784458543481654,1.0285250828065335,0.7000000000000001,8,354,1
0.959897513216082,0.5133304081588195,1.394166938071291,1.0512693692062125,0.7000000000000001,8,354,2
0.9653821958282418,0.51641680743069,1.3274725389989952,1.0607622655400566,0.7000000000000001,8,354,3
0.9405056731485228,0.536602717310616,1.3785485924392202,1.0366922444367457,0.7000000000000001,8,354,4
0.9578829773767468,0.4794741670014955,1.3084323447674888,1.0461206986622316,0.7000000000000001,8,354,5
1.1793396807621377,0.5722716516199369,1.4430777576364655,1.2989544843634415,0.9,8,355,1
1.2490428185892537,0.6254123283993112,1.585657105836735,1.305231239966219,0.9,8,355,2
1.2432629114049716,0.6137740590602017,1.5642689211897307,1.303786887403635,0.9,8,355,3
1.1995761363637352,0.6273231246343125,1.528749677454686,1.404576376435116,0.9,8,355,4
1.2281130027554308,0.6211435186473956,1.5603979828782517,1.3027048703171398,0.9,8,355,5
1.5482212155821071,0.7981438135552181,1.8274782607683608,2.1167765536505994,1.1,8,356,1
1.522008490678483,0.7883469349070555,1.7793482933428515,2.1830188082088955,1.1,8,356,2
1.5203650550337464,0.7719965865306089,1.8360097372471864,1.988829952931876,1.1,8,356,3
1.5277572344431176,0.7615716966906639,1.7251204051646152,1.9618626867913576,1.1,8,356,4
1.5076137372544052,0.7921806329022298,1.7840617934528185,1.924304720801762,1.1,8,356,5
1.923238133128838,1.0094101514317462,2.088947093527954,3.4208255509143695,1.3000000000000005,8,357,1
1.8862516033875252,0.9334061864154216,2.0431031203026753,2.8118021767111863,1.3000000000000005,8,357,2
1.9610564348448372,0.8979590022197713,1.8751676492489753,3.2140646760234906,1.3000000000000005,8,357,3
1.9684399112201123,0.9647419976810124,2.152391714555985,2.7794622377563396,1.3000000000000005,8,357,4
1.867348321813017,1.0166282700073936,2.182879655516303,3.112991109471439,1.3000000000000005,8,357,5
1.4603695298412902,0.704353440362736,1.5165996376096418,1.2262643852919064,1.5000000000000002,8,358,1
2.236263582009235,2.8632260006686447,3.5728326367788994,4.730121654818988,1.5000000000000002,8,358,2
1.493228074960697,0.7693058309692039,1.277497261401697,1.1868083554870887,1.5000000000000002,8,358,3
1.6854194369118547,0.8862889021048191,1.9389837663380136,3.2119315183684085,1.5000000000000002,8,358,4
1.5339063298134858,0.7759664949933243,1.6412286263371687,2.1676558637327803,1.5000000000000002,8,358,5
1.707591575577429,1.497905677280107,0.8481678147584066,1.6279709523729646,1.7000000000000002,8,359,1
1.7102515170359185,1.2753841039823846,0.9192073531768464,1.479846031911659,1.7000000000000002,8,359,2
1.6792967723957617,1.113714077122845,1.1080524223758683,1.3849953773233623,1.7000000000000002,8,359,3
1.7058982895375543,0.891976486938856,1.3679632570940137,1.338261606022363,1.7000000000000002,8,359,4
1.6953170978739809,1.2366373879238175,0.9212354642416014,1.4945119804197269,1.7000000000000002,8,359,5
7.489597156557797,2.3004005668732224,1.864814687648363,1.906289595492998,1.9,8,360,1
2.850000006265234,2.108334294151126,1.932959850474338,1.8465435726563535,1.9,8,360,2
1.2977065712102176,2.0528795654510703,1.887998714350151,1.9113031445012367,1.9,8,360,3
2.8019983233027688,1.9994323474867264,4.003144319728817,1.8892688969200804,1.9,8,360,4
2.6218894835312354,2.0894997122742978,1.8526323360342616,1.87219233166376,1.9,8,360,5
6.653879759219104,2.282238651448005,2.088810305225158,2.1204487736934237,2.1,8,361,1
6.272445075722395,2.4848644120187866,2.0896068759848374,2.1400351451733433,2.1,8,361,2
4.694480009078905,2.3938322501351768,2.045562870537054,2.0896792424622292,2.1,8,361,3
5.80981935718104,2.4524388850647796,2.1287675316913046,2.0319865248434485,2.1,8,361,4
5.358884561174447,2.3239465351842843,2.1093608104391515,2.081284517684484,2.1,8,361,5
1.876502217918932,2.526720245085434,2.280353787429924,2.255714468514356,2.3000000000000003,8,362,1
2.6096961404840777,2.6000223168381034,2.281050042692069,2.264869105645177,2.3000000000000003,8,362,2
3.870412445697301,2.5360085336103295,2.3115045698008427,2.2789762832508305,2.3000000000000003,8,362,3
1.1305499159747654,2.4473439528497507,2.2612909250484843,2.256967839763678,2.3000000000000003,8,362,4
2.4475793914585133,2.493826342472663,2.2612596058262042,2.326807753127147,2.3000000000000003,8,362,5
1.0604784607913074,2.5250207689383335,2.5302036554541485,2.877634889651241,2.5000000000000004,8,363,1
8.477609043333938,1.763639108855815,6.499742626457501,8.474178807322616,2.5000000000000004,8,363,2
4.9526938590096945,2.1969444795155177,4.772319048890722,7.652125998753568,2.5000000000000004,8,363,3
1.5393410382154022,2.5594009146344896,2.5082928501959825,2.4757458787206197,2.5000000000000004,8,363,4
4.450752272391722,2.371764464057046,4.42951393711988,6.546997639703784,2.5000000000000004,8,363,5
1.1981724070521478,2.4881341300972983,2.489365629382118,6.586113650217019,2.7,8,364,1
7.345244792435609,1.8212588929553089,8.822406038163756,8.545319496156369,2.7,8,364,2
4.379746312813384,2.2721129031384195,4.1084504041636,5.591230317884852,2.7,8,364,3
7.045699159842739,1.8750748259567755,7.036940699771168,8.54186826031797,2.7,8,364,4
6.501375765955509,1.9873293675596635,6.312897941145816,8.204906510546673,2.7,8,364,5
5.443976216932529,2.022082123380508,16.55315346201238,6.3185086137359505,2.9000000000000004,8,365,1
7.402996692045414,1.846328582225176,8.877155914827497,7.252917091861184,2.9000000000000004,8,365,2
6.170160518821747,1.9113661023087989,7.74453936181178,7.131325876431419,2.9000000000000004,8,365,3
5.948145969123566,1.964496892163918,14.005410825469706,6.5765693529932605,2.9000000000000004,8,365,4
6.391865637219962,1.934807149960989,14.23734951677275,6.288600063969834,2.9000000000000004,8,365,5
5.276905721635775,2.0857793662945125,8.535489376178255,7.203548104394677,3.1,8,366,1
6.6250575179572895,1.9071338442270596,7.745062124415477,7.841550485766856,3.1,8,366,2
7.260908928454688,1.796764435505234,8.337868725108365,7.323370504462948,3.1,8,366,3
8.866440146178086,1.69749753196643,5.853214192946607,8.135882598754403,3.1,8,366,4
7.012828411445608,1.8647921522050463,10.202083415614368,7.389029140620136,3.1,8,366,5
6.819825007668942,1.97416091736967,5.985810467096258,8.230969077139543,3.3000000000000003,8,367,1
5.088338610231702,2.018502507241863,4.7636904826431365,7.8381654711399555,3.3000000000000003,8,367,2
3.9805080417779704,2.196561143363059,1.0841661755918743,7.8300068507213885,3.3000000000000003,8,367,3
7.54975184503851,1.923263288908481,6.291030772603547,7.8981224650134925,3.3000000000000003,8,367,4
7.943173081603803,1.7747525997807547,6.0374954905830345,8.402914977518677,3.3000000000000003,8,367,5
7.243033528222181,1.868631200937072,5.792121276912862,8.899014459080917,3.5000000000000004,8,368,1
6.546662869583028,1.8595095616620851,10.771434826174485,7.611220250705291,3.5000000000000004,8,368,2
7.153159070137948,1.8143477627827744,11.891072996706567,6.415115335378641,3.5000000000000004,8,368,3
7.056482119807276,1.8725408555694552,11.790715504400898,7.414108945956033,3.5000000000000004,8,368,4
9.106103319806648,1.6480048396226603,6.841663549509433,8.333578393623878,3.5000000000000004,8,368,5
7.066629648641612,1.873278225505835,9.649265749617587,6.430445199030878,3.7,8,369,1
7.343535995586072,1.8163030249521177,5.402117370212396,7.723352837942385,3.7,8,369,2
7.75279962360516,1.7643462697178804,9.918041391929652,7.24964913328249,3.7,8,369,3
5.803542888458358,1.9587903653048888,8.837202722285666,7.40308384486701,3.7,8,369,4
5.816295343832764,1.962112222781188,12.070231750283703,7.21188117489298,3.7,8,369,5
5.222191084774664,2.067133990980688,10.516433387955486,6.530230167488251,3.9,8,370,1
7.627257526899775,1.782028365248544,11.640422408127112,7.261784858118666,3.9,8,370,2
6.606044970928135,1.9205028957944816,8.596773684406465,7.110317028050245,3.9,8,370,3
9.200939988624569,1.6429820565057192,9.440139485801904,7.9967909537155855,3.9,8,370,4
6.947660851341548,1.8562920831343537,10.040008741214098,7.849424350440617,3.9,8,370,5
6.790921555836646,1.8612961558993095,13.582511981388674,6.676989484155912,4.1,8,371,1
7.312111843735218,1.806799780446396,9.602896321380303,8.122380559320526,4.1,8,371,2
6.3952630077654264,2.0038976883636215,11.649444463894218,6.964886430182588,4.1,8,371,3
8.317629981978351,1.7062061848830972,10.585617100063232,7.154106295672723,4.1,8,371,4
8.448206399179957,1.734972477763428,8.701677081146423,7.1465472513265125,4.1,8,371,5
6.747543486312162,1.890060042714395,9.675215247852156,6.182654264316524,4.3,8,372,1
8.124717952120696,1.7567426276519067,10.572569190565702,6.312480429900932,4.3,8,372,2
6.737346895438146,1.873270415536677,9.568245392142632,7.409544285678911,4.3,8,372,3
7.935751014713747,1.767371536841003,6.277936780886162,8.750379625389483,4.3,8,372,4
7.810821125079234,1.777929919368857,10.586480993817204,6.419898359072904,4.3,8,372,5
7.911656013423908,1.7497753889366454,7.993178062451163,7.762733713506517,4.5,8,373,1
8.359027070455662,1.6983839289801836,13.1700839923428,6.922095845080064,4.5,8,373,2
6.877996440067346,1.912657984314256,10.150424558308144,7.771078229732998,4.5,8,373,3
9.122833901399636,1.6135310402223093,8.292512969197823,7.311283467865112,4.5,8,373,4
7.862715016404226,1.733501825927733,7.5212346342979295,7.2053495074218885,4.5,8,373,5
6.015506231829043,2.044817188688986,8.830867614726424,7.736070377364061,4.7,8,374,1
7.039049502477707,1.8234480558235415,11.73962441791782,6.977217361307093,4.7,8,374,2
8.096977821907933,1.744784923458413,9.855478939830949,6.689456624086203,4.7,8,374,3
7.561373882967575,1.851348158420217,6.600401728996304,7.594877287236003,4.7,8,374,4
7.965747040655463,1.7558153344402976,13.133484538372342,7.020842214657588,4.7,8,374,5
7.564308693357363,1.811556456545132,4.545147962684564,8.208104806044451,4.9,8,375,1
9.666711072781416,1.6582836245615111,1.9163872050220676,8.764584373640869,4.9,8,375,2
9.214567843022362,1.6455437133039552,8.42629719448741,8.107296788875516,4.9,8,375,3
9.358900739644982,1.6339595123411896,8.865840027427192,7.882148580767981,4.9,8,375,4
6.953936935369593,1.883406670531521,14.819005135221376,6.955298654413501,4.9,8,375,5
6.612114017773286,1.9185414820539828,13.769415226369032,7.3418043897219505,5.1,8,376,1
7.692837476680948,1.7996428944856022,7.444939258203561,7.412730925741148,5.1,8,376,2
7.01243475470475,1.8598259974431235,9.85670739936084,6.8234609836036535,5.1,8,376,3
4.636627053097895,2.17608205562154,11.996635181066548,6.670307533219833,5.1,8,376,4
8.428439147921472,1.7225103612993886,10.874953484002464,6.566906953750018,5.1,8,376,5
6.6599360120138105,1.874669798531699,9.659575781718011,6.619302919123262,5.3,8,377,1
8.714900848990235,1.7184123204316353,6.930349603751517,7.253746636268883,5.3,8,377,2
7.222471410758331,1.8585109169642968,10.519449896013146,6.788074442695413,5.3,8,377,3
7.912854263441207,1.7694949549069925,6.742225089234166,7.799979833172281,5.3,8,377,4
8.53122453946718,1.697024925227402,11.814740008736369,7.094153851978238,5.3,8,377,5
7.9407936874567024,1.7543868249433132,12.226552161033824,6.940528190291669,5.5,8,378,1
7.898951762793095,1.7566683101529692,8.092140784069718,7.618894156955762,5.5,8,378,2
7.445073987602726,1.834237380401185,11.741084684348191,6.7185159074761,5.5,8,378,3
8.982095838820102,1.6531266350985443,7.492307075235329,7.576582010479118,5.5,8,378,4
8.728826096257931,1.7395042634790314,9.6232204343966,6.7026858003689505,5.5,8,378,5
9.124731637827148,1.636894428597488,7.611978730635952,7.822005549490202,5.7,8,379,1
8.144759381752445,1.7125741695308474,11.576357347300943,6.550435620499849,5.7,8,379,2
7.262529825195347,1.8734800633023392,12.088518861270597,5.7265784060184775,5.7,8,379,3
8.520943072850772,1.7224807651850904,7.098466180547447,7.488831253926498,5.7,8,379,4
7.723374653451534,1.8411060180186103,12.384015891559164,6.258148055626175,5.7,8,379,5
6.795169294698768,1.9372348874563643,13.29694651137556,6.44989579333431,5.9,8,380,1
7.327037180030762,1.8306508398004528,7.835187876192816,8.759685853441091,5.9,8,380,2
7.810998780748575,1.7877627359321555,13.690422393364765,7.387158783200744,5.9,8,380,3
6.950940215922923,1.8953650629842016,7.838971370178201,6.602715645560418,5.9,8,380,4
7.708831397791543,1.767340502955137,10.988589893523567,7.481377938138008,5.9,8,380,5
7.815554523581635,1.7825440285809573,13.249072256733683,7.102225286985399,6.1,8,381,1
7.353029211179405,1.8134779168491997,10.681973127676756,7.671902419261863,6.1,8,381,2
6.8901154195264995,1.895346401547787,12.071157641270569,6.588839816420622,6.1,8,381,3
7.7289709620618545,1.7620683859891462,11.26711095850258,8.253294538052266,6.1,8,381,4
7.043825706845851,1.891201162117104,9.679161710505332,6.6654660030581265,6.1,8,381,5
8.697275590698846,1.7060490409931597,8.333732498482211,7.485752079681435,6.3,8,382,1
6.308510306699906,1.894383518538981,10.185971292071685,7.45042733414863,6.3,8,382,2
6.304080959886312,1.936594261090053,11.046814972019254,7.280630358002127,6.3,8,382,3
8.538773637221457,1.8182992684381696,0.6796052024415037,10.72427680353988,6.3,8,382,4
8.613272340692214,1.7599210058929675,9.298050484417686,6.738387794863233,6.3,8,382,5
8.63651300792641,1.673644138753129,6.526604427008418,9.690416856641336,6.5,8,383,1
8.746083054138627,1.720952240686084,10.214521160765388,6.467035615706691,6.5,8,383,2
8.026339701900309,1.7811339285392245,9.45754458786331,7.495397757434728,6.5,8,383,3
6.045788829425408,2.080628164712736,11.637972277531135,6.576123576314398,6.5,8,383,4
5.355800055733796,2.0178949840494567,12.034681706994611,6.8988245007919895,6.5,8,383,5
9.322588008797132,1.6609592143239948,9.481602671360866,6.328746353487073,6.7,8,384,1
8.924371997640423,1.6620785596187715,7.54152429733652,8.179530955411975,6.7,8,384,2
7.644355768988551,1.870655717729867,13.793381054149217,6.030872893761752,6.7,8,384,3
9.077828858225962,1.643322974320591,11.579347489578929,7.278827422209251,6.7,8,384,4
8.69324360946919,1.71833078727899,11.696581001702958,7.165901141547873,6.7,8,384,5
10.450441868421372,1.5097193685346402,10.60276672696072,7.527285989308089,6.9,8,385,1
9.131899194735515,1.660409667115922,10.022109014963483,7.204878584426778,6.9,8,385,2
11.531575445325236,1.4643652542000525,7.125309036860101,7.328074840222422,6.9,8,385,3
9.28436788819358,1.7010099689268554,8.22289023936132,6.826425945260679,6.9,8,385,4
7.322624241115689,1.861457021113612,10.744322174662775,6.6520935548893405,6.9,8,385,5
9.037944383479706,1.7546606813382526,6.297872789484125,7.935628218531237,7.1,8,386,1
8.575319776840447,1.7495754213110606,13.773821605571168,6.885961088742971,7.1,8,386,2
9.381868920140564,1.6781454423480584,7.922787803515653,7.8197116112620435,7.1,8,386,3
9.264426732809609,1.6166446670318977,14.44470287214908,6.3591938911178385,7.1,8,386,4
7.325507741081626,1.907827613725785,11.96434789254663,6.660527796411583,7.1,8,386,5
7.722172230305941,1.818772020949953,14.960408037998254,6.046653299831639,7.3,8,387,1
9.54934484731312,1.6746199496230147,14.292088418458032,6.545457066744043,7.3,8,387,2
10.39346598805608,1.5414995937589069,9.586601075581717,7.783345669417326,7.3,8,387,3
6.836475320112126,1.893857705938403,9.83840791067351,7.480439815572911,7.3,8,387,4
8.624083738049878,1.724203164107896,9.298556490786243,6.9221250042670865,7.3,8,387,5
6.417770227362937,2.108387113247112,12.067765121820695,6.425162092861923,7.5,8,388,1
10.136186750297968,1.5591940136849307,9.65316250579937,7.489870827253446,7.5,8,388,2
8.04916728900371,1.7674022409939163,9.832987407285753,7.073876358385842,7.5,8,388,3
7.883768772938388,1.7928281554770618,11.21256773468913,7.911048338356784,7.5,8,388,4
8.496087103387126,1.7345389450731654,6.782647664065443,7.342622623446848,7.5,8,388,5
7.552006981881224,1.8180492472450585,10.734546584423114,7.485957735800199,7.7,8,389,1
9.614612609236673,1.6475471489175983,9.870964918966036,7.6404750365363645,7.7,8,389,2
8.743388534366716,1.7017708733297472,7.705628803538058,8.364512752041522,7.7,8,389,3
8.474957275156363,1.8696126854499788,10.576010769030209,7.617086057041571,7.7,8,389,4
9.054445884944032,1.6547376030754863,10.219439489276525,7.2685340146347235,7.7,8,389,5
8.89081817712664,1.706187348942278,10.199855865281714,7.226939900098826,7.9,8,390,1
10.554287924708712,1.5670728976547417,12.34108885554887,6.887180304879956,7.9,8,390,2
9.357356729156088,1.6820921817916936,11.17830027902549,7.318248470110717,7.9,8,390,3
8.946812431303657,1.7040554862595598,14.350023750978998,5.731012244815299,7.9,8,390,4
7.605351949355402,1.8345092715256104,11.221989358639435,6.589842569948723,7.9,8,390,5
10.456537037625708,1.5832924576535636,11.398689148859502,6.150621985551303,8.1,8,391,1
6.187134402188749,1.949896545863056,15.986276702227194,6.064715628043317,8.1,8,391,2
11.65836198524862,1.478406755881411,11.219168282387605,6.676498177718499,8.1,8,391,3
6.842570797000562,1.843139146152135,13.747043092035597,6.259644997007481,8.1,8,391,4
8.380081085185132,1.7572724045168084,11.920370135162642,6.518779354304407,8.1,8,391,5
8.76530990177675,1.6698533675439704,12.111042323856068,7.663021384853573,8.3,8,392,1
9.903987966383216,1.6197489635798443,9.441848442525009,7.625994334071255,8.3,8,392,2
8.446718659775152,1.7641266610046036,10.8388004136855,7.52141266762726,8.3,8,392,3
9.780605432625933,1.697487829653685,9.846999028479056,7.127445182390581,8.3,8,392,4
7.794596744623077,1.807275557198664,11.223609691032502,7.49472927164957,8.3,8,392,5
8.251303060946695,1.7110943115609591,6.581869323197375,8.598987422585392,8.5,8,393,1
7.838998075276141,1.7846807832283358,7.590315486267061,7.16533154606035,8.5,8,393,2
10.852196553431202,1.5289054975891043,8.838925212095242,6.691671842984085,8.5,8,393,3
9.602793017779048,1.6028857460327053,12.800138472807804,6.929003917979802,8.5,8,393,4
7.620094462235473,1.7797161022711498,9.52191754599633,8.830508435948035,8.5,8,393,5
10.343360814786116,1.560904834530143,12.281644852689114,7.0950581992944395,8.7,8,394,1
10.030610931489928,1.610273545001904,8.269503529928649,7.354683616726824,8.7,8,394,2
5.97759948330332,2.21996054898319,11.811510501665866,6.876211273199643,8.7,8,394,3
10.728174602329112,1.5450024081705145,9.3232870636,7.957686258516822,8.7,8,394,4
9.130424876202325,1.7152626117563967,9.937005377846305,7.088184169790603,8.7,8,394,5
7.012423959723064,1.8409723484925875,11.480617715745016,8.477924657088016,8.9,8,395,1
8.778624494946904,1.736815968769399,10.518158012246548,7.635577768677623,8.9,8,395,2
5.2619982103346885,2.081776625641307,8.523709698038921,8.364735182705317,8.9,8,395,3
7.11358057835559,1.8832426432760665,7.864757769054294,9.161682743143396,8.9,8,395,4
8.297661321202783,1.775533800727218,13.456130624296351,6.601147525204015,8.9,8,395,5
9.861551531272797,1.6661208826751863,10.647346460376111,6.536093842887261,9.1,8,396,1
11.250840927377531,1.482901685123356,9.539356812866972,6.66550067500413,9.1,8,396,2
8.160928858857392,1.7491988022896998,12.18558089594733,7.7781760926445935,9.1,8,396,3
7.830381738599976,1.9766907100585824,11.120431095577745,6.153762491259726,9.1,8,396,4
7.8984787281315105,1.7578261420076082,9.760073819753188,6.909598897563959,9.1,8,396,5
5.932506697858915,2.078907518123358,13.291109274349033,7.951323671513626,9.3,8,397,1
9.19416230042257,1.7070577320173612,10.52691574898373,7.139490971430247,9.3,8,397,2
8.664675322730893,1.747834083060763,8.509425767558811,7.563509392462682,9.3,8,397,3
7.639829930777223,1.8201735375558497,11.565606351376346,6.992573308485514,9.3,8,397,4
8.905485397917216,1.7748208256989255,14.701171835014748,6.251192584797252,9.3,8,397,5
12.172194072114712,1.4827066290425803,13.517472665011086,6.46293262070335,9.5,8,398,1
7.947097836423827,1.8366504338470069,11.638459459944544,6.525778287754023,9.5,8,398,2
7.962609402169371,1.9826881368188285,11.268774243750329,7.606598554963533,9.5,8,398,3
10.031110396982749,1.6345668122270929,6.607028940024414,8.08466344870019,9.5,8,398,4
7.931902119055313,1.8088533956184567,10.25475979379726,7.243623521284752,9.5,8,398,5
9.5766578596142935,1.6581776287736374,10.57178657011054,6.872923616453719,9.7,8,399,1
7.330069931398984,1.83631252136024,9.564962035621855,8.211575116798837,9.7,8,399,2
12.769458527664538,1.424199658540471,11.054543668568646,6.700303843425819,9.7,8,399,3
9.9629176114733191,1.7051898767241709,7.679508007544221,7.166395262204192,9.7,8,399,4
7.555154795400463,1.8058624463756283,9.330067960122722,7.513579733396471,9.7,8,399,5
12.97186773773149,1.4834974653929571,14.636153114902584,6.169438166389724,9.9,8,400,1
7.755685354920694,1.7876635520111177,9.673197155879462,8.30684823704602,9.9,8,400,2
9.51683236922501,1.6676225434916652,9.600182707605306,7.09546003330055,9.9,8,400,3
9.548650753463688,1.665858633991634,12.020383244445364,6.875064980422474,9.9,8,400,4
9.565818297394204,1.688436643803002,11.02708570908643,7.534039011428146,9.9,8,400,5
0.25245988609593795,0.10529882251495976,0.10540196992594963,0.10562367664554288,0.1,9,401,1
0.30537522306279635,0.10175084975227038,0.1092382178225958,0.10924435726312544,0.1,9,401,2
0.2519558223128386,0.11808171525538076,0.10809982363465467,0.10956014819173036,0.1,9,401,3
0.29300776997662714,0.10075720231464644,0.10535452410830572,0.10688244567279508,0.1,9,401,4
0.28225919662557564,0.12314285529738338,0.11320547731741426,0.11238680536884188,0.1,9,401,5
0.8665041030527142,0.5142119431762442,0.5770349803692104,0.4734808640022693,0.30000000000000004,9,402,1
0.9840662850008858,0.5768957327652199,0.6411051343960857,0.5222627788569076,0.30000000000000004,9,402,2
0.804815477742775,0.4880611731167193,0.5713785447692113,0.46331021334014144,0.30000000000000004,9,402,3
0.8541959985856076,0.5539565926217074,0.5868718310293085,0.4761856270345237,0.30000000000000004,9,402,4
1.1079704372639394,0.575804513345067,0.6717198386615888,0.558946174930088,0.30000000000000004,9,402,5
0.5390542407204655,0.16718688209402358,0.5043830657997432,0.530968463532682,0.5,9,403,1
0.6264752460118411,0.1898149156026808,0.7058959896847216,0.5902302501028059,0.5,9,403,2
0.5669686587021321,0.16702775621673954,0.5524907809730856,0.5579039295855243,0.5,9,403,3
0.555477525011575,0.1650582032426601,0.5395197779368452,0.543209568599526,0.5,9,403,4
0.589708312473741,0.16150541572002045,0.5786657279131538,0.5402595088824667,0.5,9,403,5
1.0608816678110375,0.2594959542477103,0.8596272721977413,0.7917359492738633,0.7000000000000001,9,404,1
1.0057595262751895,0.2794134416776855,1.000785415301805,0.840414431233821,0.7000000000000001,9,404,2
1.0770570280759473,0.24454397265157468,0.8518867278542703,0.7750858803290818,0.7000000000000001,9,404,3
1.1114615132148409,0.2310226450510205,0.8385367277718663,0.7674415225457962,0.7000000000000001,9,404,4
0.9500228030107828,0.2820676750386339,0.9472778102410682,0.8093376219331374,0.7000000000000001,9,404,5
1.2226752099706326,0.37339540103173946,1.0546343891023329,1.0404833172047452,0.9,9,405,1
1.3348943174559096,0.3331247268688515,1.0298931917512255,1.0275856895748732,0.9,9,405,2
1.4557465313538498,0.37986244666252467,1.1898078011849564,1.076373280325313,0.9,9,405,3
1.3941589935759495,0.3662938230571135,1.116791090813582,1.0328336284949515,0.9,9,405,4
1.3107651853024087,0.4010795741613214,1.1392184710435578,1.0633098038834,0.9,9,405,5
1.8343736676118672,0.38843049847180944,1.1697538901352114,1.270120420294045,1.1,9,406,1
1.884646567415556,0.3690674695214754,1.157811747408736,1.2444348452544534,1.1,9,406,2
1.8641453222248052,0.4118284291392135,1.2463593892436995,1.2987709705231858,1.1,9,406,3
1.8056121470500528,0.4574360148103492,1.2588503484968885,1.3367979517940127,1.1,9,406,4
1.9999170537993751,0.4322519776505875,1.253294181000069,1.2736631405546797,1.1,9,406,5
3.3340605029479944,0.3879673583615018,1.235458115047589,1.800697410448009,1.3000000000000005,9,407,1
3.39070226390834,0.35993405676417567,1.1823086595267818,1.6096364708614272,1.3000000000000005,9,407,2
2.7679283410660576,0.5095553331478806,1.3972820079551795,1.809095793299538,1.3000000000000005,9,407,3
2.8783056171529244,0.4761020358735754,1.3366111879854687,1.7434827649864602,1.3000000000000005,9,407,4
2.9893789772565165,0.3856595035559868,1.2264791915629591,1.669541328545192,1.3000000000000005,9,407,5
3.9259546797375298,0.6768764267955988,1.6689186598838743,3.150916731870897,1.5000000000000002,9,408,1
2.95540424876186,0.6573419429139759,1.643055821405556,2.270274358839106,1.5000000000000002,9,408,2
3.7031596842451857,0.6422361007039622,1.6080529644438104,2.9409960240106825,1.5000000000000002,9,408,3
3.7930356054914487,0.5962122388181811,1.5858746660502114,2.7685217931077646,1.5000000000000002,9,408,4
3.092133823431676,0.7422633917062956,1.773127533532152,2.7341336362497506,1.5000000000000002,9,408,5
4.1492453011831225,1.0071664242966405,2.185765508286424,5.2598184767917715,1.7000000000000002,9,409,1
5.22561808715596,0.9272801069003352,2.031654025484822,5.878173029178423,1.7000000000000002,9,409,2
5.494539894381773,0.6711255072177722,1.7643391644399025,4.219835792504903,1.7000000000000002,9,409,3
4.3715952204747754,1.0151203910693454,2.159297258345447,5.668761010921613,1.7000000000000002,9,409,4
5.006745644728523,0.9061740720283816,2.0199086690431716,5.301669443908417,1.7000000000000002,9,409,5
1.8956392207784567,0.8822607856602598,1.5531927812779167,1.4962132556466785,1.9,9,410,1
1.8934684408650024,1.2861957649356648,1.00651745803007,1.6201314629027843,1.9,9,410,2
1.893061774405292,0.923944565739223,1.4458768513333116,1.508166569905904,1.9,9,410,3
1.8858190961327883,0.8794768861584776,1.6534160362131098,1.5136128164299965,1.9,9,410,4
1.924501422288258,0.9741603290278557,1.429943621743757,1.4683705817831163,1.9,9,410,5
11.324085536058734,2.299019917111514,2.142384872141985,2.09208950259175,2.1,9,411,1
2.0643944763645266,1.0174408577908824,2.3513907124043305,1.9723862005231787,2.1,9,411,2
2.0439347019791274,1.0110029936864324,2.3599006823361344,1.927459982888422,2.1,9,411,3
2.105054678738595,1.1139882505999208,1.7757383338814048,1.6820238680204502,2.1,9,411,4
1.9494792254449032,1.034511914526017,2.6704935237080365,2.0057570155079283,2.1,9,411,5
7.074891406268959,2.516155828827723,2.2790436350476817,2.25354587425885,2.3000000000000003,9,412,1
4.952912842356,2.603071967547814,2.3503357942138607,2.2484213786022833,2.3000000000000003,9,412,2
4.0242675775953725,2.093920718640341,2.287026671658429,2.297660644632653,2.3000000000000003,9,412,3
7.33310869047028,2.167578572698868,2.3303141544712114,2.278348658904967,2.3000000000000003,9,412,4
6.378878660667148,1.1408767647534743,2.2781714366401267,9.20057273691666,2.3000000000000003,9,412,5
3.0639987938522917,2.4813904337036767,2.471385967136686,2.50029138597938,2.5000000000000004,9,413,1
1.990040866296851,2.3315125364124474,2.334220474303446,6.1669706722660855,2.5000000000000004,9,413,2
2.584451924827908,2.5055730227949597,2.512980495185741,2.472573359059498,2.5000000000000004,9,413,3
1.4932889104242015,2.546755738789917,2.50359466517665,2.3894815895519868,2.5000000000000004,9,413,4
2.303224851118717,2.444139034602784,3.362644911910211,4.785444318290392,2.5000000000000004,9,413,5
1.4247679114356928,2.556156048588063,2.6629653751222624,2.5784826607779276,2.7,9,414,1
1.6776100316409548,2.493128797476057,2.6396751602905075,2.621435023339589,2.7,9,414,2
6.783307354415165,2.1032112223450894,2.7614089221123836,2.6696359439002415,2.7,9,414,3
0.8343301207927728,2.5863097089706244,2.8367009920778945,3.18067942203084,2.7,9,414,4
1.3344153291645489,2.644698999330397,2.697567395495796,2.591603525596476,2.7,9,414,5
4.0720720547030345,2.140296365589441,5.845153601931297,5.822677001186532,2.9000000000000004,9,415,1
3.1556401586172336,2.254822433709448,6.1538524086838775,5.638505132696493,2.9000000000000004,9,415,2
1.4621275876041913,2.5411773020798476,2.9965761084798936,3.598984952911842,2.9000000000000004,9,415,3
1.6808083759216284,2.4503004574391536,3.9068223576479952,5.2256757387982065,2.9000000000000004,9,415,4
2.5063906449816034,2.327130192439657,2.9338064693130925,6.3114784537613025,2.9000000000000004,9,415,5
3.3795567936144506,2.250390598545145,7.565242554996866,4.588783504218394,3.1,9,416,1
2.1184325012499583,2.387583762142906,5.873615126931678,5.019567582549353,3.1,9,416,2
3.696129774318877,2.1792730720950093,7.761155859258972,5.1881784435305995,3.1,9,416,3
2.846408510154793,2.2788772724818966,8.069046987683137,4.682086475781846,3.1,9,416,4
4.468451144568045,2.1144210451747747,6.305153116510543,5.729662311270702,3.1,9,416,5
2.4388041200596,2.257909115405947,4.1705894310285405,6.015751975188583,3.3000000000000003,9,417,1
2.5616390643606666,2.303341664687626,9.728969223195977,4.8108770951538,3.3000000000000003,9,417,2
2.6113730561759385,2.238843562346172,10.446830906653483,4.589898374641093,3.3000000000000003,9,417,3
3.40979376632564,2.195385603403136,4.950219828863962,6.101196660484822,3.3000000000000003,9,417,4
3.5718318680529655,2.23110732517381,6.287513343856923,5.653586530461015,3.3000000000000003,9,417,5
3.945904697089017,2.117722610045313,5.3971420181991085,6.742272398998765,3.5000000000000004,9,418,1
2.468990496573302,2.2893594375596953,6.456959196069737,5.728556725886636,3.5000000000000004,9,418,2
3.53681422600581,2.158120884663307,4.299679523583567,6.032903091164263,3.5000000000000004,9,418,3
0.479021308598914,2.495945203373352,3.471024298996359,3.347930232257132,3.5000000000000004,9,418,4
4.652136331513575,2.141211756403731,9.679343865500089,4.861164499551071,3.5000000000000004,9,418,5
2.8380025598056635,2.3060379522280208,3.938310033888806,6.88976152825834,3.7,9,419,1
3.0878553573517995,2.255542233353325,4.895854200618315,6.01088549353674,3.7,9,419,2
2.086953168338182,2.419465006705609,3.389464455014119,4.712876811911657,3.7,9,419,3
3.1676935116731,2.259407725747024,7.994266353733716,5.196126567185663,3.7,9,419,4
0.8336164728860019,2.4592519834041164,3.304299782554619,4.392863839093986,3.7,9,419,5
1.920579852495158,2.3660821624892447,5.045272914932846,4.92410260183004,3.9,9,420,1
4.023860150497302,2.1311276304775166,6.2029559792751785,5.0214536501364595,3.9,9,420,2
3.2449694691651905,2.1907823749904525,7.027854910888611,5.596365617677245,3.9,9,420,3
3.1384770382931615,2.21493530267203,9.180080551025732,4.750071045314005,3.9,9,420,4
4.52759356136351,2.1057010514940124,8.43201918355218,4.923257951996545,3.9,9,420,5
0.565004160884679,2.5176108061793148,4.062679543002116,3.9002139841474137,4.1,9,421,1
3.5599854139210807,2.2293483364373063,5.150995106448994,5.036944619695263,4.1,9,421,2
3.169911660044934,2.2062299701674473,4.366706062334633,5.745769666510265,4.1,9,421,3
3.149101043912312,2.230540583045677,8.068663781715331,5.7730361711938585,4.1,9,421,4
2.892535923693071,2.2493064706722716,6.140546437485735,5.908040464873959,4.1,9,421,5
4.167259175370338,2.138978446921437,8.507417697475178,5.33344774419164,4.3,9,422,1
3.146102885650014,2.2171286521384257,5.90526286943229,5.102895019026458,4.3,9,422,2
4.673979174940398,2.0667511554788844,4.019166060749453,5.983040869964761,4.3,9,422,3
3.553097178420366,2.1896129570643503,2.831218381061687,6.182755202938686,4.3,9,422,4
2.376883680764763,2.333925734555267,3.0133214802767063,4.666160357806765,4.3,9,422,5
3.851578792474568,2.1914431721130945,6.793909703716526,5.068599627015973,4.5,9,423,1
3.244836221071353,2.216603635280846,7.377761955998092,5.342868254139632,4.5,9,423,2
2.6107835672977715,2.3767744988738313,8.826975115440653,4.197797963431668,4.5,9,423,3
19.637150581531447,4.019641048916692,5.755239797703091,7.635052801589012,4.5,9,423,4
1.971166290464856,2.426408921427567,4.720609461746877,4.339726907421218,4.5,9,423,5
3.3382174760741035,2.2218066691281284,7.859929850173366,5.104788508850745,4.7,9,424,1
3.952912113315702,2.213755081206695,9.213547462965606,4.6633956173810525,4.7,9,424,2
4.352907375420301,2.045699901208739,6.438087046133957,5.896497998854385,4.7,9,424,3
20.370494331337525,4.132619683330031,5.762326212265499,7.697684359160903,4.7,9,424,4
1.958289059727715,2.3999211246210357,4.315573150211931,4.402041615542357,4.7,9,424,5
1.913783010700683,2.3553876576265713,6.716846107064331,5.505195963399997,4.9,9,425,1
3.667404720858821,2.2094316700380667,7.317077211542632,5.1690095633727005,4.9,9,425,2
3.0085640601193773,2.274895473385117,4.3494580838106005,5.4796329584931955,4.9,9,425,3
5.346747476323828,2.037515764939804,7.453910941092927,5.3488841590061975,4.9,9,425,4
3.14082367962439,2.2681390959815455,6.4453882993589815,5.476974723721088,4.9,9,425,5
15.571177177694526,3.780555310861027,5.688536859541661,7.7136172707470845,5.1,9,426,1
2.8417619247384844,2.253491213547343,4.261669866187532,5.770862442586935,5.1,9,426,2
1.7464388202964132,2.369301931522379,4.805104614830174,5.4687093197830015,5.1,9,426,3
3.5787535196784557,2.1899403055868496,7.640183430417526,5.104654695266438,5.1,9,426,4
4.2927629371455405,2.1616699268438064,8.22851709375016,4.854586781818686,5.1,9,426,5
3.4097032777149363,2.209792536939485,5.489094559421709,5.221819636400914,5.3,9,427,1
16.732995587208237,3.5674086316571803,5.918818015889295,8.267322155076979,5.3,9,427,2
0.2842549941776306,2.524266288722727,5.312507713320524,5.295233300274278,5.3,9,427,3
4.042901417607367,2.192756044207377,7.853404877008346,4.654308247259053,5.3,9,427,4
2.5969783736493715,2.2758462526751853,4.3627831937185055,5.214715112481676,5.3,9,427,5
3.620090233375459,2.1511299464597573,5.311029637035094,5.878569872935631,5.5,9,428,1
2.543250602509679,2.3622417192019403,7.383104792934395,4.501868204540929,5.5,9,428,2
4.821208708420732,2.06184730502516,9.854176859282752,5.394971120548617,5.5,9,428,3
2.698886083469233,2.296057882358272,4.790201156724858,5.101166433329655,5.5,9,428,4
3.471739224830792,2.2383366485483247,8.546357136604113,5.161671839252342,5.5,9,428,5
3.5546517960606314,2.2481466192182418,7.347832419136984,4.998109239566314,5.7,9,429,1
4.005000245230121,2.134427541981863,4.664882025826957,5.642267038654,5.7,9,429,2
4.048667470414528,2.12077393067177,5.018604086565553,5.955339721909483,5.7,9,429,3
4.873191481131047,2.075941180142145,5.375249142268123,5.689437056638085,5.7,9,429,4
3.8155137040688705,2.1965336377769855,3.803500548396748,5.242410903223891,5.7,9,429,5
2.89610620433218,2.28533285225945,6.673069717053707,4.691700376710692,5.9,9,430,1
4.0850618411653565,2.1147236223292354,3.0261062076583265,5.371149520808715,5.9,9,430,2
2.642583803768405,2.2743054904192666,4.873481509131859,5.761690489426925,5.9,9,430,3
3.2703569281277916,2.1918149182329936,3.669288602816854,6.124514958579251,5.9,9,430,4
3.794179042933475,2.1702574250517652,6.55794344872798,5.374765663800877,5.9,9,430,5
0.253791894671694,2.569238393226582,5.94587323591087,6.3256982126007095,6.1,9,431,1
2.3624554002215477,2.3104130619277625,5.205272953178609,5.3757956666925,6.1,9,431,2
3.0972165137915284,2.252866903944118,2.6524379749744287,5.0534111543018625,6.1,9,431,3
4.701405149695896,2.0750095862938176,7.617480505885931,4.855139572557477,6.1,9,431,4
3.6039645817965535,2.173865867631919,7.0834679108399365,5.2959707787383445,6.1,9,431,5
4.781737053134839,2.041006056732781,5.308207212273027,5.927175154635134,6.3,9,432,1
2.002609989690185,2.384500244566557,8.82892145521813,4.900924308118927,6.3,9,432,2
3.1264341430042353,2.22402259692658,7.218770933995803,5.743098892241885,6.3,9,432,3
3.3621136333419437,2.2255261852011112,5.688812626646904,5.579649232307311,6.3,9,432,4
1.5228211551219115,2.396588046941934,5.22226976495521,6.3478024522204874,6.3,9,432,5
3.8118688945051136,2.1348958502180313,3.576493526132242,6.205494859317571,6.5,9,433,1
10.534517449506374,3.564379840743252,6.677236832996419,8.368708753322949,6.5,9,433,2
2.7964679806329205,2.2630925301756264,7.355417699507039,4.878061166885421,6.5,9,433,3
4.055463348110679,2.17029989919577,8.742390610191562,5.166371920276973,6.5,9,433,4
3.658713656691888,2.25358312736693,6.525009515039892,5.109322271646691,6.5,9,433,5
1.5132992612565477,2.438909680820736,6.037307979624901,6.666237389523888,6.7,9,434,1
2.7011147684351218,2.3226887364494275,4.759562340207929,4.960539183492056,6.7,9,434,2
2.7250940609740573,2.339714029820146,8.385962006056705,4.763416185115836,6.7,9,434,3
3.366085670654111,2.221907220383705,7.951207153625351,4.799310830386695,6.7,9,434,4
2.528345426038555,2.4418195093347945,8.076294025525282,6.037756402916881,6.7,9,434,5
4.014981509709612,2.133389163352955,7.1847065883223244,5.826423521266469,6.9,9,435,1
3.0008160261324144,2.202820385272376,8.679874721543648,5.302735743827858,6.9,9,435,2
2.8815291260624325,2.2952995791329,5.595332685469097,6.132155475843129,6.9,9,435,3
29.546935874137013,4.9613987680406755,7.304834127664339,8.541897068498635,6.9,9,435,4
2.5992412150564865,2.3058570828823632,6.491240327001988,5.900777046001335,6.9,9,435,5
3.4195079095509096,2.199679177793877,5.434421925841906,5.5717479436456445,7.1,9,436,1
4.290134751651704,2.1877547769508716,6.25993522366404,5.916951802807635,7.1,9,436,2
3.833403426521261,2.1529392665861504,6.494458009160714,5.800914952363291,7.1,9,436,3
2.2315234624114817,2.2886606970100174,3.648449569510427,5.48596780341937,7.1,9,436,4
3.1249277267168263,2.3088093114373014,7.016917153702302,5.7648253909350275,7.1,9,436,5
4.229747238400631,2.087799848402919,6.564900984126021,5.402698571779469,7.3,9,437,1
3.224759135348613,2.2728623201270812,4.249930267345984,5.445905248578493,7.3,9,437,2
2.977761261267523,2.24483222075135,4.883817231364623,5.759109913989313,7.3,9,437,3
29.087256394263218,4.617907604089575,5.820758033812293,8.64989469233952,7.3,9,437,4
3.1334631751299105,2.302228486225721,6.150534546836555,6.0287482395658865,7.3,9,437,5
4.242218094697249,2.095319480502965,5.129668532817897,6.029035844249108,7.5,9,438,1
5.077016473512867,2.003658700405781,5.4121998925989585,5.722213789311792,7.5,9,438,2
4.487101161085732,2.122107681865772,4.793359002200684,5.79436968144858,7.5,9,438,3
2.6246871956054316,2.213729991190504,4.097955053385001,5.8453150107402125,7.5,9,438,4
3.758625414103403,2.3324046439994692,7.396994475219464,5.79003812505496,7.5,9,438,5
5.79695386661677,1.9894151617852611,5.198921430233811,6.403067316760907,7.7,9,439,1
4.414833589321726,2.0843921299536183,5.804629278731318,5.804901419100673,7.7,9,439,2
26.643362237313077,4.941179768990111,8.522022102560056,9.860018913972342,7.7,9,439,3
3.820130630821781,2.2178130764311,7.826878014059249,4.76000062849027,7.7,9,439,4
2.190107734960531,2.413389716644495,4.780734972869762,5.490890958332992,7.7,9,439,5
4.662273841920466,2.099527079311361,4.909022551648872,5.481106705013868,7.9,9,440,1
2.8061620808029444,2.271072258634418,6.778764592066379,4.8912971503071985,7.9,9,440,2
4.207199921407966,2.1397188125200852,8.202738563688515,4.640023396485436,7.9,9,440,3
3.273648040983107,2.260924352979523,7.736396317975911,4.786040839960828,7.9,9,440,4
1.9206065372975747,2.4319474784096737,7.750119078290099,7.233746649035283,7.9,9,440,5
1.8587124196017,2.540013455226498,7.139449133663195,8.110881615655552,8.1,9,441,1
2.430274995188986,2.2756130923503086,3.213817339939975,5.304567869035918,8.1,9,441,2
2.194074820875043,2.417768240589596,4.710861128081049,5.524625100513156,8.1,9,441,3
4.895138504191643,2.094646876140565,8.664830503120541,5.258508769855404,8.1,9,441,4
4.823310485031637,2.0598271429099864,6.718612769876191,5.772225883581548,8.1,9,441,5
5.394784084111752,2.0962218501629346,5.586878447293593,6.923505680485843,8.3,9,442,1
3.000449924751762,2.2375538794026024,7.645086789715296,4.47825816835164,8.3,9,442,2
2.912734620318151,2.328449955632891,9.8516157890817,4.448177034021349,8.3,9,442,3
4.899731176654617,2.0731178953538025,7.118074512115086,5.128451967203871,8.3,9,442,4
4.852940303923079,2.047205402377652,6.402804592133466,5.303712201466911,8.3,9,442,5
3.512531666771202,2.184861319328808,7.433132654796194,5.274218533770278,8.5,9,443,1
19.316507674791634,3.625742092885194,7.619908189021664,9.646760944809063,8.5,9,443,2
2.4917730761588905,2.324398983389258,6.85728032922472,6.725126542363792,8.5,9,443,3
27.757956257030433,5.307463369294527,7.769936830782895,9.522401922720594,8.5,9,443,4
4.4268504362511,2.195551766384112,10.063189029802537,6.4120144466751885,8.5,9,443,5
25.14003274506855,4.7574063476331565,8.811553028925099,8.6810436479682,8.7,9,444,1
1.8492868051381648,2.4396386462636723,7.518451058493699,4.5381331300295,8.7,9,444,2
3.664309057317404,2.2571620259180674,10.52273823848719,6.590523102504944,8.7,9,444,3
2.938122269059578,2.2766618336151723,9.910184811697375,6.550457033868166,8.7,9,444,4
4.322077264184153,2.1522426416232108,7.82955355412835,5.118231439114994,8.7,9,444,5
1.2781539786063765,2.5346649515575908,7.632729763043215,8.785728964055686,8.9,9,445,1
3.843244643802657,2.145838076156368,5.540159239226283,5.930646703929118,8.9,9,445,2
3.343608310024516,2.244654267023324,7.2259833942733165,5.382975287403715,8.9,9,445,3
31.8704948400436,5.271923091315418,7.643836502952344,7.896523113470348,8.9,9,445,4
4.499366789028076,2.117284711065782,7.143382380203478,5.313584537249595,8.9,9,445,5
1.996634418613234,2.5058584039417986,7.851690246010405,7.981720425175041,9.1,9,446,1
0.24496484582024455,2.622665752826648,8.83597456294967,10.267582267839282,9.1,9,446,2
2.2175931882035123,2.32503735112133,5.806010952104505,7.141659618154478,9.1,9,446,3
28.892584898569815,4.879512899354824,9.011450048467262,9.06410453468203,9.1,9,446,4
1.7712914553567445,2.3931703762934147,5.780459347020064,7.520768083743604,9.1,9,446,5
2.051195824876539,2.379655464325441,7.344191757672974,6.572095325206003,9.3,9,447,1
2.7852223354631587,2.2528222260648647,7.613724890396916,5.262454889606972,9.3,9,447,2
1.9934977032220504,2.553074983459702,7.8965409202776895,9.190860868731804,9.3,9,447,3
0.37167599215469554,2.5808584527400145,9.03378585980574,10.64117239561385,9.3,9,447,4
3.52235190896977,2.1770472471915836,5.912600677313447,5.408354164906144,9.3,9,447,5
4.234375259439676,2.0790955744317903,7.138710251387456,5.835571236827626,9.5,9,448,1
3.1616144439362266,2.2182624598362626,4.568306663925397,5.400784778312386,9.5,9,448,2
3.8657180494298378,2.2959672942616285,8.356129964366538,6.867471001273681,9.5,9,448,3
3.0489404411598295,2.3524759606275585,9.005794262690754,8.549028391244818,9.5,9,448,4
3.659370910540479,2.300776710586927,7.672905011626584,5.862068443083845,9.5,9,448,5
1.745313288912668,2.4963284852844443,8.596933493876941,9.139890014574066,9.7,9,449,1
2.5946537203696174,2.335723367820745,7.260219645484802,7.10605007105043,9.7,9,449,2
0.4335006557368995,2.503974373522115,9.50773966191756,10.566573497797547,9.7,9,449,3
2.623252546769157,2.4267651241737966,8.796272081770802,8.600500295846206,9.7,9,449,4
0.530927125898998,2.6211375495618814,9.670553044930744,10.712290289683615,9.7,9,449,5
2.163878911419043,2.4127829279899773,8.522751826289703,8.689075738269004,9.9,9,450,1
2.887149688812142,2.396111047625844,7.976095497268371,8.666850110222553,9.9,9,450,2
2.712915651658407,2.470126474774085,8.141730372108796,8.488297596478349,9.9,9,450,3
4.040107690561135,2.12555984689048,5.553623434167596,5.512445016024934,9.9,9,450,4
2.609984967405165,2.4525943319859307,8.5635798960281,8.704409496947765,9.9,9,450,5
0.28678640831486424,0.07768837632687453,0.09899346325677076,0.10037883670568185,0.1,10,451,1
0.27754853396103235,0.07595084143038475,0.09786150658843663,0.09536000052848144,0.1,10,451,2
0.2791859328692441,0.08097863979362895,0.09778538076118272,0.10035795422221218,0.1,10,451,3
0.2677936664027397,0.07641808461949186,0.09575170056860458,0.10026307023103598,0.1,10,451,4
0.25161745434954197,0.08504847687225736,0.09989945258533708,0.10260956945241936,0.1,10,451,5
1.0694984499472868,0.5962488175491241,0.6499244517904356,0.486028694757594,0.30000000000000004,10,452,1
0.850816948963356,0.5034802645811127,0.5127796128079527,0.40231766623907383,0.30000000000000004,10,452,2
0.6170723378997376,0.4247409968657693,0.3936918716234796,0.33803122484777764,0.30000000000000004,10,452,3
0.919172005209814,0.5569607682269838,0.5616833067526854,0.4312426846275497,0.30000000000000004,10,452,4
0.7721794241122251,0.4813946512620029,0.46977604354996105,0.3786903824337078,0.30000000000000004,10,452,5
0.43988828585893475,0.31146716448394396,0.34079372835850913,0.4571933600106958,0.5,10,453,1
0.4745749898058269,0.2640509426185624,0.34830248592316154,0.47099840422883776,0.5,10,453,2
0.4615703876932189,0.2848395625526166,0.353405922175823,0.4629983706523461,0.5,10,453,3
0.5229323940294686,0.2443812688535059,0.3842799794160756,0.4812894639691339,0.5,10,453,4
0.49768708679093226,0.2527205770225223,0.35812106543767425,0.4726495394257493,0.5,10,453,5
1.0730541165957723,0.25919595425784075,0.5935990000073312,0.6927456895804551,0.7000000000000001,10,454,1
1.284627645379784,0.2415669753491244,0.5511512482421619,0.6921261916061685,0.7000000000000001,10,454,2
1.2909697032590215,0.24117814128496823,0.5954985440368428,0.6977963717679965,0.7000000000000001,10,454,3
1.0779417181347346,0.2853052272309198,0.516003192959837,0.6848035483889249,0.7000000000000001,10,454,4
1.690498686895283,0.2461658879317632,0.5697289431977871,0.69158159647884,0.7000000000000001,10,454,5
2.198634716329736,0.29949894119155307,0.6357531228732005,0.8698744775039396,0.9,10,455,1
3.501928943955917,0.8738504300560237,0.5592830298517947,0.7160215718691336,0.9,10,455,2
3.096183147615877,0.602003278458124,0.48260111847495046,0.7635978085192375,0.9,10,455,3
3.104652155803362,0.8108239522914871,0.5870406028191145,0.7616601468764601,0.9,10,455,4
3.334410964720728,0.8534076901266057,0.5683342144771293,0.7469337096819885,0.9,10,455,5
8.820680420778547,2.6064537172974314,2.072468381072196,0.924310064176186,1.1,10,456,1
9.323298003306869,2.216296227679984,1.769367705898722,0.5855446568775992,1.1,10,456,2
8.246694332682514,1.6501232305868423,1.1832905547006691,0.6365637885177817,1.1,10,456,3
5.473251381008975,1.3149298194548265,1.277801969438869,0.4355703913875734,1.1,10,456,4
3.8944462869151057,0.8051811719726141,0.6001045658241836,0.874532279544008,1.1,10,456,5
6.196676186210509,1.0204833838761884,1.081448422414646,1.0877710108768426,1.3000000000000005,10,457,1
18.70833161058611,4.632369521845258,4.309726085196092,0.3350608405671378,1.3000000000000005,10,457,2
18.1350940296789,4.994421236333115,4.604193465228114,0.6644161033029938,1.3000000000000005,10,457,3
22.898000481682462,6.133178731603897,5.672171507373522,0.6585738896183394,1.3000000000000005,10,457,4
24.29215348031297,6.2721379146489395,5.893342932009525,0.5365880139251412,1.3000000000000005,10,457,5
3.2202426578121064,0.14506339094451973,0.5683187670178718,1.7911435029416525,1.5000000000000002,10,458,1
4.618927290235534,0.4775701645197966,0.8593897940990444,1.71008832556117,1.5000000000000002,10,458,2
2.800756007400254,0.05962824120640653,0.6812918210642775,2.322891345248777,1.5000000000000002,10,458,3
14.653431377975654,2.8184496577892415,2.684585409928286,0.8375198614402873,1.5000000000000002,10,458,4
11.56118072254333,1.9704848931101784,1.9156067477279857,1.096965112031652,1.5000000000000002,10,458,5
13.893130409958436,1.871736033164453,1.878699880222981,1.9583806043928325,1.7000000000000002,10,459,1
9.240184404419947,0.8480229700724664,1.0325636463589674,2.48744131016875,1.7000000000000002,10,459,2
3.2849705545734844,0.39659935449361394,1.513251513558722,4.182187957425482,1.7000000000000002,10,459,3
16.587008938735917,2.0221078324686705,2.1195130293034192,2.4461247555657337,1.7000000000000002,10,459,4
20.146505217517767,3.206240084643126,3.092632988096614,1.4736412476033611,1.7000000000000002,10,459,5
3.467534791113284,0.6956551259176739,1.136220205751907,5.763959929727394,1.9,10,460,1
13.15284733290346,0.7204294334092598,0.8377624927342447,4.178413415312321,1.9,10,460,2
26.658320714891953,2.7064828327032218,2.967011569267425,3.766590387928542,1.9,10,460,3
13.485499685437787,0.620061887650461,0.8342305628414907,4.709592270931889,1.9,10,460,4
9.123379976975622,0.10482308524240386,0.4140557972407024,4.54577636212248,1.9,10,460,5
22.3720825376127,0.3166797289548134,0.3911526697618155,9.324041533665971,2.1,10,461,1
1.3412631051953186,1.0950626843969422,1.827247464942288,6.786554083704678,2.1,10,461,2
9.82480496649353,1.4698236689064943,1.5005393403040803,1.4419424080114236,2.1,10,461,3
2.36519149140138,1.2112542862257865,0.9681833026197958,9.553772071439004,2.1,10,461,4
24.905704875466917,0.6969998314018159,0.6473589443964405,8.287608270028137,2.1,10,461,5
28.266412776351626,0.1568672925098034,0.5589561025403588,16.597300187908306,2.3000000000000003,10,462,1
2.079866493461947,1.6850645375060629,3.627595192018924,2.453813115430225,2.3000000000000003,10,462,2
3.2079453988526954,2.7908546066170543,4.364166293938845,4.565451075514662,2.3000000000000003,10,462,3
2.648699943176224,2.019876778061146,4.151590880185082,2.777569064341595,2.3000000000000003,10,462,4
3.4189726126389943,2.586062007390176,4.819860420976856,2.912617528114375,2.3000000000000003,10,462,5
4.288148784943411,1.997094440476385,3.9993052637759456,2.47140698921076,2.5000000000000004,10,463,1
3.968120195585604,2.39689379352415,4.541634939012652,3.0188191822436075,2.5000000000000004,10,463,2
2.4678188939570855,2.024877231672258,4.03602228089117,2.4941682676151657,2.5000000000000004,10,463,3
13.607749971854656,2.384232609842986,2.4869668423848648,2.506671813193335,2.5000000000000004,10,463,4
3.312480494524756,2.304473758289738,4.336216723140551,2.7924787556902024,2.5000000000000004,10,463,5
5.648222664890871,2.637914943729535,2.7607924941083346,2.5635827216757754,2.7,10,464,1
9.328927354118116,2.831647422920638,4.265111926693917,11.12230451671954,2.7,10,464,2
4.031626445926261,2.059595373306315,2.6765677588276096,2.6870740131687905,2.7,10,464,3
15.451045116558229,0.9797295653453284,1.169793080997084,4.287763542550507,2.7,10,464,4
2.2499343919473676,2.0016623764195662,4.07207739454332,2.6789691561956217,2.7,10,464,5
2.9063054215595328,2.227540174342354,2.955281729583728,2.6750777155211254,2.9000000000000004,10,465,1
11.763927219256027,3.280096098599197,5.433943035454366,12.63464587671363,2.9000000000000004,10,465,2
3.9390381272553463,2.532982054289095,2.9201294623718272,2.82992993819091,2.9000000000000004,10,465,3
0.8967996137992383,2.0049077476086725,4.051073194097974,2.885943748676942,2.9000000000000004,10,465,4
5.347140065707442,2.3974924799060098,2.8471923776433368,2.8415642652895565,2.9000000000000004,10,465,5
0.8884530560788647,2.5554078206485764,3.394969348223899,2.89657610333894,3.1,10,466,1
19.945914837352397,3.9054531863774167,6.034446373693199,14.650197423157651,3.1,10,466,2
11.525042844317133,0.7518132010371886,0.34421430408848236,11.859526873295192,3.1,10,466,3
11.220561976879472,3.2848302713197053,5.3793781383981845,12.39794180766892,3.1,10,466,4
15.173404900037294,2.4716351157969876,3.049910878077532,3.1289128319064177,3.1,10,466,5
7.113272298658098,2.9397084149770483,5.045761879610701,10.779861557379832,3.3000000000000003,10,467,1
20.32007634565992,3.806507973707091,5.458884318112069,10.58754631545215,3.3000000000000003,10,467,2
12.816543346502655,3.075461019294454,5.081424959572199,15.680393937326784,3.3000000000000003,10,467,3
6.843741482935366,2.9612723043678137,4.9942562028453565,10.64373641523496,3.3000000000000003,10,467,4
8.0548152467800591,2.661178769020473,4.651158492177899,16.55641521920428,3.3000000000000003,10,467,5
19.894096170124627,3.6001858290235815,5.475859579042122,15.738031685909586,3.5000000000000004,10,468,1
12.84309476413114,3.2669110956054612,4.756131625251941,7.081145993051855,3.5000000000000004,10,468,2
6.080173153429982,2.820937599882261,4.9180459193171435,10.731371426707511,3.5000000000000004,10,468,3
9.008812379931308,3.0375394896829397,5.067259120943335,12.589556166414315,3.5000000000000004,10,468,4
18.324990454318012,4.063317430201078,5.560229235501126,6.7659988764489105,3.5000000000000004,10,468,5
3.0399842040550444,2.4626690745301936,4.423193883190383,10.134387327878464,3.7,10,469,1
15.001257916043746,3.798633866889644,5.7190266365545765,13.28870808190696,3.7,10,469,2
8.319944243041245,3.090121247570319,5.166217483678643,11.252993682968429,3.7,10,469,3
11.184124222882346,3.3726668473124897,5.432892045257587,12.775934792371308,3.7,10,469,4
6.809977489587528,2.863783247519523,4.700247164975927,12.599991893467395,3.7,10,469,5
19.76265725205337,4.25589089715452,6.151725056303495,13.782780856152504,3.9,10,470,1
2.3347096535132232,2.3991140103125588,4.428756067689947,8.544029070799107,3.9,10,470,2
20.332001134341127,4.457101051593699,6.409251162283995,10.885845079436503,3.9,10,470,3
8.166461558949692,3.0144651634241177,4.941035147275518,12.846491666639569,3.9,10,470,4
16.452142072133622,3.88062125014322,5.559332507579982,10.19268437602841,3.9,10,470,5
12.038685947528622,3.5092186599196276,5.163057959055767,9.653820139735735,4.1,10,471,1
13.22298362481594,3.863431004074102,6.194439927558508,10.27112586600252,4.1,10,471,2
0.6728201617135866,2.268932850098449,4.157917787031947,4.8179034253995505,4.1,10,471,3
28.866993880198,5.637532035733852,7.889976813425798,11.555020503407537,4.1,10,471,4
8.05476710081687,3.0383549892136577,4.968544702327707,12.45478556384194,4.1,10,471,5
4.116026216153925,2.68040313012627,4.635180017043468,10.244287654588122,4.3,10,472,1
16.440424728009166,4.117300749870999,6.325928172386544,9.93930818239014,4.3,10,472,2
18.749204363151268,4.061935329848926,6.190052965037216,13.146106972365732,4.3,10,472,3
6.999320066607941,3.032874266579375,5.157113371162344,10.436721867381037,4.3,10,472,4
6.841270001983955,1.165251747251887,1.3209108220440364,15.184411724295972,4.3,10,472,5
19.661328804968942,4.409474119441078,6.526496281171491,10.692952061946906,4.5,10,473,1
5.3344867221065595,2.8628615310480052,4.773355611930806,10.929933499733712,4.5,10,473,2
5.731202599970322,2.8774544884102116,4.709957586744105,12.214852094969627,4.5,10,473,3
5.153951628933194,2.822062580010241,4.853858572090206,9.930653379384772,4.5,10,473,4
18.07335251816366,4.256321353874899,6.179204015896798,9.034991430310509,4.5,10,473,5
11.261664365976028,3.445254014723991,5.569073282378405,11.672835181514149,4.7,10,474,1
3.751128381027586,2.612265764394415,4.615331929325444,9.870715889914116,4.7,10,474,2
4.396889959168142,2.709801799640877,4.617745241916907,11.262545750826089,4.7,10,474,3
10.261916701196334,3.567206622339249,5.626545288559363,10.52761980553081,4.7,10,474,4
4.135201675776466,2.631587705035184,4.495800188205724,12.041205471437983,4.7,10,474,5
30.555369468667337,5.721908919000741,7.990196168448827,12.412614265747717,4.9,10,475,1
4.1186166352763225,2.706721814955396,4.70794810434347,9.363864640693722,4.9,10,475,2
11.865599269340017,3.62649404809941,5.81543273062694,10.908332621329857,4.9,10,475,3
20.50057934442914,4.794733833502775,7.061705492537181,11.246921618582425,4.9,10,475,4
10.918756398925453,3.5414770298012086,5.3152835096893964,12.683263982516184,4.9,10,475,5
13.808137499244834,4.032469962550437,6.100041661688145,11.101683430482945,5.1,10,476,1
4.251854396238053,2.571412161285572,4.636512828976495,10.909416841850378,5.1,10,476,2
5.429434078309749,2.9488655296677755,4.939856072333347,9.573891079508549,5.1,10,476,3
12.342360704323086,3.820709949848701,5.819350415591255,11.170903582233931,5.1,10,476,4
5.663313556294696,2.786764194055979,4.750416406527514,11.624132072211772,5.1,10,476,5
13.074044115949436,3.851048124618613,6.391279641806896,9.906560514793751,5.3,10,477,1
12.97127999653074,3.7066747786981176,5.621927925061434,12.655835345442249,5.3,10,477,2
6.857836179467852,2.9769238303328063,4.878856922037252,12.107533466928208,5.3,10,477,3
11.054630654661551,3.672611202737978,5.67131210928971,10.917919903769928,5.3,10,477,4
4.0293599914867295,2.7273100301663913,4.76702037959969,8.789174057687655,5.3,10,477,5
14.63360158781378,3.9933516884921207,6.197327154076293,11.029779818338897,5.5,10,478,1
18.39368455155729,4.1795787790977785,6.045356785478938,13.538121311815646,5.5,10,478,2
44.06272083691545,7.560610771600723,9.6095551346999,11.183272052865943,5.5,10,478,3
3.49910652199909,2.6450273505684665,4.646928725906639,8.757796518272984,5.5,10,478,4
7.605708902011395,3.150668595206819,5.706609869419457,7.415466583412407,5.5,10,478,5
13.863679339418832,3.962784931138037,6.209407160755301,10.570815371123835,5.7,10,479,1
7.688861459097063,3.258116178655091,5.256411710085357,10.171751296295165,5.7,10,479,2
9.631658573470402,3.3242895767676166,5.5489203061137955,10.364193979380191,5.7,10,479,3
13.115806288525915,3.800129290268539,5.58042140374489,12.74744627088696,5.7,10,479,4
28.36495511151637,5.110956645492103,7.226342548875172,12.276327628743116,5.7,10,479,5
11.69331398286581,3.504551852263936,5.318833987804526,13.27832326104987,5.9,10,480,1
2.9967816219509795,2.47818362281143,4.533370061318221,9.293856966229647,5.9,10,480,2
11.904901765060334,3.4781320417847077,5.364437378671202,13.218986553326529,5.9,10,480,3
5.136728006139198,2.919633868733615,4.9524147262035125,9.15592495037724,5.9,10,480,4
7.597855868941463,3.054438254046304,4.94568670517175,11.622464673895063,5.9,10,480,5
24.315463441332476,4.954686221281845,6.767136226453537,13.434074320611275,6.1,10,481,1
3.3758103974868043,2.60621489195245,4.579533847708643,9.31528392927384,6.1,10,481,2
3.058167851709712,2.5607838688400197,4.5519992260687125,9.007828928215408,6.1,10,481,3
6.49935603426842,2.8401689616464143,4.753712823566847,12.33599690148668,6.1,10,481,4
13.18364540875618,3.6505684822366464,5.501349462184405,13.326439274873312,6.1,10,481,5
4.2511069498260525,2.669525866748664,4.498625183681708,12.563149108332674,6.3,10,482,1
8.855422262588869,3.1519943684893716,5.016315503236646,12.94529086139694,6.3,10,482,2
11.934583856814749,3.341669898322089,5.2342258744623065,13.823352256361789,6.3,10,482,3
15.716217074250256,4.066531248742455,5.877340442695029,12.974290190738945,6.3,10,482,4
4.627311539727774,2.6469738779613694,4.500198388483421,12.661914949954548,6.3,10,482,5
7.029165666941691,3.019948862923611,4.822844933769823,12.81598190856005,6.5,10,483,1
4.087728622061714,2.659421414329829,4.722763315397288,9.323863964039994,6.5,10,483,2
31.339089062539085,5.68773425745047,8.169304948422939,11.412308596985325,6.5,10,483,3
5.100953302872278,2.7820115611324496,4.787288668260455,10.494817118858006,6.5,10,483,4
33.80170988099451,6.230485638351742,8.302198880894679,10.975466832871753,6.5,10,483,5
15.214315481209043,3.984606357820948,5.795493694874898,12.988441211904798,6.7,10,484,1
6.317355331553986,2.9210117035752683,4.951347332632373,10.73583383280589,6.7,10,484,2
9.812592112034007,3.385379449228735,5.71188431386049,9.993732277251604,6.7,10,484,3
14.167574706648102,3.792951433695147,6.329469838965879,11.344673020162224,6.7,10,484,4
0.5810010552912793,2.5782902930468694,6.598132098429689,7.55035630944414,6.7,10,484,5
10.06257317412838,3.2220830716131124,5.12973542682919,13.420424466049935,6.9,10,485,1
17.028076303074837,4.096193136892356,6.9941950611815535,10.023851740533294,6.9,10,485,2
6.166979741745589,2.862246255155456,4.966328417181259,10.538425938595466,6.9,10,485,3
2.492862884963241,2.549888043441497,4.445456458790554,9.137117772530283,6.9,10,485,4
7.635338253761615,3.092381751282706,5.2388930125608,10.372306022119336,6.9,10,485,5
17.634797533404836,4.375668151161346,6.534488565443886,11.502643243020524,7.1,10,486,1
8.463934574445151,3.164413930534227,5.053478109608364,12.501109589282017,7.1,10,486,2
2.215288870963606,2.5005545964724365,4.45065768628483,8.011189508297752,7.1,10,486,3
13.354444916290216,3.9849117339463898,5.945566385554791,11.398263819049715,7.1,10,486,4
3.402393932565672,2.543489860134358,4.413212957483427,12.38940502629456,7.1,10,486,5
16.915800989113563,4.112674240611686,6.328760754443843,11.990829497831143,7.3,10,487,1
18.115634492579087,4.275655486219582,6.128739801877064,12.895088914729056,7.3,10,487,2
18.96427604469026,4.2476452422089865,7.270643368657947,10.811744509477474,7.3,10,487,3
15.082067080545386,4.12069905698724,6.315200151185189,10.887098356931356,7.3,10,487,4
7.684273437127779,3.1841149166994036,5.2717099033176105,10.002219123262416,7.3,10,487,5
7.667034413704119,3.313117812374639,5.341103976469516,9.657119377890076,7.5,10,488,1
23.90387219753515,4.552330641359646,7.823195367963146,10.990194270467752,7.5,10,488,2
17.62026256827346,4.299166928664372,6.265754962498594,12.470382030289027,7.5,10,488,3
13.97147380676307,3.866587639804397,5.707227023489594,12.479893174875109,7.5,10,488,4
18.20363416131891,4.288877503285617,7.52005815375956,10.358523007908182,7.5,10,488,5
21.965855322989423,4.496430512594642,7.402689788638216,10.970516366774618,7.7,10,489,1
11.649433276400966,3.469264282258672,5.31348597570099,13.365517246682067,7.7,10,489,2
14.62304553887385,3.9354134667782983,7.307938542087783,10.156215547724942,7.7,10,489,3
8.177038323939115,3.278134876584824,5.435008392598212,9.634773069951448,7.7,10,489,4
1.7185416141363583,2.3799109794187716,4.283830308239394,9.27684504641111,7.7,10,489,5
34.28822443025617,6.738901437628586,9.064058668270729,11.449140539477996,7.9,10,490,1
10.425715650837091,3.5819120917709446,6.542794970990081,10.194170577300762,7.9,10,490,2
14.623118211889969,3.7072985464484858,6.492834320326638,12.549307973126304,7.9,10,490,3
8.995923588310804,3.302452876682787,5.497019765218081,10.313066262382852,7.9,10,490,4
5.8012133691245795,2.766076765784379,4.647212402634068,13.38128826271539,7.9,10,490,5
12.351137267204312,3.6126068787041614,5.474003920425146,12.924114507472172,8.1,10,491,1
15.438811031382851,4.02376040895243,6.922399453373341,11.045407823527828,8.1,10,491,2
0.5672688637339618,2.5629455603785405,7.913668064623593,9.262300524061374,8.1,10,491,3
10.470600712924073,3.4563926452712215,5.45196432589584,11.668887999795183,8.1,10,491,4
5.564685309540081,2.8417831402641727,4.818257754242992,10.914888586757256,8.1,10,491,5
22.291364265735123,4.4798658112673575,8.022473575444284,11.62442759974173,8.3,10,492,1
6.802962764778903,3.004681849402582,5.119950391966605,10.32299769950468,8.3,10,492,2
3.0398793313348125,2.5632648780916267,4.438316528500964,10.913978027472352,8.3,10,492,3
7.856651679624616,3.13479334086311,5.098437679362104,11.454439668003806,8.3,10,492,4
4.178304530910126,2.6523491826466445,4.535164158439956,11.083942098419184,8.3,10,492,5
1.0052416206758366,2.3419498952423945,4.240839090056913,6.381864554797729,8.5,10,493,1
10.604242805696586,3.3135220686372433,7.22401798829936,11.624675215415992,8.5,10,493,2
5.637626053731429,2.805323729528979,4.7014908646457325,11.991754634185655,8.5,10,493,3
2.6138493308722484,2.3552789139985024,4.306161521796452,11.239891539837306,8.5,10,493,4
3.4961234460145016,2.699037618576909,4.652884319992427,8.79591295007479,8.5,10,493,5
2.4342932855712744,2.5279088833501877,4.500097901394536,8.064217050245338,8.7,10,494,1
17.861398988510302,4.046122093542404,5.955161364519444,13.905823200113035,8.7,10,494,2
26.587278822379844,5.357822371448179,8.211939828450003,11.402774941646138,8.7,10,494,3
1.8955448317526724,2.3868660340746337,4.27227970710329,10.529975654773471,8.7,10,494,4
8.419542725515019,3.0691064312198817,7.45302147148748,10.51528252096709,8.7,10,494,5
36.99722806211165,6.303036201081393,9.188888328673116,12.33726268934024,8.9,10,495,1
8.8942472598448,3.463219476891393,5.430672226985376,10.432353192516834,8.9,10,495,2
2.6521085656375876,2.4618701603794415,4.464771738486497,9.313614115790084,8.9,10,495,3
26.301914278983972,5.155324106703348,8.706386336756633,11.721252845055217,8.9,10,495,4
5.488616114202138,2.7985602311289552,4.738806442142182,11.02883122810518,8.9,10,495,5
20.687185899944826,4.552909847545792,8.668603628754134,11.062517844091012,9.1,10,496,1
14.574343841924549,0.4128269670903182,0.6348819000628817,10.88772531139854,9.1,10,496,2
16.374623434447997,4.018226147888936,8.15508812027325,11.872860851662606,9.1,10,496,3
24.875569637374102,5.027521250052426,7.746438738924899,12.328098398640128,9.1,10,496,4
1.803536068008451,2.3632108090127306,4.313852927324494,9.234837372874022,9.1,10,496,5
9.889456641234364,3.4396738536256497,5.263792967700257,12.133323874556371,9.3,10,497,1
10.174644562068185,3.420931060900189,5.232651499014529,12.475751857794965,9.3,10,497,2
7.082233357894715,3.1066021070608585,5.189078555500243,10.018046361095497,9.3,10,497,3
7.100557543472049,2.8789220179205737,4.8202690163846045,12.737376646168222,9.3,10,497,4
26.09180385798037,5.108592485614315,7.993468073276019,12.507739410207696,9.3,10,497,5
15.856610461775348,4.205835354191572,5.960378709764376,12.647558093733938,9.5,10,498,1
1.2186221446201964,2.4863706266633487,4.300845333089265,6.8381549026957895,9.5,10,498,2
3.7930986310486583,2.593393769610775,4.679913703616491,9.314741553493072,9.5,10,498,3
18.72789018721942,4.454489308270778,6.546686803620439,11.9694404854349,9.5,10,498,4
35.76980820084339,6.116541759573066,9.870452085698364,12.090866649432629,9.5,10,498,5
20.197340536773115,4.565956422555798,6.463463363650687,12.75274114030936,9.7,10,499,1
28.20400065585929,5.04318124510575,10.163261741565828,11.803835071775667,9.7,10,499,2
4.734599181217768,2.747149276750722,4.5773477843723605,12.490035312220456,9.7,10,499,3
14.42855956536675,3.882866561129848,5.70079138924767,13.155280341857631,9.7,10,499,4
7.768055090260497,3.1942090204800206,5.01804429166209,11.927741647995024,9.7,10,499,5
0.48212781855712583,2.6106495178302547,9.60651355654549,11.441152142222409,9.9,10,500,1
23.588446472073137,5.056536496941335,8.418465973390216,11.399813641691024,9.9,10,500,2
6.012200079694124,3.113656972101925,5.046635286274272,9.526410932350728,9.9,10,500,3
12.023197217079309,3.6024743061893862,5.568931623772915,12.217413204986975,9.9,10,500,4
16.576960066384622,3.691460993374779,9.21097470183724,12.221370535209138,9.9,10,500,5
0.30173657890241706,0.08450183377028694,0.09465389857481978,0.09616624009087356,0.1,11,501,1
0.2538335966549302,0.07692677402409884,0.09413706488109284,0.0965312962931114,0.1,11,501,2
0.26503393753724325,0.08199956313566743,0.0942741248129843,0.09755071445005706,0.1,11,501,3
0.25137752160596166,0.08699439455215492,0.09407775302513847,0.09658678494468594,0.1,11,501,4
0.2831221616998271,0.08293163832623279,0.0963613878412794,0.09626590241098794,0.1,11,501,5
0.960316897204908,0.554817959020964,0.45329416918609966,0.3574354734975876,0.30000000000000004,11,502,1
1.0893275978286516,0.5562602955869322,0.49342184035797426,0.3720614135755528,0.30000000000000004,11,502,2
0.9494090377634988,0.5917609126717785,0.4547284025107966,0.3549069145261819,0.30000000000000004,11,502,3
0.8493205932490063,0.45137073435537545,0.3986076133252682,0.33573216215719964,0.30000000000000004,11,502,4
1.0256965531293925,0.5958188241111794,0.4605664229596269,0.3583648299884407,0.30000000000000004,11,502,5
0.40151065760823024,0.3811310907057016,0.34078601702179245,0.465707413479355,0.5,11,503,1
0.3950397623854344,0.40220972353649415,0.34767484503764257,0.47007701875411806,0.5,11,503,2
0.4273768569062369,0.4086935400051403,0.3313046940247635,0.464695581941762,0.5,11,503,3
0.38803918478433946,0.4234101628468447,0.3637527368256204,0.4619761691577334,0.5,11,503,4
0.39968269953496294,0.3800260093759823,0.3500547249504319,0.4723819951617411,0.5,11,503,5
1.0478395866737715,0.4612549185941397,0.4319462332433571,0.6520646985816179,0.7000000000000001,11,504,1
1.4303840454581072,0.5990161277978411,0.4596449035188313,0.6459725148589018,0.7000000000000001,11,504,2
1.13272404060854,0.5897190153086675,0.44994533300463135,0.6266410251462005,0.7000000000000001,11,504,3
1.0360045918424954,0.4292027579112142,0.4267354596268305,0.6407856557654864,0.7000000000000001,11,504,4
1.1019990348409827,0.4936852213591432,0.43709522325729416,0.6402876462930815,0.7000000000000001,11,504,5
2.904505124822902,0.8925430935661565,0.5924717736394227,0.7428909718018721,0.9,11,505,1
3.471021273014142,1.3596277676988238,0.8176379657033221,0.7567778770814443,0.9,11,505,2
2.4723386978122264,0.897211618967272,0.6416236388600635,0.7673719391969274,0.9,11,505,3
3.4015109823246616,1.2119784939680305,0.8358924503430956,0.7522102831250498,0.9,11,505,4
4.173697987272881,1.5100185351162885,1.0894547694047276,0.8097692285878931,0.9,11,505,5
14.791777795539856,4.957709477237075,4.697712506035532,0.9613653779405524,1.1,11,506,1
10.222222018083508,3.4049326743835997,3.1661798183991827,0.7565910891060605,1.1,11,506,2
0.3782984405389816,0.05228885601892368,0.4916599341951256,1.0310944171605925,1.1,11,506,3
9.20750258355335,3.918823837963102,3.0691142206063207,1.4229419453831131,1.1,11,506,4
22.79327061951656,8.986621597180248,8.283113096970196,1.765939217740777,1.1,11,506,5
11.648569051877178,4.190872021072635,4.019842390475612,0.9386041012919124,1.3000000000000005,11,507,1
9.492700665447275,2.8911521014926436,2.882664098688055,0.511856380891348,1.3000000000000005,11,507,2
3.2505588734977455,0.6964865908350514,0.9668784253055512,1.0013366754711184,1.3000000000000005,11,507,3
19.48000815227768,6.016326224100078,5.673675416826379,0.8730803245641017,1.3000000000000005,11,507,4
2.80720395810239,0.6845274980395039,0.8971597926369166,0.8047573916579799,1.3000000000000005,11,507,5
0.5096612333992141,0.3685633190008835,0.38893954622783816,2.005061104313136,1.5000000000000002,11,508,1
3.4843517351485835,0.6620532321395162,0.9349634731421196,1.0718928222791753,1.5000000000000002,11,508,2
0.4987199986984541,0.4641024832198075,0.8071738554644969,2.5879865745723847,1.5000000000000002,11,508,3
7.726169271121334,2.1686253585258024,2.2012210699018886,0.5250661988288438,1.5000000000000002,11,508,4
1.7107252128117134,0.1494676162218421,0.5436011246482495,1.3346811497077509,1.5000000000000002,11,508,5
6.6316921794946255,1.008066466434986,0.9976012581296452,1.3246156678830487,1.7000000000000002,11,509,1
0.4103489578290608,0.567033840673927,1.1852008126449265,3.0177290230147005,1.7000000000000002,11,509,2
4.74108121481567,0.7758715117528971,1.3134983442991943,1.5450653433128363,1.7000000000000002,11,509,3
1.391863833991171,0.2180532253343678,0.5957960396421502,2.204285406072096,1.7000000000000002,11,509,4
0.4924955679610652,0.5210212790662114,1.0670296475039438,2.782236541043744,1.7000000000000002,11,509,5
2.012136187226099,0.35213007672701807,0.8826315425374738,3.390233420618613,1.9,11,510,1
0.9923525642249568,0.6397516077396226,2.667334319203103,4.281192849845035,1.9,11,510,2
1.3493388195436349,0.5292971255213353,1.739289535539111,3.9120422300097664,1.9,11,510,3
6.9637749995704326,0.8307863791133162,1.4356360772935417,2.219239505888917,1.9,11,510,4
2.557396893667724,0.4179860801022999,0.5388561307196208,3.616578206801522,1.9,11,510,5
0.5323451591839954,1.158533765977812,1.4514695592177405,7.74159360337754,2.1,11,511,1
1.7648389511956966,0.9584306337093876,2.7660565994059505,6.655843597508241,2.1,11,511,2
0.5343538690293581,0.966804058109314,3.3694561893094956,5.361289846311645,2.1,11,511,3
1.5136204438932,0.9267420381133746,2.5966529765947235,5.703942607830891,2.1,11,511,4
3.1169155135362554,0.3524819143126138,1.1940664467012374,3.904596753977583,2.1,11,511,5
2.4435341205780072,1.3622360987666224,2.0866370060918253,13.588065115824994,2.3000000000000003,11,512,1
0.3177390744502778,1.5535244819418843,2.9129033279405725,14.41001970236003,2.3000000000000003,11,512,2
0.23449808188578863,1.2812023017970724,1.13363480316447,8.298077951064569,2.3000000000000003,11,512,3
7.177684138311332,0.42367718412641703,0.6989893164803666,6.598420491105359,2.3000000000000003,11,512,4
1.4884361060919855,1.3068157026741771,1.5691207532745848,10.607883939529806,2.3000000000000003,11,512,5
0.7513331014939935,1.5610294752259264,2.6376432664716725,17.848486290591477,2.5000000000000004,11,513,1
7.711429937035287,0.6018205609827042,0.654548605751461,8.302475714438836,2.5000000000000004,11,513,2
1.1364050269438983,1.4481922473086657,2.11542417542352,14.430700323420275,2.5000000000000004,11,513,3
1.486972922719517,1.2542350912661389,1.951300641005245,10.713280410224334,2.5000000000000004,11,513,4
3.3954147873639657,0.5688632997188143,2.1439742011711256,6.079846676189673,2.5000000000000004,11,513,5
3.9711625665630703,1.386654643534742,1.2756816875451114,17.233676075004716,2.7,11,514,1
0.5652563289104459,1.567677934454066,2.7954694023403324,17.246696542979414,2.7,11,514,2
2.396981180105575,1.215185819485893,2.734286520538506,10.970364985949924,2.7,11,514,3
0.5905526440089748,1.958112265332276,4.039355130634554,2.7276444412388736,2.7,11,514,4
1.5455466666829245,1.6535375586723835,2.9643711288577657,23.193471011010185,2.7,11,514,5
0.5060214638750286,1.8616187566377784,4.140851728482946,5.7183255972120755,2.9000000000000004,11,515,1
3.05261265700149,1.2763272181326375,1.3180975286505898,14.231613334782434,2.9000000000000004,11,515,2
0.5736415332023849,1.9250975016880612,4.086578496795523,4.008273909547721,2.9000000000000004,11,515,3
0.579126060969192,1.987562915942896,4.011170760857684,2.893037057985988,2.9000000000000004,11,515,4
2.222265509346092,2.018229112782635,4.029587074282866,2.771107980237291,2.9000000000000004,11,515,5
0.30379570801163086,2.04725859962134,3.94507657656719,3.2291014611991677,3.1,11,516,1
0.06175473813080232,2.1648717643072515,3.975365822848061,2.799230857894071,3.1,11,516,2
1.4992684210150204,1.7996129635344948,3.9280953195033,3.0711824901161378,3.1,11,516,3
0.9656696820485996,1.998871383582836,4.004016549070044,3.047375414791881,3.1,11,516,4
2.5903816624790257,1.205399404713208,3.926264495086943,11.028319044995566,3.1,11,516,5
3.188893233019098,1.9805423086751437,4.061551186550942,3.630550983917656,3.3000000000000003,11,517,1
1.4617924487353948,1.67728685795399,3.877955057564661,3.512428659888633,3.3000000000000003,11,517,2
0.3756929750164232,1.9901746502436413,4.000253371431842,3.3573893578562344,3.3000000000000003,11,517,3
0.4817413141074778,2.0675113960402984,3.7589234280704895,3.123689359307033,3.3000000000000003,11,517,4
0.14917871455714218,2.16191651579843,3.812928008221589,2.715578514891225,3.3000000000000003,11,517,5
0.18082589849109476,2.083910413618919,3.761827752234547,6.7997463186063225,3.5000000000000004,11,518,1
0.4706037607809693,2.1162940553867498,3.710006752176274,2.3255712649955353,3.5000000000000004,11,518,2
0.36271096707036127,2.2107016360549396,3.98177878225936,2.457724155844919,3.5000000000000004,11,518,3
3.904945276278077,2.309614661521663,4.507206242688263,10.233093788320147,3.5000000000000004,11,518,4
0.31997787192690097,2.138852241990727,3.7620025559131336,2.7084573552097937,3.5000000000000004,11,518,5
2.167750557466163,2.479886811304906,4.5668954781323725,4.943247795637495,3.7,11,519,1
0.15729865142057592,2.220772758099187,3.9162654918107815,3.376481371460566,3.7,11,519,2
0.5041184183280503,2.1728807811587156,3.4069259676652157,5.511855255423133,3.7,11,519,3
0.47352234771573665,2.1295997688244257,3.553566612358779,2.0453782586584865,3.7,11,519,4
1.9853502270794596,2.224598315154065,3.630447581878069,4.007905759541646,3.7,11,519,5
0.28279443714479024,2.217494372786957,4.068224230164898,1.920617826589156,3.9,11,520,1
10.61889839626058,2.8441552658531415,5.304843953324043,13.180374290099982,3.9,11,520,2
0.8253084497749505,2.260224672564075,3.9436260215032366,4.488112492049317,3.9,11,520,3
0.3965549732634804,2.170286181470338,3.9633246371462185,6.691275091711184,3.9,11,520,4
1.5380224997570726,1.83346310643881,3.973218834462072,4.943441070531905,3.9,11,520,5
2.7398899696979546,2.44729219734161,4.542184365836435,6.008993203443039,4.1,11,521,1
0.187736553376517,2.2513179753301658,4.121913981329607,4.0902924556611975,4.1,11,521,2
2.7386507949648937,2.5441568193925463,4.846565153258501,4.565005451156589,4.1,11,521,3
2.9601801871994344,2.568306031693428,4.8426386593242485,5.361285194918177,4.1,11,521,4
0.1991821329325936,2.118374473183763,3.7419865614899095,3.9454552837535246,4.1,11,521,5
3.5293788803712363,1.1038756383853774,4.023304141061697,11.122703182433746,4.3,11,522,1
1.503560574844084,2.117812476788749,3.547731210254087,5.209988046823044,4.3,11,522,2
0.4588719325262827,2.231073507156736,4.079969493358276,2.990181611340314,4.3,11,522,3
1.761023399725454,2.3676822978418284,4.537909790300576,3.6810226974114015,4.3,11,522,4
0.8327031598730824,2.3015449034223425,4.838552790429392,1.8777426570184577,4.3,11,522,5
0.5183639747584752,2.25946115413439,4.070573417681861,3.033485464085728,4.5,11,523,1
0.6309663471812036,2.279393496069502,4.294801943872854,1.58729411304595,4.5,11,523,2
0.7428932710002889,2.328046934856451,4.523555851377725,1.4921139152930558,4.5,11,523,3
0.816227158843743,2.3087180340615583,4.451451222674233,1.4450296539087164,4.5,11,523,4
0.6184495568205298,2.1807678181967063,4.535702675859758,4.332282570833313,4.5,11,523,5
7.702927293650371,2.8805299071460913,5.368072147572775,9.543237170624906,4.7,11,524,1
3.0308218174117076,2.3832479068812593,4.5686909165190785,7.119929605455842,4.7,11,524,2
1.9706165873712085,2.4357590443356756,4.786546808558557,3.76279027540702,4.7,11,524,3
4.139664906086401,0.972142053572958,7.093687337700837,9.3487339218881491,4.7,11,524,4
0.34469161653749975,2.218693689612246,4.173023798205971,2.4587855264733083,4.7,11,524,5
1.598638712096099,2.4562221633927632,4.478513356443684,3.977679486620128,4.9,11,525,1
0.3832446590301907,2.249951595036257,4.091798612711995,3.5823517621013794,4.9,11,525,2
1.8473020862744425,2.4346585353171597,4.566323121576253,3.679102573601329,4.9,11,525,3
4.126896621858922,2.908033030632558,5.352726603313925,4.904582372840166,4.9,11,525,4
0.1717354122532108,2.137976328793451,3.952170044578222,4.366976107850897,4.9,11,525,5
0.1991637412996888,2.1455605664547153,4.0426321094363225,4.48402904409157,5.1,11,526,1
0.22283702889744367,2.236504018761953,4.060752161237648,1.8770433330130796,5.1,11,526,2
3.122235892667611,2.457624759040428,4.764344070084905,5.638226094352461,5.1,11,526,3
1.1490649315350072,2.3482945657387004,4.410379022897007,2.449936616834873,5.1,11,526,4
0.4172489628555285,2.282393377034866,4.319841274015373,1.7546674388964223,5.1,11,526,5
0.5744560481730616,2.236076641312164,4.24328192164494,4.5063771715745755,5.3,11,527,1
0.1442991716447615,2.228119907037824,4.226001591897242,5.352583780444319,5.3,11,527,2
0.2335603564207956,2.2100441391120067,4.167805774833299,5.888236776862563,5.3,11,527,3
0.21140388699485588,2.242381383579735,4.148145849372671,3.6794198675909016,5.3,11,527,4
0.08609766185664228,2.164132127725945,4.035969655095547,4.3835564227538395,5.3,11,527,5
1.0428091278557052,2.2281477343921856,4.212135540698555,4.450956604342246,5.5,11,528,1
0.974286034961216,2.2862018841414837,4.6201909907545975,1.3115011124364353,5.5,11,528,2
0.26818149029668936,2.2188927349423553,4.212032924638419,4.850035290522795,5.5,11,528,3
0.5903672169961691,2.3066914220123116,4.406220114477785,1.5569656860761845,5.5,11,528,4
1.1503245410432663,2.372555220767116,4.707480104088882,1.282994551095256,5.5,11,528,5
3.17895054740066,2.676770257641546,4.920720226317141,5.588488446081189,5.7,11,529,1
1.8994123037997852,2.5303811943330228,4.728692172048879,3.496778089567965,5.7,11,529,2
1.601296188340064,2.379002645894609,4.458416506222894,4.41045970960469,5.7,11,529,3
0.1316799158837674,2.1662315419205895,4.132200010601577,7.0824380001580725,5.7,11,529,4
1.2404157470333697,2.3586866447415895,4.531359301463398,2.458546868199823,5.7,11,529,5
0.66530222660644,2.309308128765619,4.289209040933407,1.757472331313509,5.9,11,530,1
3.3461279700094733,2.660931590939782,4.914959133304385,5.3271887366222686,5.9,11,530,2
12.8199298030812,3.805445533961324,6.249281100014933,9.553224096428172,5.9,11,530,3
8.084983684603023,3.0482407773887177,5.6813378453141885,7.3722227617165474,5.9,11,530,4
0.03595233931079295,2.231492374359845,4.008443781531394,6.9729250430333165,5.9,11,530,5
1.7818731805562642,2.3692306336849764,4.660372311105429,3.0339395118122923,6.1,11,531,1
0.5561134365338298,2.2939051717901395,4.303187381119922,1.5863779718325388,6.1,11,531,2
0.06334449783406722,2.181634624281,4.0317424642056965,4.241472547023985,6.1,11,531,3
6.560285598703579,2.976581151425665,5.612261517845168,7.47934197984562,6.1,11,531,4
0.759529553216102,2.317369410527227,4.468694202175129,1.5708369801640096,6.1,11,531,5
0.4422517644144612,2.286568955430201,4.1943612744079095,1.5699944908691077,6.3,11,532,1
0.09652112942693304,2.2081996198619365,4.184665971656805,5.641962723656172,6.3,11,532,2
2.657964127884612,2.590383409635292,4.8013263288524035,4.761593181506932,6.3,11,532,3
0.27274984866097124,2.183612341607449,4.101562236619182,2.1964148125317453,6.3,11,532,4
0.8545099391801811,2.270482952721897,4.315915454187627,2.3303657175068744,6.3,11,532,5
5.482128629061462,1.1817688636368515,2.632482099785095,19.957144874251668,6.5,11,533,1
0.6588638415310244,2.2015427152096896,4.312865893110568,3.9436977330093623,6.5,11,533,2
0.01564840832412257,2.75613261202131,5.6066004049893055,6.152886619587237,6.5,11,533,3
3.4802204286339964,2.689447997902019,4.835290709224468,6.359775545582141,6.5,11,533,4
1.123133965431899,2.3471408999793075,4.380844122986673,3.1759327397773296,6.5,11,533,5
0.577107410507809,2.305919918201253,4.241627224478953,1.7204297780598123,6.7,11,534,1
0.0215749377700213,2.7774270399961662,4.935371960917209,2.0265839996784525,6.7,11,534,2
3.684006141148824,2.6902762634065596,4.872515039259959,6.76875551663113,6.7,11,534,3
0.48895083476432344,2.3167418080333113,4.29047678198301,1.1485631502560574,6.7,11,534,4
0.44982154945908986,2.258859001953201,4.13369907476015,1.253543898981733,6.7,11,534,5
1.6274378627800858,2.514779509323608,4.65390412696577,3.1052840813984615,6.9,11,535,1
0.20349125533894805,3.199983802104746,5.362058790443583,2.912614696892068,6.9,11,535,2
0.3946620804802279,2.314632417842173,4.309040572122171,1.5743634352756737,6.9,11,535,3
3.284013875160096,2.5668107631652664,4.699241533582233,7.491582091985737,6.9,11,535,4
0.3862423449875706,2.1754844952946737,4.172856967308141,2.947136313921969,6.9,11,535,5
6.420650591654225,3.009765324743321,5.1535105620823884,8.09632490006443,7.1,11,536,1
2.653498409570971,2.6030190056703733,4.950911526366772,4.299372081991376,7.1,11,536,2
0.4082516041674104,2.231844405337225,4.154690346973723,2.23663111932096,7.1,11,536,3
1.7991028309733426,2.366680956915697,4.837139548214806,3.928335855580523,7.1,11,536,4
0.08646354933819839,2.139535234888465,4.224669136775542,8.74597086478449,7.1,11,536,5
4.906078379753059,2.5363137107271054,5.112490811569218,7.016000044995312,7.3,11,537,1
0.33828347138467263,2.293052690139123,4.185802200647637,2.0988285245086846,7.3,11,537,2
0.5809984127738302,2.228769044922694,4.78695279873815,4.59240052804527,7.3,11,537,3
1.7056169713525515,2.3896567240965276,4.578743583923894,3.972311432790149,7.3,11,537,4
1.192593500002045,2.398344401430603,4.412225979609972,2.464795582090681,7.3,11,537,5
4.495480260865175,2.775071409126107,5.021607930916359,6.81737778233756,7.5,11,538,1
1.000007349020707,2.301987423999021,4.403229437902575,3.009074025165694,7.5,11,538,2
0.09152121072631002,2.206866279274124,4.135510382203737,7.825271560489883,7.5,11,538,3
3.889808263653307,1.4099404088828138,2.942706914548757,24.473998260247942,7.5,11,538,4
0.8231278057684784,2.2903892983392673,4.342256989684103,2.3867547537112443,7.5,11,538,5
0.3362253772951526,2.282227385032808,4.13742785697464,1.9428204284189343,7.7,11,539,1
0.7321714527288371,2.2542978858509763,4.628039214238099,2.633165873471871,7.7,11,539,2
0.4794150272376065,2.2504190202537213,4.523347585512427,3.8125272136997457,7.7,11,539,3
0.9800068324214862,2.2081461083815244,4.043823865674204,7.285860887812646,7.7,11,539,4
0.7982742545387453,2.311082097911746,4.615161080895079,1.4043797578444823,7.7,11,539,5
1.5005103653419,2.4653244427483636,4.635591032625889,2.704405842096688,7.9,11,540,1
1.7763321628892603,3.592715677464178,5.830118585928579,4.428678877691768,7.9,11,540,2
0.7840858291865413,2.192083268113399,4.218505596726308,3.063110109370701,7.9,11,540,3
1.20033996726812,2.392968102322951,4.876213903278108,1.7050328181045475,7.9,11,540,4
2.0360132357742557,2.443807350614611,4.54713864089598,3.9607350609630183,7.9,11,540,5
0.12862809950269294,2.1898743451088554,4.07827490636432,2.941929639242275,8.1,11,541,1
2.0953115625759993,2.4097331893186738,4.6210471971300375,3.8697272662953455,8.1,11,541,2
0.387779615402153,2.2826814730012788,4.305759653117912,1.5929757815801056,8.1,11,541,3
0.275493746967478,2.267124049389477,4.086015971917792,2.0667119736472466,8.1,11,541,4
8.48434231519857,3.2817432774910467,5.901595980102335,8.049921965619966,8.1,11,541,5
1.1845276104516336,2.387793641412221,4.518381185971317,2.1303449623657404,8.3,11,542,1
0.4706192688730309,2.342311555756506,4.5190377216870035,1.5268793831758842,8.3,11,542,2
0.38280218472401417,2.290052832337057,4.318982877609911,1.6244712107541468,8.3,11,542,3
0.5670823267727024,2.285624174070841,4.234727265476659,1.716736583816714,8.3,11,542,4
0.6072323610977459,2.3040489130986255,4.312628658009377,2.0765113200302325,8.3,11,542,5
0.17870551692245995,2.7267400370594075,4.853766597317198,1.841231590882116,8.5,11,543,1
3.2400859926173675,2.674271898974891,5.022546415755898,5.074636705943088,8.5,11,543,2
0.32595401881218616,2.2593069047495065,8.336895610551306,13.662258466270446,8.5,11,543,3
1.5337532782306569,2.5080785871813065,4.65525697100718,2.613204381762813,8.5,11,543,4
0.9921558844434408,2.29459237716689,4.441401262417842,1.9690108678011875,8.5,11,543,5
7.046524987294425,3.045275951572044,5.210489102553405,7.044043882926724,8.7,11,544,1
0.7334083580263925,2.3092661067910414,4.497663543376496,1.284907973581943,8.7,11,544,2
0.17520182548854235,2.2208127443080445,4.1455727085527725,4.126166116984424,8.7,11,544,3
0.9440243463917004,2.310167994880333,4.709692167038581,1.206975335515509,8.7,11,544,4
1.32978847982838,2.4499169292832814,4.519252823782717,3.3201691722850533,8.7,11,544,5
0.37863391596615587,2.204481853038517,4.207508645324276,2.828894307735245,8.9,11,545,1
4.877007490486026,1.416572947347366,2.870570406822113,26.824649024239587,8.9,11,545,2
1.832769760701443,2.4218855231196335,4.582963974709083,4.04675861865192,8.9,11,545,3
3.5868021458057453,1.3296104682320091,2.6142430842116604,24.08602639234075,8.9,11,545,4
1.1931994184957335,2.339887687645073,4.568836716734343,2.27755440964183,8.9,11,545,5
2.8801492775168227,2.545006002080465,4.4262212223829795,6.076485076596063,9.1,11,546,1
1.987398385059778,2.4487996296656864,4.622353461473625,4.8685210652084425,9.1,11,546,2
0.6609003800556223,2.190275295641411,4.301065956744891,2.800114100521809,9.1,11,546,3
1.1949582045218958,2.3672422154826043,4.524362205729022,2.337155047012254,9.1,11,546,4
0.13876675069598524,2.258190263076496,6.300220549585745,10.1803552423428,9.1,11,546,5
4.414868772736737,3.744933079332981,5.447271524191144,7.247495034635395,9.3,11,547,1
0.162489338082692,2.215178323993074,4.2230912323227265,9.84457491498997,9.3,11,547,2
5.231405390505227,2.8662884819451904,5.210728782568458,7.146638542100253,9.3,11,547,3
5.347482474612368,1.8292659609177264,3.9529966627663664,19.386717065287513,9.3,11,547,4
6.276062141244578,3.0329564532990085,5.742805232336141,6.535176182094585,9.3,11,547,5
0.21860326096399352,2.196903720324559,4.244109724193953,3.2691734841492477,9.5,11,548,1
1.9182150853292967,2.544837884934697,4.656847214865821,3.938392596328046,9.5,11,548,2
1.5438784773196197,2.4022492916523857,4.592238584241787,3.179438784687183,9.5,11,548,3
0.15140269611900728,2.2298949653359936,4.373603091971838,4.143950694606248,9.5,11,548,4
1.0009470707314867,2.3043139112003614,4.345163480493544,2.476347316474611,9.5,11,548,5
3.093392633601998,2.52397319055797,4.745805333684948,6.4298182532620025,9.7,11,549,1
0.27053162265647607,2.247203316168423,4.1194032388778155,1.947672511990826,9.7,11,549,2
2.802982660412024,2.6639841741672816,5.405575198417418,3.6736247686849257,9.7,11,549,3
4.517739135373475,2.8858601200316714,5.034614704979533,6.359250273199924,9.7,11,549,4
0.725682648225144,2.2627963320758635,4.39678295490225,1.7133563541698358,9.7,11,549,5
1.3151723126812762,2.4722320336872268,4.773541674672735,2.0043957187182744,9.9,11,550,1
4.565775170208428,2.844248273490833,5.215931994081005,6.2946021182845495,9.9,11,550,2
0.8414153275941941,2.3140566102906437,4.337402343326823,2.182497898916405,9.9,11,550,3
0.5893461137106547,2.310158216648206,4.91557000205138,1.0640300851468665,9.9,11,550,4
3.333004376876065,1.4533235606638444,1.8344569488185971,23.962839720272363,9.9,11,550,5
0.22413175270984712,0.10504524733557268,0.10077043391774804,0.10115622479523408,0.1,12,551,1
0.22826085854785547,0.09924742737230773,0.09822850997190193,0.09974578128301802,0.1,12,551,2
0.2323237776844455,0.1020510529955632,0.09792767763427264,0.10101232552606486,0.1,12,551,3
0.24848282913551872,0.10020507158014924,0.0973108559061886,0.10054888335865864,0.1,12,551,4
0.21953832090078332,0.10178061534347164,0.0968769780500039,0.10088983172418342,0.1,12,551,5
0.9681494191929392,0.6178507044355468,0.3218443060102112,0.3035053014342893,0.30000000000000004,12,552,1
0.9689666098125932,0.7127595525834459,0.3121212807238412,0.3077659241242868,0.30000000000000004,12,552,2
0.8890106260511306,0.533386523115121,0.3167074778880698,0.3051291349017939,0.30000000000000004,12,552,3
0.9814853152187628,0.7194335653968551,0.30162738669290956,0.29988044182153717,0.30000000000000004,12,552,4
0.9256390892797076,0.7051046427892818,0.3050521256846463,0.30401019323972545,0.30000000000000004,12,552,5
0.5013910359794613,0.5918791282089534,0.4207361780272342,0.473641435740864,0.5,12,553,1
0.45194572779535286,0.6278775371579096,0.4437193920235206,0.49110016355269026,0.5,12,553,2
0.46799592022456254,0.591023067323766,0.4315088053699256,0.48427458132307377,0.5,12,553,3
0.44487627033142585,0.6323280748051178,0.4989898309450954,0.49089275861663895,0.5,12,553,4
0.4385369452046198,0.5683656320515436,0.4280688949990458,0.4835849118258072,0.5,12,553,5
0.7280131210506313,0.6305454455242553,0.5218404458190169,0.6547139318501163,0.7000000000000001,12,554,1
0.7380807993254652,0.6195058015326955,0.5400619763544845,0.6539913552115644,0.7000000000000001,12,554,2
0.6880096248748183,0.6342297358646865,0.5314310795040299,0.6667581678815127,0.7000000000000001,12,554,3
0.7109941187389572,0.6604399307316323,0.5649956587286269,0.6899004499045988,0.7000000000000001,12,554,4
0.8502588351669574,0.5585198213945759,0.5033125224487185,0.6593208263016976,0.7000000000000001,12,554,5
1.884348041354703,1.0315687261285,0.7484131863217311,0.7953622625664672,0.9,12,555,1
1.824657870515455,1.3208834404073286,0.8408330082658371,0.8408633063485937,0.9,12,555,2
1.889549680513056,0.9031006704924434,0.6611570096598367,0.8037849622368147,0.9,12,555,3
1.6512837914043033,0.9516475726016,0.7199041786221171,0.8372245899850747,0.9,12,555,4
2.4020831281723725,1.4296557840816393,0.8521078431877136,0.8412134567069453,0.9,12,555,5
13.708927196054928,5.926262102502949,3.193402840709862,1.1975035459733927,1.1,12,556,1
7.7282143325285775,3.2263323970646227,6.865778302272825,1.818351025972836,1.1,12,556,2
4.443209239209012,2.50433065465791,1.6196953598372907,1.0569287661524411,1.1,12,556,3
3.972907334568665,2.101099807703406,1.0798918840626155,0.943262138240062,1.1,12,556,4
4.950038399220714,2.6777176417770403,2.1349212932881656,1.1415329001649617,1.1,12,556,5
24.88866433218567,10.10023132805929,5.523942295399435,1.474821019586388,1.3000000000000005,12,557,1
18.582418013169946,6.494993655383863,5.997123037316161,1.2490002742433155,1.3000000000000005,12,557,2
15.191119728402922,5.33783102067657,4.988890277891845,1.0576469130547277,1.3000000000000005,12,557,3
20.683765666070673,10.82674476305222,7.304349297185324,2.067858692102082,1.3000000000000005,12,557,4
23.14052900745752,11.179275065805284,7.791995014897259,2.0044499081641995,1.3000000000000005,12,557,5
14.019932931461076,6.710607324342547,3.2867787870732483,1.0902328227585476,1.5000000000000002,12,558,1
16.500736453742302,7.09780128913455,2.3775227001190884,1.0687679633772156,1.5000000000000002,12,558,2
16.816508151396903,8.239035841385249,3.841394731071052,1.2546475560878156,1.5000000000000002,12,558,3
11.8301155738915,4.533307428697469,4.371745674644218,0.998470995437161,1.5000000000000002,12,558,4
13.806253917362795,5.822557422486467,2.435055543012468,0.8956771119026514,1.5000000000000002,12,558,5
10.721575921202223,5.278287607387172,4.388993760979858,2.429938673437513,1.7000000000000002,12,559,1
13.710923158097762,5.017569252051404,4.854722508417537,0.8962638637942962,1.7000000000000002,12,559,2
14.6022557552958,5.8738261490712125,4.367894755530907,0.9902221890135232,1.7000000000000002,12,559,3
11.29246147510093,4.513652600656221,3.5026983475289346,0.9852426368102352,1.7000000000000002,12,559,4
11.934399464540904,6.7844542752421075,4.904404917832242,2.402541967011703,1.7000000000000002,12,559,5
8.377901965397779,2.598645769914326,2.9520065335994747,0.8699265288459227,1.9,12,560,1
11.582508711330313,5.325844484356487,3.0836858786198467,1.1100418221195818,1.9,12,560,2
10.478040894810254,3.611409175896624,3.6582625557330535,0.7275627729610321,1.9,12,560,3
13.416353846417795,4.308859208474693,4.305122992593399,0.6849431775567519,1.9,12,560,4
10.763633864092697,5.354721373857184,3.1153287127992595,1.0716202806404234,1.9,12,560,5
9.648119399438746,3.11206917712393,3.2503939681549836,0.9067054939060526,2.1,12,561,1
9.565015339646964,3.2830408147790244,3.413016245689457,1.181896778400816,2.1,12,561,2
9.3019632155708,3.0508620698834057,3.170603812495218,1.0558822153394245,2.1,12,561,3
9.744324289982078,3.752939584310573,3.848291830941512,0.9019868109350244,2.1,12,561,4
9.552681428026874,3.929334576325979,3.810322980003283,0.935831640989379,2.1,12,561,5
4.395336902256254,0.0336458607874512,0.7297024405768626,3.3101003430971403,2.3000000000000003,12,562,1
3.9080664613232545,1.5837479147851057,2.377044619572812,1.5849172079946758,2.3000000000000003,12,562,2
6.03975450921852,1.3511976377836967,2.0375775867108525,1.7842287479078274,2.3000000000000003,12,562,3
8.064595717984405,2.0984822607440825,2.457290023767501,1.353528272924695,2.3000000000000003,12,562,4
4.513845338146994,1.8174402700686427,1.2659511574790234,1.7213983912990698,2.3000000000000003,12,562,5
7.80255785435093,1.551499582833576,2.2579675645298507,2.0576844158046543,2.5000000000000004,12,563,1
7.342913870674314,1.5588590849775528,2.0636127945900835,1.8027731929954007,2.5000000000000004,12,563,2
5.247070976538148,1.068278828094372,1.9449074798383528,2.115650556770039,2.5000000000000004,12,563,3
7.023679278939782,1.6833998326796895,2.209131271573885,1.726384851158696,2.5000000000000004,12,563,4
8.491306914389652,4.174087624708592,2.4935054476590475,2.579616600014153,2.5000000000000004,12,563,5
7.914589202219547,2.5222873486089643,2.355176603036651,2.2918892237412747,2.7,12,564,1
8.591827045756094,2.294728811066999,3.036110606578018,1.9042224820530749,2.7,12,564,2
9.021216173021976,4.016269320133119,2.3359796128052235,2.3537397953097474,2.7,12,564,3
3.3026885689665324,0.7999636755184312,2.5873777212910394,7.605410771709224,2.7,12,564,4
8.145459418650821,1.713658336719026,1.0032568814364342,0.7236852026532982,2.7,12,564,5
8.567087543194676,1.6493388063147911,2.274701154767086,2.342382584444178,2.9000000000000004,12,565,1
8.135727279192832,1.2639651267483345,0.990249646275173,1.601069051492464,2.9000000000000004,12,565,2
8.010331369536159,3.7527820963787017,2.688760980223857,3.3284617125541933,2.9000000000000004,12,565,3
5.668665708294266,3.482624588022133,2.876827242852858,3.065732265992283,2.9000000000000004,12,565,4
6.440642122773276,3.029703234989528,2.7143316106078412,2.7177135217962483,2.9000000000000004,12,565,5
8.174259225795314,1.3931851861927085,2.5118298180346685,2.92001097582281,3.1,12,566,1
1.110474899228655,1.6730136628650416,3.260962568835844,23.295483161461792,3.1,12,566,2
5.834494918234865,1.8719255733311688,0.6942830177382566,1.4354948110565204,3.1,12,566,3
7.372663688054203,2.083160697433938,2.7204413494321824,2.69708359729387,3.1,12,566,4
5.597562780223155,1.2471508306520565,2.227010596387043,3.0452339714776455,3.1,12,566,5
7.24402619707385,1.987597524114425,2.5483590735197237,3.4692225498823737,3.3000000000000003,12,567,1
2.8843345828322424,1.3223020208898313,2.142273533637563,14.634569831106068,3.3000000000000003,12,567,2
6.583083064976516,0.2766325176044752,1.3674338483813615,6.3417592191341825,3.3000000000000003,12,567,3
7.232161650800655,2.007729635733018,2.1332163798035526,2.0478054712038563,3.3000000000000003,12,567,4
5.588074484493287,0.04911762823841846,0.982832045989266,3.4059198238745605,3.3000000000000003,12,567,5
7.455174634135367,3.7178442904681615,3.3164091502560447,3.739097667477679,3.5000000000000004,12,568,1
3.7073922137439856,1.946303008102776,4.204202554692942,5.068299027335108,3.5000000000000004,12,568,2
2.445469503944014,1.8318984785889831,3.979441815184021,3.989659233249957,3.5000000000000004,12,568,3
7.040540135705949,2.1090476251012813,2.512646026894117,2.929932924282146,3.5000000000000004,12,568,4
3.951031144820596,0.4182225227242932,2.373453303864575,3.5289006250933057,3.5000000000000004,12,568,5
6.489051458022879,0.6001592608271491,1.681050052636337,8.034371999658033,3.7,12,569,1
3.3049718031245328,1.7181876665756894,3.7843511399962058,33.144368004566154,3.7,12,569,2
6.018331937320405,0.4064635088379095,2.359844232921015,4.5372358712788,3.7,12,569,3
3.928819515063594,0.540105372316815,2.5975016450532715,6.467736326978954,3.7,12,569,4
6.145444088151824,3.188792797090109,3.614273328325152,4.126366418460428,3.7,12,569,5
5.414960016437155,2.4411683063764005,3.89888546136574,4.40387400097119,3.9,12,570,1
6.036288918258059,0.3147037894461486,1.0372982324125826,2.4373395323342826,3.9,12,570,2
4.634045784575738,0.8792990045105126,1.168849763952848,0.4909166264277555,3.9,12,570,3
2.0827366882887395,1.1607513974004315,3.1129800164072146,2.6321700833270567,3.9,12,570,4
5.994545393323038,1.1920129538070916,1.8600742447174463,2.309672934553341,3.9,12,570,5
5.902499027977479,0.07917290623182058,2.492785860950138,5.6270549841922195,4.1,12,571,1
3.299835861172111,0.06430352580931302,1.582662308858776,3.526889882085943,4.1,12,571,2
3.5742946659809443,1.2346227462425934,3.02610644366898,11.54427736648228,4.1,12,571,3
6.204220685356164,2.9818650245027656,4.121856736405107,4.662865787733371,4.1,12,571,4
3.811182558259756,0.8953252392982187,1.4481779149802765,1.1537959814058287,4.1,12,571,5
5.55309983770715,1.4542696721088542,3.5819886522506086,20.87575780695461,4.3,12,572,1
3.651106235098648,2.0005778919613446,4.001039684762949,4.536216825517021,4.3,12,572,2
0.7993961171027776,2.2181694353794876,4.402772063268676,7.143043412104745,4.3,12,572,3
3.824236268217186,1.3357708261144712,2.697997636754953,17.94819412154694,4.3,12,572,4
1.3498192253921235,2.1897244970724263,2.9202956118284886,5.134012195780278,4.3,12,572,5
1.6777369629687684,1.985294816251902,4.919725039082247,4.4618870452520785,4.5,12,573,1
7.0669101927307105,0.06709044761285936,1.0210980408527952,4.29816251375266,4.5,12,573,2
6.144141557091373,0.3201339824121906,1.9249861240759625,5.377642305447369,4.5,12,573,3
6.4483002892298,1.2690814413362463,3.4236497749873123,4.842088108682291,4.5,12,573,4
4.475645214982507,0.41081449204289583,2.7810854237139604,6.794637539932724,4.5,12,573,5
0.6946848483787252,2.2580076021191378,4.108477380506974,2.854260542990005,4.7,12,574,1
3.142026038816096,0.27839894929056996,1.895146883874048,2.0798801103812403,4.7,12,574,2
4.430867708000726,0.24399687628107533,2.2608041358613686,0.915656099078615,4.7,12,574,3
2.995852596359335,1.341406105048928,2.219530635646598,16.418024488733316,4.7,12,574,4
3.780649355046282,0.866818526769296,1.9875380470372088,8.119142574815736,4.7,12,574,5
0.7726484411723928,2.032967081179846,3.996560376194191,5.293638798539453,4.9,12,575,1
5.449347091557596,0.4694662923422208,1.4957374869342757,5.751581601735511,4.9,12,575,2
7.0109655577967125,0.7335605109957659,1.2543636394870246,0.504705357234304,4.9,12,575,3
4.490658207749454,0.7590151102029841,3.811854428802525,4.469848941570815,4.9,12,575,4
0.33096707291572924,2.1730734953258413,3.4856215665333914,7.721587104377308,4.9,12,575,5
0.20947003178445744,2.2367431496257155,5.09334713246869,5.976220655780001,5.1,12,576,1
6.677266099180717,0.19792106149157465,2.728280989140792,6.883514056898328,5.1,12,576,2
7.1123341570542795,0.39953949033170794,1.9550908102518572,7.584589845861206,5.1,12,576,3
4.237999459193522,2.254942992877104,5.063359808106222,6.204029466619654,5.1,12,576,4
3.5547519669641088,2.0571614489193992,4.123528516685788,6.15414451935009,5.1,12,576,5
6.100646830319147,2.7575894938375787,4.887833992392034,5.98051445296149,5.3,12,577,1
4.774784674660063,0.45024332944262296,3.2477416556680865,7.56522042187161,5.3,12,577,2
3.344613656221093,1.650998066429043,5.240938054271172,6.27667305396057,5.3,12,577,3
1.9535186936586704,2.301282408152282,4.592470832409499,2.1984815755294034,5.3,12,577,4
5.046754609410311,2.187495335237105,5.321298954476771,5.160833151213451,5.3,12,577,5
5.056719872894598,0.2983813539096246,3.6144957492722742,5.045625671361988,5.5,12,578,1
3.2959722597342247,2.5020689151378335,5.069771725298073,4.969098782969139,5.5,12,578,2
1.71075301979587,1.383860830501083,3.460605673012084,3.192200940237611,5.5,12,578,3
2.208418198525727,2.0359340937475303,4.085714820072232,4.541181659894827,5.5,12,578,4
6.014783594814331,1.0668534803526326,3.979968259232203,5.450206363824871,5.5,12,578,5
5.2751715342015375,0.7387459021175051,2.3286214882792633,6.880252316831286,5.7,12,579,1
2.8912777733775137,2.0030879607730205,4.007645485465818,5.724174032950307,5.7,12,579,2
2.242676906204374,2.1983884470541724,5.691307547388245,6.157391188538956,5.7,12,579,3
3.929824294758842,1.8942138224128515,5.833440489164184,7.17564809715897,5.7,12,579,4
4.1549815278531685,2.2509738751058106,5.551325256888642,6.867407136556395,5.7,12,579,5
5.2547482414457525,1.08622486119887,3.9455138460813872,13.23815587029841,5.9,12,580,1
4.220832092911959,1.9993815145276796,4.020730096460688,6.080704914647782,5.9,12,580,2
3.924573193188549,0.1602901633067036,2.115424085213162,0.6698304443587497,5.9,12,580,3
4.391398932501592,1.0544587048231826,2.0563948403988768,11.070064607766524,5.9,12,580,4
0.3183833140620539,2.2708709804493927,4.451483311058174,5.309336027207975,5.9,12,580,5
1.3839217085207267,1.9798634448238328,4.809011986434396,5.157821957327984,6.1,12,581,1
4.155901286210858,0.2459823014825822,2.15184189168988,3.193583616408646,6.1,12,581,2
0.9502883501799324,2.0484417278187297,4.429643333831413,6.029444799863934,6.1,12,581,3
0.3582479610519329,2.2679288102304973,4.551112747245245,4.610413267638069,6.1,12,581,4
2.070029963169644,2.0798628127714767,5.947363381739399,10.445061006509324,6.1,12,581,5
2.923004574970544,2.0014779725852914,4.0052741490443395,6.243871589886548,6.3,12,582,1
1.1536518573353085,2.325187739340275,4.542851184302857,1.3254673935899326,6.3,12,582,2
0.4452652926592347,2.226109111479102,4.469179289747474,4.85076666932002,6.3,12,582,3
4.084046328500845,1.6484511245649611,5.7202366524354025,6.977085591919422,6.3,12,582,4
6.993245637024847,1.2078867287175208,2.569513937978802,16.110854666734625,6.3,12,582,5
4.898263145363883,1.2413028870525271,2.6713659097996243,15.631207277990796,6.5,12,583,1
2.734702273308711,2.1665983387094103,6.363336825396498,5.816270964093512,6.5,12,583,2
6.203879984136079,1.3068294701158625,3.4201863953277076,14.964881504683124,6.5,12,583,3
3.9692274788904656,1.3865578390476117,3.149727340256444,18.11958730336631,6.5,12,583,4
0.6102858055574166,2.199518731005435,5.305109840333821,6.992782288148103,6.5,12,583,5
4.167914195569474,1.437018505036038,3.361996780211721,18.166019094189007,6.7,12,584,1
3.2735618054904205,1.440261587370557,3.4233100787679223,15.96725175735156,6.7,12,584,2
2.6246648028634807,2.4806950376152805,5.1306798720275895,2.9962938438757507,6.7,12,584,3
1.21468926703542,2.3032401035610386,4.656637445594471,1.2938185205193642,6.7,12,584,4
3.0201752400136708,1.7726734506049722,3.9544758780234592,13.79478922061422,6.7,12,584,5
4.0958353858897825,1.470978342204189,3.502252853890958,16.50405097379947,6.9,12,585,1
2.6122664861514724,2.152813979670878,6.708473995679476,7.218794407083697,6.9,12,585,2
1.104255379624985,1.9634245210491656,4.145244443422738,10.339560582913894,6.9,12,585,3
4.3411411773368815,1.882720525146263,6.654054139114278,8.46017312100636,6.9,12,585,4
3.875156355387113,1.515919805861448,7.018283357153831,8.86727176421519,6.9,12,585,5
1.17582923421302,2.312947180089706,4.719839738876738,1.5075965156817677,7.1,12,586,1
3.042921086292498,2.057624058922773,4.116673983214852,7.0372175513362265,7.1,12,586,2
4.890595957880079,0.2157257099921421,2.3588365200834356,0.6383267624016217,7.1,12,586,3
4.1056026813119315,2.286570850821459,7.181045484334122,6.543552000364742,7.1,12,586,4
3.3410728048328786,2.3602815322041204,5.212572163772331,4.436286828043778,7.1,12,586,5
3.349872984936494,1.659610112495116,3.677990398179056,22.75420430243259,7.3,12,587,1
3.70655538962324,2.534090681417181,6.047090545927133,3.3648119631906344,7.3,12,587,2
2.0001003124938608,2.3326058548853754,5.659759579993371,1.625165088287024,7.3,12,587,3
2.1824135381765375,2.417972807856896,5.114311534629092,2.114271886847969,7.3,12,587,4
0.17699191764494096,2.219071967166627,4.143917893283576,5.080008167297978,7.3,12,587,5
0.09075321701895754,2.188332974467214,4.185866036394158,10.000662511664244,7.5,12,588,1
3.7744838080784135,1.9274203200793167,7.708279315184319,9.724929693134696,7.5,12,588,2
5.123344509925864,2.3933256568687797,7.40708008643293,9.674589357076002,7.5,12,588,3
3.058792867945708,2.5830432688878258,5.143572831311001,3.3422108460151403,7.5,12,588,4
2.5850807720001945,2.0464993319479836,4.1412327955924315,7.634104298764703,7.5,12,588,5
5.0375284725738965,0.5950063270692562,2.705176719503114,4.381719143760935,7.7,12,589,1
3.5022129439397536,2.5112788234013528,5.685499489561135,3.068918869353766,7.7,12,589,2
0.30264628476538935,2.3386723746113076,4.612810801042869,4.253778186636088,7.7,12,589,3
3.833377342023822,2.0003353519930926,4.002003608000254,7.563186175461014,7.7,12,589,4
0.3693275711709742,2.260427925563175,5.240075520260318,5.1563678171520335,7.7,12,589,5
5.249473050832845,1.4825081944788998,3.4999288376109403,17.579365841917067,7.9,12,590,1
4.262113916526981,2.544888053282594,5.739982330410428,4.409024456747921,7.9,12,590,2
4.5529057049207635,2.2770946227970574,7.392200396023187,9.535610187717504,7.9,12,590,3
2.102592501949546,2.503080955403002,5.047175605098496,2.0566596075528336,7.9,12,590,4
4.485742128704185,2.5443525300496423,6.075854022876674,4.319571180035987,7.9,12,590,5
2.953474335674807,1.730092388446806,3.7736470118365646,26.050462093251816,8.1,12,591,1
5.88413289984722,0.5625577941221358,2.5105933873471837,7.297482561792009,8.1,12,591,2
2.475741844599822,2.000984393165675,4.095230983864688,9.305212109722312,8.1,12,591,3
1.245263583426057,2.339565872424654,5.121333438609563,1.4733014990900724,8.1,12,591,4
3.1499748656871476,1.435571764421925,3.497474365823607,14.511833283807778,8.1,12,591,5
2.054955653308615,2.491388372537598,4.97639487423568,2.166024328656362,8.3,12,592,1
1.6875879416613395,2.321893900374368,4.600935420147659,2.557746616093673,8.3,12,592,2
0.05646270396501036,2.230621997414903,4.160075040827905,5.870070647545472,8.3,12,592,3
0.34265866680747054,2.187093422112424,6.353226257636846,15.585627218843896,8.3,12,592,4
2.0745320223330617,2.4364021743213633,5.347437567155115,3.417403187931491,8.3,12,592,5
4.075169175311488,2.321858864183299,7.110937762619393,6.943792084856145,8.5,12,593,1
6.174407643856988,1.419337108326324,3.3886616885053344,19.414848300523776,8.5,12,593,2
3.7368331572051674,2.002886040652693,4.0043768409864695,8.631985435263903,8.5,12,593,3
0.12040278214094648,2.224794789600336,5.313292552592562,10.25730626989428,8.5,12,593,4
4.7075394873008225,0.2440063937125275,2.265038441864494,1.4807787890608373,8.5,12,593,5
3.456512026155858,2.3726671772848187,6.342003739935724,3.3135658605801934,8.7,12,594,1
3.4626713887822507,2.0257746030428976,4.329051161265375,6.493164081306125,8.7,12,594,2
4.318681333667301,1.3461602176468916,3.3049948769326893,13.462301616977465,8.7,12,594,3
1.8349213192361875,2.208283534295622,8.685933758518793,9.898117950904252,8.7,12,594,4
3.8966702520799807,0.384629934217795,3.912803715216948,6.266270540592341,8.7,12,594,5
0.0547482377023764,2.204719475404696,4.113027907220155,8.439183577513043,8.9,12,595,1
1.783329978966104,2.335650098899267,5.740377080934703,3.5276001254209244,8.9,12,595,2
1.923537210394048,3.549178840325107,9.270283306070285,3.0639437362458533,8.9,12,595,3
4.398415624009102,0.5966456040204312,2.936833548151211,4.497450801064651,8.9,12,595,4
3.0943151002459772,2.006841464543753,4.02344232409961,8.536743711946693,8.9,12,595,5
4.586574210337727,2.3310705930106197,8.694102769414771,11.705986254850838,9.1,12,596,1
4.4075629275753165,2.673086385630247,6.517593980111247,3.8472962369938104,9.1,12,596,2
3.084544683591241,2.0194726852581395,4.035756330491708,8.260598041468452,9.1,12,596,3
3.788060660034291,2.0016757668837446,4.0036987677507625,8.75516916225524,9.1,12,596,4
1.229853411730023,2.401384985381027,5.105143826886415,0.9554692246302264,9.1,12,596,5
1.6260612462597352,2.507000141889214,4.6169173575873055,2.3108018101180035,9.3,12,597,1
3.93360817338789,3.101358366513035,6.327763435687091,3.4307007782298116,9.3,12,597,2
4.170348957740145,1.9978730122755763,3.999627246700839,9.177355602514206,9.3,12,597,3
4.277608131314054,0.175296634469551,2.4460893534070456,3.997366082037121,9.3,12,597,4
3.612207354027684,2.000855826784702,4.014576136568806,8.505428998875761,9.3,12,597,5
2.3835647856019357,2.3415844968402246,6.109017361912004,1.9411398604871335,9.5,12,598,1
8.798372970543753,0.47344933557078583,5.578843795204175,6.4350062506871994,9.5,12,598,2
2.2082881331253503,1.3143440273140747,7.1259480513781615,8.361589885088476,9.5,12,598,3
3.736954657028429,0.1937213542115557,2.2872204152068982,0.6626392374511134,9.5,12,598,4
1.4916394743179384,2.358197291811403,4.496718816106809,2.67404760090419,9.5,12,598,5
2.058261126556689,2.4423302195545076,5.658338042371935,2.004029948991352,9.7,12,599,1
1.0469396511787177,2.3621520589862466,5.604328023301612,1.8646129941777227,9.7,12,599,2
2.8963829999394863,1.1434372462990523,3.169253265006307,6.740456807637287,9.7,12,599,3
6.805884760255398,3.1304242998615375,5.959436971930715,4.76981135734605,9.7,12,599,4
4.474990699725768,0.6368124027802374,3.1073672437330164,3.444117478896766,9.7,12,599,5
2.4830230472341546,2.4370013174050538,5.259314047791752,3.021671783725035,9.9,12,600,1
4.700138911462006,0.31976208549339064,2.7334346364526163,5.376369929184355,9.9,12,600,2
2.739282721469283,2.2199786159223853,5.550465600484263,4.111166003578689,9.9,12,600,3
0.43531136523507585,2.2608067560068843,5.156153103156315,5.223313690826204,9.9,12,600,4
4.080529130004065,2.0003236592628855,4.003703811386907,9.88578148741569,9.9,12,600,5
0.19756780092342344,0.10023927310190396,0.09783664688368336,0.1004847379559584,0.1,13,601,1
0.23780497364822817,0.1020137778178608,0.09859794980534836,0.09866334618113376,0.1,13,601,2
0.2204283124704283,0.10213941218593868,0.10244542926592226,0.10035365754097032,0.1,13,601,3
0.21541963758082408,0.10541041651902146,0.09990036208523576,0.1004667669293832,0.1,13,601,4
0.21138553986363331,0.10296478772613948,0.09877563283073894,0.09891815590680612,0.1,13,601,5
0.822702435076797,0.7874350307986561,0.2964201392648104,0.2967886481297454,0.30000000000000004,13,602,1
0.8388550229338239,0.6482657133855324,0.2927701823728136,0.29803901271753636,0.30000000000000004,13,602,2
0.847768955767177,0.6654738122478432,0.2962161966907016,0.2989743440796697,0.30000000000000004,13,602,3
1.080837723369462,0.90976475421187,0.3041362215935218,0.2987415942869574,0.30000000000000004,13,602,4
0.8021310166527494,0.6294268873045348,0.29967453552747764,0.30449861650738613,0.30000000000000004,13,602,5
0.4498053843888685,0.6503080832685563,0.44244427751662296,0.4869751605048432,0.5,13,603,1
0.4574500799909961,0.6758272581012291,0.48877984443459627,0.5001178702523484,0.5,13,603,2
0.4782796405578413,0.6873412734106314,0.4912328117155706,0.5053354877262729,0.5,13,603,3
0.4920761801924375,0.7376523492684766,0.504757657358244,0.5031976292573473,0.5,13,603,4
0.4524977803902937,0.6572191274950292,0.5032623408692914,0.5086400401610043,0.5,13,603,5
0.7619450039054154,0.6583319192028579,0.724966478262499,0.6961545103767474,0.7000000000000001,13,604,1
0.7511876878819594,0.7801800233282912,0.7176018514710326,0.6873354765808852,0.7000000000000001,13,604,2
0.6943740746048656,0.8439817963206001,0.69775752139924,0.6925934823404529,0.7000000000000001,13,604,3
0.7770592232924846,0.8015388250943033,0.6751977545253576,0.7708514499239543,0.7000000000000001,13,604,4
0.7753012640591832,0.7072328190499269,0.5926331521806628,0.6558952182065408,0.7000000000000001,13,604,5
1.9977068954591,1.3311722953623946,0.911805789877598,0.8673012924477127,0.9,13,605,1
2.155964162497002,1.397041091107551,0.9038449088720468,0.870188218888017,0.9,13,605,2
1.6331648810289106,1.2301795922857357,0.940175403288941,0.8688989243424127,0.9,13,605,3
1.7483015026090007,1.3001722983988,0.8565317806836107,0.8995271679866796,0.9,13,605,4
1.635595160214878,1.1446970980470452,0.9434798071272676,0.8962858850913792,0.9,13,605,5
3.3706804374051424,1.9386617044105088,1.057440311090004,1.042234866021235,1.1,13,606,1
5.793826629399876,2.0767603070213174,9.982464497486808,1.856701065477741,1.1,13,606,2
6.2192191618833865,2.385084309352973,9.552362688242637,1.8800645914445515,1.1,13,606,3
8.15148956455172,3.268357109014653,12.99077565488325,2.5807496192762422,1.1,13,606,4
3.727547965837705,2.1593894770535424,1.1263187819653413,1.0306304663297678,1.1,13,606,5
20.00975729969968,10.714644658611084,7.216544294735048,2.0937198337948506,1.3000000000000005,13,607,1
12.14550441233954,5.999959265144233,4.822856919180742,2.1860627849800207,1.3000000000000005,13,607,2
15.832355042512887,12.238566004387105,7.0176310305529235,5.546290929571994,1.3000000000000005,13,607,3
13.16920436209348,6.131766469855968,5.474653528775216,2.046715911397553,1.3000000000000005,13,607,4
18.81248838735692,11.19453784718906,2.723605272220022,1.5565720949150177,1.3000000000000005,13,607,5
14.230989626195235,7.2220797821674845,2.2969610009985693,1.2234752647442382,1.5000000000000002,13,608,1
21.738543267432185,11.358401923600528,1.5647806880657842,1.3800605420298009,1.5000000000000002,13,608,2
12.159974911535723,6.2821974989511125,4.868612228923705,2.28856407659063,1.5000000000000002,13,608,3
16.299445422301872,11.261282838951004,1.3658619025791812,4.939481035641138,1.5000000000000002,13,608,4
17.161431988148088,8.865111302730744,1.5194167761337956,1.4097452328741205,1.5000000000000002,13,608,5
9.307217688587077,4.413840250898505,3.893278456602394,1.0300912090816006,1.7000000000000002,13,609,1
5.809018757146302,3.6345363814306064,1.649465607777428,2.719731535456487,1.7000000000000002,13,609,2
12.666033399848216,6.3919065867627936,2.860009019488152,1.160749226718867,1.7000000000000002,13,609,3
9.7283203216502,6.472646550246663,1.645111556662784,4.154600912927196,1.7000000000000002,13,609,4
8.905162174778887,4.415047522220179,2.92985344644762,1.0613926950042067,1.7000000000000002,13,609,5
9.423981587619458,5.132913345147544,3.023500430082277,1.1883287967909577,1.9,13,610,1
11.603924885601362,7.514095449132615,1.7358352432428217,4.462467552685435,1.9,13,610,2
10.462721112285248,4.936561481550832,4.307708350737027,2.598485132323834,1.9,13,610,3
12.178322973869848,6.772432289141324,1.944281980355629,1.7216383595152178,1.9,13,610,4
10.180616872632454,4.672025021416782,4.450552031928756,2.480480423845249,1.9,13,610,5
10.056929095976235,5.268443634768479,2.1127933195565096,2.0127434785679363,2.1,13,611,1
5.051934981235303,2.6009999319937367,2.155643153620744,2.145841379507373,2.1,13,611,2
8.45604507905171,3.8439140460466463,3.035931114017548,1.4893215656014491,2.1,13,611,3
5.46365088019409,2.435371727674457,1.7745032551311848,1.6712245301810529,2.1,13,611,4
11.369033603810202,5.5683690670538954,4.547276803148268,2.6247553213776875,2.1,13,611,5
9.435032140418745,4.669015780225794,2.247667534773725,2.3452779819569174,2.3000000000000003,13,612,1
10.947188730973872,4.986553143661301,3.322768349700662,2.524746888818262,2.3000000000000003,13,612,2
1.6406963305016036,0.7159625299245975,1.3870999264693813,1.687381442676022,2.3000000000000003,13,612,3
7.642145490846606,4.05101680112223,2.286281828804948,2.285476222512772,2.3000000000000003,13,612,4
7.958352965413218,4.7570521534868035,2.3524419653797444,2.313198746077854,2.3000000000000003,13,612,5
6.464166072899496,2.565060901500718,3.275088071488008,1.3398696484727568,2.5000000000000004,13,613,1
5.886136458138267,3.2937775946511567,2.508465039559402,2.636796501249638,2.5000000000000004,13,613,2
6.573156471542923,3.0313142988270707,2.5354300002027794,2.613876756080619,2.5000000000000004,13,613,3
4.409562449258019,2.4641878360142404,2.4368169964609323,2.4822061463541387,2.5000000000000004,13,613,4
7.099593957031289,4.145641037663202,2.5011216732797603,2.3967368700502822,2.5000000000000004,13,613,5
3.898962724807163,2.375779996474985,1.8902079068574535,2.8063502160670217,2.7,13,614,1
6.938087520663083,3.2505424434488654,2.754286410964988,2.853641180925768,2.7,13,614,2
3.677563195649049,2.1242275165776765,2.63531639050114,2.607371705836704,2.7,13,614,3
3.898436271074693,1.759918665832872,2.6442791444773035,3.0285338609091115,2.7,13,614,4
4.6902638700544435,2.829153949574697,2.66343523711742,2.7865548114464342,2.7,13,614,5
9.09200662254832,3.344161156042903,3.1779312389919827,2.2904307976113176,2.9000000000000004,13,615,1
6.063014689687079,3.036270787073481,3.285512667957941,2.1266997266476184,2.9000000000000004,13,615,2
4.0079803459903225,4.291032275348026,1.6079673422692249,3.515515488527857,2.9000000000000004,13,615,3
6.038225796881924,2.9464849086283316,2.6074949936370766,2.7603629960056932,2.9000000000000004,13,615,4
4.694111533303054,2.3790833714898536,2.2383939087937463,2.0646583935500256,2.9000000000000004,13,615,5
4.1423231100934705,1.3434980133388477,0.6335220038867391,1.4619056593002588,3.1,13,616,1
6.4980027204053545,2.9441165300680003,3.093774127844315,3.2169179081705153,3.1,13,616,2
5.9187893004634144,3.012449251581427,3.0664734740411443,3.429857816402776,3.1,13,616,3
6.093279074098783,2.987915869917203,3.2876535238948525,2.926015343739768,3.1,13,616,4
3.3564111788577073,1.557063321446071,3.0008956827328213,3.2889063765842765,3.1,13,616,5
5.513725147510129,1.9349658227735071,2.986258371715154,2.9144699907361327,3.3000000000000003,13,617,1
3.2750969701265213,1.967833242196679,3.3428085999549233,3.7057936267699896,3.3000000000000003,13,617,2
4.191524110874783,1.3875181926755016,1.2341663628542217,1.147020552907995,3.3000000000000003,13,617,3
4.825250183803948,0.2504194308215057,1.750143023481453,4.058291206493056,3.3000000000000003,13,617,4
4.3380160503736365,2.468104732356691,3.2727480800687143,3.64969367548204,3.3000000000000003,13,617,5
5.014259813754059,1.3709432861366797,3.1734011451321864,3.4621073417514867,3.5000000000000004,13,618,1
4.286587421926979,1.4432959239084655,2.8945267368537206,3.0996729198469453,3.5000000000000004,13,618,2
4.408491068340499,2.3538752139839376,3.426851781935448,3.8917773510792224,3.5000000000000004,13,618,3
5.881219813243509,2.8545663882715724,3.1103786189149396,2.652639170195523,3.5000000000000004,13,618,4
4.363353265057657,2.0616087417562334,3.536071272161421,3.9692753062845534,3.5000000000000004,13,618,5
5.071529157725754,1.2124538273415524,2.921132852681309,3.7013360913685465,3.7,13,619,1
3.725568632547598,1.8899622912371037,1.0317159775789484,2.0560388687857003,3.7,13,619,2
6.7300403866922895,3.1646337410185814,3.6495506657454464,4.090198887265897,3.7,13,619,3
5.216800911671354,1.7773392468141893,3.1000215918342757,3.2181387612450663,3.7,13,619,4
5.865349218296912,2.8377183599316993,3.6775549475808944,4.161833379541638,3.7,13,619,5
7.248852767003374,3.787135614031887,3.874978013640256,4.334390099283669,3.9,13,620,1
5.072620478164356,2.2293731320279964,4.022509192927257,4.573594711487658,3.9,13,620,2
5.860468775913402,3.1408492005556945,3.7185683429238634,4.3111121513622574,3.9,13,620,3
5.190719341166878,2.117182410596217,0.93170988620873,2.2351027648282806,3.9,13,620,4
3.415764261307305,2.373143869630271,1.2195637055514057,2.335133041389076,3.9,13,620,5
3.8865459623990137,2.5778483403540258,1.3820914134856888,2.138442030599913,4.1,13,621,1
1.220435487022416,2.1020430081717025,4.74717158965079,5.640566527771798,4.1,13,621,2
4.324847126938674,1.1090122569983476,1.153976426420254,1.460393076939207,4.1,13,621,3
6.374540631484314,3.3704139427792303,4.108846266171209,4.7055443017715834,4.1,13,621,4
4.371591413549919,2.214039236323743,4.100135975864611,4.822543865641818,4.1,13,621,5
5.755626300917244,3.025362598423129,4.327396613981837,4.9179667857781055,4.3,13,622,1
3.280235287369462,0.1567456108374106,1.7169628204942535,0.8490798272329402,4.3,13,622,2
4.531988996565534,2.5123725535365025,1.329728615644484,2.1451616504651208,4.3,13,622,3
6.158553924804535,3.2022275129259308,4.273224901708966,4.931537465506782,4.3,13,622,4
4.410684994057183,1.7554360351649954,4.221255361056937,5.251411690510548,4.3,13,622,5
6.390527857605036,2.6116219889773715,3.888064929548678,4.044172452942765,4.5,13,623,1
5.609584122455036,3.046190694462242,4.547877673208339,5.138373761591566,4.5,13,623,2
5.473134326883527,2.6967524434483816,3.916066581816761,4.943417620065384,4.5,13,623,3
4.550102071772862,2.2453776336218714,4.629002953609327,5.155918785788962,4.5,13,623,4
7.261076735382613,3.6287045269967217,4.4220328128625175,5.109301541244641,4.5,13,623,5
4.192446837096805,2.0486011788426306,4.546514349022086,5.813901152060409,4.7,13,624,1
3.85405565756378,1.9110793203095628,1.7769879894072829,1.7410020473118135,4.7,13,624,2
10.549397871871204,3.73435536386753,2.297229680213432,2.13939746643172,4.7,13,624,3
5.282419226932918,0.9947039433751176,2.6744943196215463,5.499559131260911,4.7,13,624,4
3.8039552247292625,1.9614989664859157,4.463808870507194,5.631932975305487,4.7,13,624,5
4.903713535905406,2.3374879078430237,5.031195521055343,5.919141763313637,4.9,13,625,1
5.3012236659918415,2.7667240736470458,4.871675719565298,5.940558172249448,4.9,13,625,2
5.8498232923214,2.768353241661529,4.96546834591333,5.874656373141143,4.9,13,625,3
3.675298504166137,1.97178417586799,2.0201335358924934,2.3824196469937142,4.9,13,625,4
2.4341691845459934,1.2032136727173346,5.054308141328031,5.849379460856806,4.9,13,625,5
4.55620742657041,2.174362735931329,4.95647199938708,6.292220054491116,5.1,13,626,1
4.839904978201871,2.5429346887273474,5.06642891130657,5.769102371467397,5.1,13,626,2
6.068159706976366,3.0810143333045574,4.506775492392975,5.920746096737573,5.1,13,626,3
7.449047680984505,3.61112434873794,5.07817714847591,6.209160327149656,5.1,13,626,4
4.497724747793925,0.3652478086192806,2.03442266405466,2.736282246463545,5.1,13,626,5
3.3782498900155296,2.0750003323584334,4.241935621749718,5.445664371238632,5.3,13,627,1
5.625461891339766,3.0607529042342385,5.012192013095871,5.709870995019624,5.3,13,627,2
4.664462994917756,0.8151249763139814,4.056453790045862,5.264419354914162,5.3,13,627,3
4.468875669774559,1.1385434599382878,1.2876067781286578,0.5604630652371521,5.3,13,627,4
6.480302220819772,3.211375601534585,5.108634963978617,6.3708167276659236,5.3,13,627,5
4.817136506568194,2.5274851252932766,5.511409558404262,6.299097056119258,5.5,13,628,1
4.100281365679214,0.4113157299352745,1.4013590272239853,1.9449212191400904,5.5,13,628,2
2.464096236231395,1.2509117289163676,5.461739917077646,6.8684538953650565,5.5,13,628,3
4.500020958690532,2.7588362230963477,5.573993422596262,6.512312988226274,5.5,13,628,4
4.294946337081334,0.41676806505973985,3.8373637340916402,6.569858168910257,5.5,13,628,5
3.918977122192269,1.692735662916837,5.514835188778158,7.120381286544132,5.7,13,629,1
5.072138200454668,2.7082544480128607,5.631172408381244,6.978937906711579,5.7,13,629,2
2.9846038577312575,1.7344857324488547,5.479276514537461,6.959439068327538,5.7,13,629,3
4.798729946146608,0.9065794085782498,3.1083635154231746,6.5433372042140405,5.7,13,629,4
3.8715558711841536,0.12226699790877718,3.4196860174926593,7.21578206747986,5.7,13,629,5
3.1931077074862824,1.3395356658774562,5.254328431960978,6.938141945778137,5.9,13,630,1
6.278851186874822,2.6890620823477684,5.966786811863347,7.312839683463249,5.9,13,630,2
2.396019327920351,1.2348827716110329,5.919571732911981,7.634184964067333,5.9,13,630,3
5.511005259526128,2.478268502984017,5.78215941931879,7.218991921728165,5.9,13,630,4
3.2452226247056535,2.37211513909369,5.813716827302602,6.501240576497133,5.9,13,630,5
5.845463122341793,3.1369396815709294,6.1249258168732466,7.103724520573466,6.1,13,631,1
4.465329159814405,0.10878364459387892,2.286038415617605,1.1638299211045848,6.1,13,631,2
4.378590026621689,0.45956442501448136,4.2087770925682655,6.30295243541195,6.1,13,631,3
3.65429086479596,1.844709014123535,6.046948275060927,7.399217445599146,6.1,13,631,4
4.826070577736514,2.554323708740658,5.845445918832796,7.189055846427304,6.1,13,631,5
5.090180087657034,2.472687152111072,6.133521252280591,7.39840148838696,6.3,13,632,1
5.540706379392123,3.100213504662833,6.566841321966513,7.709563103674454,6.3,13,632,2
5.644508161822892,2.8687757745765072,6.124666251911234,7.179437519737218,6.3,13,632,3
0.7144923580012562,0.55808834796281,2.32769310421907,2.1516786012238347,6.3,13,632,4
4.230607041660616,2.783366642486908,6.569609470231178,7.390619322703731,6.3,13,632,5
4.981557530824716,2.3229721625457005,6.381112802426308,8.2605240022234,6.5,13,633,1
3.5063852707990484,0.18079045848899525,2.577258079785562,3.7129856551365865,6.5,13,633,2
4.2191881335329215,1.644578280139776,6.4830829172887885,8.085128048623552,6.5,13,633,3
3.646617891938419,2.1647840492154984,5.533187046118909,6.533828508537654,6.5,13,633,4
3.6819752211808665,2.321316202088278,6.3526440367695,8.186275561604445,6.5,13,633,5
5.298099639137675,3.007571660223068,5.13240165587126,5.810850056696051,6.7,13,634,1
4.492159050921215,2.006010948177731,6.478746194929109,8.225316374760194,6.7,13,634,2
5.254013551873078,0.3354970628070161,2.3627645997741338,3.5510230357338486,6.7,13,634,3
5.642640103122384,2.733357347390209,6.647785634369939,8.274206227871339,6.7,13,634,4
5.669481889122715,0.11163509382019982,4.313807649144746,7.612140199522316,6.7,13,634,5
5.850506683150875,2.7505163537779596,6.923488332027474,8.614909318982058,6.9,13,635,1
5.758918841543511,0.6798647167754283,6.013813264591072,7.093020041980196,6.9,13,635,2
2.084634998618706,0.6305557677368006,6.703748548629948,8.458823510713149,6.9,13,635,3
3.986917352053516,2.3416119853488007,6.214130550303458,7.309065042026342,6.9,13,635,4
3.547882328317282,1.334622805641473,6.4018919658638245,9.09870729192282,6.9,13,635,5
3.680864071677163,1.911351739634116,6.802050567327659,8.537578619981831,7.1,13,636,1
3.809778303519112,2.4571291427628728,6.920775792124499,8.540230239847636,7.1,13,636,2
2.8710337053465413,0.16816183549901004,2.537550771225925,0.8745256918820767,7.1,13,636,3
3.7386553642841034,1.5297236742721134,1.0224736881213812,2.4128557909086865,7.1,13,636,4
2.223709039507601,2.1388681349186283,7.191125836737456,8.313394567052095,7.1,13,636,5
2.8516655647880476,1.4729002671204927,7.365343376873295,9.208049818391173,7.3,13,637,1
3.48406972166285,0.14209918695527568,2.2272403532151683,1.855703128109885,7.3,13,637,2
5.478167801043931,2.7359229774357554,7.226804861722925,8.977565162770448,7.3,13,637,3
4.02393488173771,1.8606446145848985,7.276694615553224,9.103792979093368,7.3,13,637,4
6.312308357959048,2.7479064869691663,7.191296305260091,9.05479569974676,7.3,13,637,5
3.2726118600873138,1.4981205174566017,3.122056613322159,4.311796815499341,7.5,13,638,1
2.716658013942001,1.6806857459473823,7.745543128061206,9.637921067638294,7.5,13,638,2
4.135576815256793,2.0515194120137386,7.5733948660786226,9.598435304584653,7.5,13,638,3
5.675994168673313,0.05317596565256523,5.019727374644811,9.206573112193215,7.5,13,638,4
4.180028317880211,1.5818647171416638,6.785549613298438,9.085278235718814,7.5,13,638,5
3.2669742646585074,0.602363758583645,3.2563050441922066,5.494320867182294,7.7,13,639,1
3.965922430497109,0.13929874513729634,3.9827326472331896,5.008887846469264,7.7,13,639,2
2.689736745643011,1.487399689743012,7.443792433546872,9.743002741097536,7.7,13,639,3
5.224233802185343,2.5958498030057204,5.910378361738775,5.755464695539782,7.7,13,639,4
3.764277382900244,2.00054850299111,7.319132477178508,9.636941650348843,7.7,13,639,5
3.1812388269541287,0.35139874370620666,2.2744989608094266,2.1094206740311465,7.9,13,640,1
4.980944508104562,2.3541131717089323,8.136566014769778,9.639559731080825,7.9,13,640,2
3.5804709908035663,1.8962556777122228,7.911813137103875,10.397710296729851,7.9,13,640,3
3.18586194160799,0.6586756773071779,2.4980484636375855,3.601111213769058,7.9,13,640,4
3.3648335445742563,1.7017244729015983,7.869692571017467,9.795895479636592,7.9,13,640,5
4.500794134791172,2.3720772839414193,7.85019972150799,9.9871761025001,8.1,13,641,1
2.934269807902683,2.0340869848305356,4.1113791926813565,7.358899633555246,8.1,13,641,2
4.568500922498384,2.3731486257064485,8.098995319156773,10.313078577996334,8.1,13,641,3
5.796185348316271,3.258788252919474,7.966241908489317,10.410586980524643,8.1,13,641,4
4.672837327618107,2.3640734306849085,8.200952713029215,10.24291650981697,8.1,13,641,5
3.661255573495825,1.7686662801179336,8.12505577237152,9.833214777537371,8.3,13,642,1
3.2412283209764743,1.361997118261601,7.896399207630561,10.668852080703513,8.3,13,642,2
6.625260914265095,2.8596191643415363,8.130846522170645,10.725244074781536,8.3,13,642,3
4.463007656716178,2.392524388259429,8.025232130541484,10.517598439190436,8.3,13,642,4
2.2248854009513375,1.3518209215878652,8.136107330076317,10.5836518265564,8.3,13,642,5
4.604100232818386,2.4518749545228653,8.51207069903317,10.71049601963323,8.5,13,643,1
3.979678428720854,2.353248088887796,8.310138327915475,10.494816983348276,8.5,13,643,2
3.221316287508142,1.8182355354672728,8.235726301050523,10.86237654692819,8.5,13,643,3
3.4266788411247666,2.009417028468664,4.01400294994423,7.779489002399434,8.5,13,643,4
3.155755118404138,1.3800994479123827,8.453835133520409,11.414682525844263,8.5,13,643,5
3.9409781850846937,2.0137333159997186,8.89926087277905,11.181375785227896,8.7,13,644,1
2.100525549611487,1.228628552658201,5.275798867490812,7.435952912919109,8.7,13,644,2
4.883111427240786,2.1793511667338907,8.54643253207347,11.053960348616014,8.7,13,644,3
1.5745214641650769,2.279893984173341,5.985706324475879,5.479667428854334,8.7,13,644,4
4.406842170598797,2.293035849451918,8.75203420303817,10.632929075755715,8.7,13,644,5
5.4185091515076955,2.8131202260794272,7.451896567445115,7.889617379325442,8.9,13,645,1
4.599449402456705,2.3843414755762224,8.523003977424928,11.28503783431743,8.9,13,645,2
2.2450830894738045,1.56633289952398,8.426532399999797,11.275402178065542,8.9,13,645,3
4.228727126741517,0.03902195161823308,6.835213746175162,9.395699588839785,8.9,13,645,4
4.136125750071888,2.756746837018426,8.710250315810796,11.157903750163252,8.9,13,645,5
2.366274289560616,1.4627296942970058,9.21739762433223,11.826484201842495,9.1,13,646,1
2.0467262251424563,1.4668988148430138,8.99404259289422,11.376719496026382,9.1,13,646,2
3.4747222496532237,1.3431074800288336,8.411061547498855,11.84962764576017,9.1,13,646,3
3.705607937188915,2.295433309083508,8.657596479161484,11.057624589446684,9.1,13,646,4
2.5240117747464965,2.213698946609936,4.743029997149563,7.802848502789123,9.1,13,646,5
4.657377938979257,1.4706010217673162,9.009206022548016,11.585530526731024,9.3,13,647,1
3.56501517932667,1.9378436783814743,9.716196495356831,11.714572112785,9.3,13,647,2
1.8837602146825216,1.3401140261747295,1.1345969034569725,1.8941363730373268,9.3,13,647,3
3.070373416700864,0.9567443129713344,9.740251995929134,12.933179169763475,9.3,13,647,4
3.3628678108080496,0.6983267785122511,5.680659109518614,10.305138882156609,9.3,13,647,5
4.084572526946161,0.5888403180090874,2.9086080797325153,2.0095267641224304,9.5,13,648,1
4.951322514053895,1.2273263913162065,3.84407964101339,5.05322856431071,9.5,13,648,2
4.776305636360977,0.4466119799271635,2.4272279574869833,1.9598989088774383,9.5,13,648,3
4.824055722946012,1.7251354444663802,4.916281266864774,6.354748509143144,9.5,13,648,4
2.843244851146613,1.9817971332610955,9.96317872570345,12.2284944696659,9.5,13,648,5
2.0906424131603245,2.004047957812017,4.030758613596685,7.247103836846487,9.7,13,649,1
4.604256939290262,2.5457506272107904,9.117559373172949,11.292201638212658,9.7,13,649,2
4.10038850830463,1.6426381704362811,9.952601181016313,12.748087979079711,9.7,13,649,3
4.191112409777273,2.410451292810811,10.132897326160911,11.95039080905835,9.7,13,649,4
4.685671278908124,1.87678630611784,8.291281736586662,11.142236547195315,9.7,13,649,5
4.337050374111371,0.224983485609888,2.6600222879548543,2.281053180817236,9.9,13,650,1
4.136956605291567,1.6763930307962722,9.317522213578352,12.10474221656468,9.9,13,650,2
3.3910600844857255,1.6721555548067444,10.151505281740858,12.508024939426416,9.9,13,650,3
5.324359345331305,0.7643983638452593,1.4099365289323345,0.7903882716053515,9.9,13,650,4
4.2360333184025345,2.4366499116786975,9.926775970462476,12.670357948608348,9.9,13,650,5
0.22913398944685945,0.1039859934949582,0.09971380167096128,0.0994517109897215,0.1,14,651,1
0.20297805789031745,0.10185026035277872,0.10096657726463136,0.10064460166492696,0.1,14,651,2
0.20565648898158584,0.09932195165330436,0.1004281226314292,0.09939112067710892,0.1,14,651,3
0.2368841161134843,0.10332598946614764,0.09907644005065734,0.10134437978762086,0.1,14,651,4
0.21147645239666304,0.1042935583443084,0.09945167202691732,0.1007958286442279,0.1,14,651,5
0.9422468237710352,0.7093426587523844,0.30206302378457894,0.3009592927698758,0.30000000000000004,14,652,1
0.8361475095911701,0.7529988815939367,0.29425228284240834,0.3042548396514611,0.30000000000000004,14,652,2
0.8428465049155746,0.7239282284834656,0.29933136760689955,0.3047705875463168,0.30000000000000004,14,652,3
0.8347434966185346,0.7024616383804261,0.30553692465287857,0.30284093756457225,0.30000000000000004,14,652,4
0.8856381377603488,0.735122753775732,0.30093326283098243,0.2985427016954258,0.30000000000000004,14,652,5
0.5667602896656848,0.8329596469205649,0.5111619052982467,0.5046661356630531,0.5,14,653,1
0.5308468028957904,0.771662185723502,0.4960958256376228,0.4991121773792001,0.5,14,653,2
0.528782246566692,0.7871033447505627,0.4946128878251109,0.5055860286142618,0.5,14,653,3
0.49519729738858614,0.7271389081624602,0.507299652770762,0.5006808080550571,0.5,14,653,4
0.5397722760443253,0.7796035035188749,0.5044097811039578,0.5025849551770852,0.5,14,653,5
0.7209975614560501,0.7279105042485743,0.6865347909567565,0.6894864571533103,0.7000000000000001,14,654,1
0.7215857050547017,0.819949076178618,0.7076652750006833,0.6935225520601113,0.7000000000000001,14,654,2
0.7063171193569145,0.7583401447417687,0.7020905395249857,0.6940049334642868,0.7000000000000001,14,654,3
0.8257946530866411,0.7006353179954529,0.7000048825519882,0.6759292511358477,0.7000000000000001,14,654,4
0.6315238354115275,0.7535092916536134,0.709831205826551,0.6873540680988444,0.7000000000000001,14,654,5
1.6118169893920864,1.1162226370557446,0.9083777387543616,0.851649502120973,0.9,14,655,1
1.601386389095809,1.1994790104686557,0.9161085441183816,0.877122884808154,0.9,14,655,2
1.7977539982734922,1.2694404121971945,0.8975865742874284,0.8702096972857846,0.9,14,655,3
1.7333404842533937,1.2284897292999548,0.9199052689886608,0.8865231254577822,0.9,14,655,4
3.912405748179707,2.6858922847747606,0.8886036602330029,0.8470143469989119,0.9,14,655,5
5.850280622201076,2.051913749104417,10.008262515291882,1.8586498965251703,1.1,14,656,1
5.535896938709738,3.1493998622027655,1.0923991157490884,1.0313379131974894,1.1,14,656,2
5.175517030384089,2.982692509069722,1.093201539088705,1.0390943642374628,1.1,14,656,3
4.020901939096635,2.194418688572233,1.110731251847996,1.0494648318438884,1.1,14,656,4
3.4559457423367306,2.114593813998205,1.1077685998261857,1.055230571165375,1.1,14,656,5
17.236769682565804,7.353369624433648,2.4251859650743386,1.3379058163763575,1.3000000000000005,14,657,1
19.570124925178465,10.415817715481808,1.294115013346591,1.2645868412354255,1.3000000000000005,14,657,2
7.029052488845566,9.391479510420574,1.1077301091353255,5.870351233961597,1.3000000000000005,14,657,3
13.440227215456009,9.167094954259126,5.943849385812879,5.161557139657219,1.3000000000000005,14,657,4
17.966149514285828,9.352238226077294,10.501331747554865,2.643237867529306,1.3000000000000005,14,657,5
21.242205603139674,9.80933294056425,1.5197965317372168,1.3635851034826572,1.5000000000000002,14,658,1
13.474012465607467,9.59359258604862,6.1454919929634375,5.23986538707259,1.5000000000000002,14,658,2
16.60323029159747,8.644252799197313,6.196147689754182,2.2382567459586347,1.5000000000000002,14,658,3
15.592764312286894,7.227258546675155,1.549436143096156,1.398508563290516,1.5000000000000002,14,658,4
12.021611787552017,6.729613995201328,1.518240724559771,1.4365999259784388,1.5000000000000002,14,658,5
12.413108437985583,5.686499207604812,4.830672173801221,2.367687624840749,1.7000000000000002,14,659,1
9.751013860015233,5.4633622980012415,1.7002533528641706,1.5814082314774869,1.7000000000000002,14,659,2
13.406358445467522,7.790420077386519,2.580774174620716,1.1654496751843315,1.7000000000000002,14,659,3
9.932929247514188,4.826079728641386,4.249032628138092,2.427499137161899,1.7000000000000002,14,659,4
13.001531765147588,6.79073951456263,5.168989969247152,2.3744598147867877,1.7000000000000002,14,659,5
11.467522221161255,5.337494901932939,1.9487822226833231,1.7486218811171117,1.9,14,660,1
13.48792126433283,6.466920563820919,2.0112599651597147,1.797472507341528,1.9,14,660,2
12.506557808445082,6.909796674095292,1.881263965739195,1.8184195404039416,1.9,14,660,3
12.863997389938758,8.19248103789689,1.724184157633185,4.643148557894421,1.9,14,660,4
10.424256387461764,5.261580055022916,4.18726896962425,2.568637899465248,1.9,14,660,5
8.323356131372005,3.9232877486759774,2.1868392372477623,2.128292127994093,2.1,14,661,1
6.995365626906835,3.341299224146627,2.1497738405493214,2.1559434723083255,2.1,14,661,2
7.1621842422585,3.266464253395548,2.1145405110675477,2.2049693327326274,2.1,14,661,3
10.86071386045636,5.254465533556882,2.1020388371805057,2.072150159804813,2.1,14,661,4
8.003202933016132,3.6431199028126553,2.1178927644002536,2.055870578379113,2.1,14,661,5
10.16086172116301,4.981323653878996,2.3307796700533983,2.2511551749240173,2.3000000000000003,14,662,1
6.760785504102981,3.724463568010675,2.2944906953990607,2.2871145233917383,2.3000000000000003,14,662,2
8.343955716851005,4.5384166050654935,2.2613368605862987,2.358318262405526,2.3000000000000003,14,662,3
8.452046326809747,4.638514602690415,2.1544478131516938,1.8132497680654356,2.3000000000000003,14,662,4
3.1736265528940204,1.4569451594261746,2.3034964100398914,2.2311967860610133,2.3000000000000003,14,662,5
10.21284118220575,4.5731483753562046,2.47371358260032,2.571304715559758,2.5000000000000004,14,663,1
9.893352499506303,4.888896720484241,2.5305681655011196,2.544239319497161,2.5000000000000004,14,663,2
9.029396989752028,4.064118644762683,2.4451573824164656,2.488266938466124,2.5000000000000004,14,663,3
4.876541547414552,2.7457439403089174,1.0221531038376124,2.0989758086472188,2.5000000000000004,14,663,4
4.581056869155949,2.323203550764276,2.5482525032863244,2.6493620640965116,2.5000000000000004,14,663,5
5.213037964893253,2.257472901013937,2.810936442462292,2.998256779593076,2.7,14,664,1
5.066599555762578,2.7056054661977544,2.6894878689721597,2.7042730730242353,2.7,14,664,2
8.751793243633744,4.2452192388326,2.6781620709136336,2.7768026316844856,2.7,14,664,3
10.707569368586851,5.72243901594329,2.691512821356562,2.870178984855672,2.7,14,664,4
6.642219053256944,3.326007689713985,2.5284644792472295,2.3534264652830905,2.7,14,664,5
7.126195938704937,3.6238911240680793,2.9317257099843643,3.191555394145015,2.9000000000000004,14,665,1
3.3542079740571227,2.210313751221959,2.8193883112480447,3.2070313978700993,2.9000000000000004,14,665,2
7.132270003216191,3.652065585068733,2.801296315396874,3.005545860423842,2.9000000000000004,14,665,3
9.346805584439895,4.183919640358011,2.9020269776908147,3.140334887828105,2.9000000000000004,14,665,4
4.93053512175302,2.4009334257929615,2.9085526988444155,3.1190839322000734,2.9000000000000004,14,665,5
3.6244535411833794,2.897269836512286,1.510501155251714,2.534020052893676,3.1,14,666,1
5.532892588996562,3.0802100205431384,3.0750661201815563,3.292900480597462,3.1,14,666,2
4.523269560925473,2.3618416024868996,2.346964602452554,2.0100744888693756,3.1,14,666,3
5.752601769774461,3.0338804594347417,2.805656884848708,2.959595238756287,3.1,14,666,4
4.87802904015299,2.223717695162966,3.1712678876443245,3.4475364414371565,3.1,14,666,5
7.23403367407214,3.845426768634481,3.2357831394293943,3.4664922291092983,3.3000000000000003,14,667,1
4.018795228690797,0.9213441588634091,2.321856351585188,3.2535570219018486,3.3000000000000003,14,667,2
7.984477838405299,3.703528689049957,3.0611565434454437,3.3850598170135644,3.3000000000000003,14,667,3
3.8101846204425422,1.7967028857819278,2.957312380979908,3.2006557313441504,3.3000000000000003,14,667,4
4.245267967989716,2.5569727870895154,3.2839435873256058,3.6137400952336183,3.3000000000000003,14,667,5
6.758643063604467,3.2700372007405547,3.495581608537847,3.9690166492152255,3.5000000000000004,14,668,1
3.620599667924226,1.862154285165226,3.5281129468765458,3.8889352553526817,3.5000000000000004,14,668,2
7.195866930710791,3.53733585282062,3.450051864428183,3.47218945673784,3.5000000000000004,14,668,3
6.613731055737061,3.297067590301648,3.4394016850356217,3.7184556203789336,3.5000000000000004,14,668,4
4.731962953660839,3.581900733364461,2.734750121585153,2.606693822653311,3.5000000000000004,14,668,5
6.5527888023778385,3.172495752608521,3.768484995610169,4.160628440081778,3.7,14,669,1
7.235003897723304,3.270760803348661,3.7170083553900968,4.092365986068207,3.7,14,669,2
3.5714529283918233,2.044944132963684,0.8362032721593773,2.563742747030339,3.7,14,669,3
7.883227267689227,3.3804851958300453,3.798524925608569,4.207757983696854,3.7,14,669,4
5.290523986195102,3.0995026048125336,3.688486379754071,4.115381227939044,3.7,14,669,5
5.505755073352714,2.746385576294533,3.847240153097675,4.358313459656389,3.9,14,670,1
3.2072428569759337,1.692229387580834,3.978366550239794,4.485894435754448,3.9,14,670,2
3.478707397853748,1.7762952442249993,3.8436785702778384,4.484684277429916,3.9,14,670,3
6.002148874908499,3.0076796806613166,3.8248675770470184,4.336111719306618,3.9,14,670,4
4.878637944866055,2.6082795563486276,3.92514838567354,4.372008277569403,3.9,14,670,5
4.632351974041596,1.859304404088154,3.318126759579422,3.5984267948626174,4.1,14,671,1
4.392800737359393,2.0526500802363294,4.1896005106440946,4.900598477342778,4.1,14,671,2
4.82170755205681,2.485886259528326,3.9844604529754326,4.490146821242991,4.1,14,671,3
5.634845409645055,2.722136062537348,4.092114325517475,4.738650246457012,4.1,14,671,4
3.302764022301414,1.805977144724422,4.047582435257237,4.849606003282103,4.1,14,671,5
6.0122697950706145,3.4519779329081826,4.004665769823336,4.678575589607298,4.3,14,672,1
6.576372522939895,3.1521390827396307,4.336769373511989,4.988794249716107,4.3,14,672,2
4.0938148605988784,2.224734003098753,4.4484433399816155,5.016520913066212,4.3,14,672,3
5.635842568712966,2.6440111766683825,4.379395073525038,4.86746897267785,4.3,14,672,4
5.1592197238157045,2.450710374880581,4.749628526297986,5.475527342212908,4.3,14,672,5
5.849261132378081,2.7900666825439324,4.357232506518276,4.976739354450566,4.5,14,673,1
6.725729017189729,3.220268917508938,1.7675002995559268,2.0579036143586347,4.5,14,673,2
5.105579970002815,2.194888572992247,3.992040014863408,4.479515807899785,4.5,14,673,3
4.2533075844269685,1.3063274904954745,1.0544902452024938,1.8265278867786905,4.5,14,673,4
4.7765137953703585,2.5462624690899207,3.86946195786052,4.926036944168532,4.5,14,673,5
3.306382780812614,2.472013464438593,0.9695577962932872,2.5293576199607797,4.7,14,674,1
5.250050116700084,2.2554360575126267,4.082354846666311,4.45625017101788,4.7,14,674,2
4.534147181579602,2.2251097634738524,4.027742451082006,4.581630092109379,4.7,14,674,3
5.635568567151209,2.22809441797128,4.497613120177314,5.628406145479133,4.7,14,674,4
4.915611099516658,2.663423794245505,4.644561887955691,5.385362676148105,4.7,14,674,5
5.277809011350903,2.687820705091871,5.029311293150623,5.742728831557487,4.9,14,675,1
4.04462669432253,2.7147512586191267,4.5299734336051625,5.209189983428028,4.9,14,675,2
3.56290911539421,2.6232642875265455,4.54138578552812,5.112923310972423,4.9,14,675,3
4.62712265117615,2.0238282883348284,4.680542724190965,5.762026521038116,4.9,14,675,4
5.622723109807396,2.357044980476377,5.068000116645223,6.010427284088732,4.9,14,675,5
4.35550661535433,2.270089921656567,5.048425165595664,5.776684546290251,5.1,14,676,1
5.1433130311290185,2.6996293645009053,5.107744683056128,5.940787354721307,5.1,14,676,2
4.158915377025528,2.0699991414714436,4.791045687828515,6.162684054628872,5.1,14,676,3
5.336846327224885,2.700636306091139,4.957971845201888,6.010169639799996,5.1,14,676,4
3.470231823087256,1.365639562441217,4.851072059628933,5.736678802826278,5.1,14,676,5
4.836914106850032,2.533661651762678,4.092350365947623,4.592143328634265,5.3,14,677,1
4.1582555680217155,2.305157665612667,5.041700849468355,6.0327118160174455,5.3,14,677,2
3.5915503748338766,1.7121314249257733,5.53486802219592,6.170711775331567,5.3,14,677,3
3.952825501223902,2.251399656424209,5.4202949705094525,6.303754214503793,5.3,14,677,4
4.326382582421417,2.5869277734940854,5.20878407858758,6.048707570703745,5.3,14,677,5
6.206269070027767,2.638731896117049,5.4864565567084185,6.718682845838133,5.5,14,678,1
4.0430768589929436,2.131647938786217,5.350249485795585,6.558335106464735,5.5,14,678,2
2.9186006455510176,1.4157656110813277,5.399081588057642,6.883182852244585,5.5,14,678,3
5.335740468702542,2.28406437639049,5.235079205176634,6.711849973443033,5.5,14,678,4
3.845991327010511,1.548832364818944,5.9938578416821695,5.628935484680159,5.5,14,678,5
5.009620291421759,2.5234291304268077,5.65844774678655,6.670148956670421,5.7,14,679,1
4.415263475496017,2.3297769766251797,5.566703354609529,7.1583484355641325,5.7,14,679,2
2.91287706415326,2.492633041439995,3.9977831450630057,3.61432589558836,5.7,14,679,3
4.9025432041152435,2.3331215088231865,5.681535402984358,6.886878046145986,5.7,14,679,4
5.907605436737236,2.878608200175256,5.51419894168919,6.9954768121539095,5.7,14,679,5
3.482507573739703,1.733044046629508,5.802676327106967,6.9167630967933365,5.9,14,680,1
4.068028820489921,1.8643433144795447,5.964692673989485,7.1568695225668115,5.9,14,680,2
4.797626442100058,2.601064346656161,5.901539128033836,7.190758972722544,5.9,14,680,3
3.6558791689280663,1.6129862512810986,5.880312809027341,7.051417137353869,5.9,14,680,4
5.171618356595784,2.54827589734905,5.776978625886666,7.10875594423918,5.9,14,680,5
2.2582995431526247,1.861349022592808,0.6635801314612098,2.493061343112799,6.1,14,681,1
6.155804442518008,3.3577271911153206,5.967150169070998,7.204120162998008,6.1,14,681,2
3.898786330884429,1.810174129605856,6.253991990815461,7.178770557107014,6.1,14,681,3
4.504795904391528,2.7758853637601506,5.212971815314601,6.491995852584425,6.1,14,681,4
4.705171173577267,1.766976164105735,5.89519213495015,7.520522094501695,6.1,14,681,5
4.193785803763291,1.9977068475604651,6.539776439920187,7.651579289435468,6.3,14,682,1
3.3381324825643346,1.7938728987981765,6.406134955142385,7.656550010946757,6.3,14,682,2
3.1308145732778487,2.4432684598368035,1.0015587056262207,2.725847654596466,6.3,14,682,3
2.9573367682550966,1.6949116444616912,6.368434667794861,7.423252446877989,6.3,14,682,4
3.2603260087506496,1.7137973511182285,6.272582255962872,7.918084295906135,6.3,14,682,5
3.4085084153682845,1.9288208057735108,6.270141622314555,7.526191200517464,6.5,14,683,1
4.124402695046195,2.033922614228322,6.253387321804192,7.081270605628107,6.5,14,683,2
3.3224085383973803,1.7142959600815897,9.026514160715848,7.8772305643594756,6.5,14,683,3
2.8363634532039588,1.5006115616871962,6.5189107961368595,7.890789878493318,6.5,14,683,4
2.677545845549542,1.6675946334102971,6.597580112032853,8.361103176580572,6.5,14,683,5
4.085435946033231,2.091236325437838,6.408679292412243,7.849875841948385,6.7,14,684,1
3.728071061152273,2.113465653941377,6.522794142880682,8.10319107259087,6.7,14,684,2
3.985949039928984,1.753128300360078,6.761130013184638,8.239329232447496,6.7,14,684,3
4.156873796887958,2.3929076549318213,6.64887655283788,8.470804294250422,6.7,14,684,4
3.5238517390373367,2.0281870845240593,6.688992765684878,7.861896348570393,6.7,14,684,5
5.555877343832044,2.510885416051307,6.965937097106794,8.406390630446346,6.9,14,685,1
4.7100929029248775,2.3580929818216623,6.25382657160696,8.163163298789044,6.9,14,685,2
4.841648199959359,2.330641133314369,6.648080034420974,8.838391776337367,6.9,14,685,3
5.181665097175839,1.740251058857088,6.496268843384962,8.28855857543379,6.9,14,685,4
3.0306996477053594,1.413117423921224,6.695009833804939,8.629904751895287,6.9,14,685,5
3.4175854356933812,2.012338309217135,6.178009696146177,7.8504368581934845,7.1,14,686,1
3.788665658706366,2.0600743845478564,4.128228137177318,6.650899752954243,7.1,14,686,2
4.338395595898926,2.110453870767558,6.800682234215495,8.487310979433166,7.1,14,686,3
4.315587983154698,4.036354710321461,4.33124274789217,4.761783456630261,7.1,14,686,4
3.4551660840251412,2.0955622841181993,6.149184901682117,9.16578326385145,7.1,14,686,5
6.006638251542219,2.895443453128726,7.126497326559467,9.246672667028744,7.3,14,687,1
3.3647292346557927,1.5561358624367476,7.272756457216841,9.619710440400825,7.3,14,687,2
5.533481626348427,2.5853477884574674,6.965088966942713,9.061915648252397,7.3,14,687,3
3.7586430571315224,1.1160601402952584,7.010818349447222,9.261972717807431,7.3,14,687,4
6.840746626508407,2.8385056825892714,7.1204654387099415,8.730240989077886,7.3,14,687,5
3.733240886089892,2.2130895460564997,6.762473903067532,9.256975127040176,7.5,14,688,1
3.783251838175882,1.4866237751837883,7.014180686382535,8.973702659953199,7.5,14,688,2
3.288296422116335,2.055342685847867,7.233982887831789,8.810865805607438,7.5,14,688,3
4.78240925919024,2.644043418270899,7.79426154817361,10.001478358679888,7.5,14,688,4
4.063054213737973,0.22500897094719963,5.013109496444459,8.193143261492521,7.5,14,688,5
3.681980016325286,2.022817828688439,0.6106710984019895,2.396599728061519,7.7,14,689,1
3.4260130418838872,1.8556321079606857,7.389650800773078,9.682154590817309,7.7,14,689,2
3.936984521729713,1.677480765914239,7.4484010549524,9.357201731963835,7.7,14,689,3
2.428062188927277,1.597074102599174,7.803193933305326,9.551156264242604,7.7,14,689,4
3.594486580021551,1.6705293588333687,7.359765058173884,9.793395553072347,7.7,14,689,5
4.439147733244146,2.051340617080437,7.481943112632164,10.034054862188606,7.9,14,690,1
4.168321875449293,2.3919342339303125,7.854821031683659,9.497456554809371,7.9,14,690,2
3.420434969680944,1.574221954396443,4.737917171959369,5.873577646024968,7.9,14,690,3
3.6346092292347616,1.9594161979999083,8.112182669695548,10.122610962747096,7.9,14,690,4
3.1963404280731984,2.1721288183802097,7.343209033085802,10.5526218241989,7.9,14,690,5
4.884438560805267,2.248391905777488,8.019240033319157,10.475974038797048,8.1,14,691,1
3.3780192441610097,4.530603844158894,8.506898333781294,9.592130805738252,8.1,14,691,2
3.679845840646299,2.0787572108544565,8.350351884315492,9.889228102344395,8.1,14,691,3
5.6439059069079525,2.6624594841391933,7.681123971876764,9.565145601538358,8.1,14,691,4
1.458698757199863,1.3511204257343117,8.081087794757908,10.880988829082144,8.1,14,691,5
3.877423178208096,1.8114618628262789,8.7651208347473,9.181058069670575,8.3,14,692,1
2.485390568290809,1.3457716241827211,8.548322996573825,10.629265977139651,8.3,14,692,2
2.644462690890783,0.38138020243635257,2.9092692320438953,5.3741197815851525,8.3,14,692,3
4.0404745368206445,1.920913719318913,8.168851136589819,10.387396852251069,8.3,14,692,4
3.106675808646517,1.4288772514108743,1.1281828955240123,1.9319618684676387,8.3,14,692,5
3.3142668298490228,1.9407449049853152,8.05012222886229,10.03569014570827,8.5,14,693,1
4.276354102177654,2.5076174939341955,8.474075895471566,10.391820446654188,8.5,14,693,2
3.639688795103877,1.8541150459139368,8.535591658717232,10.895483738291253,8.5,14,693,3
5.188429006242808,2.8012870746872385,8.456731216423664,10.879237244698988,8.5,14,693,4
3.519197161663287,1.6957850905654628,7.685298941116301,10.537966120242787,8.5,14,693,5
3.613433524140343,1.6509567629505415,8.452929473583229,10.745577499620367,8.7,14,694,1
3.174871282407836,0.9771342668250772,8.542035512947221,11.093574541710703,8.7,14,694,2
5.032622567891683,2.447670810913676,9.054389257285203,10.848481389248144,8.7,14,694,3
3.615114401098926,1.7085425188666363,8.674107561393145,10.98491612288026,8.7,14,694,4
6.419883796657381,3.1346912221122767,7.654234906031719,9.322713732255153,8.7,14,694,5
3.3947036002973348,1.6120189336540611,7.378071886363975,9.94965542337954,8.9,14,695,1
3.633293191821408,2.1703732300061307,8.67044520911855,10.61240070616901,8.9,14,695,2
4.033331698103395,1.9275048956454712,8.937953323596966,11.275746088709925,8.9,14,695,3
5.561306124812487,2.58332693535477,8.71351646413896,11.030328388963271,8.9,14,695,4
4.927739515862077,2.622196317557139,9.48004117575567,11.5785353620282,8.9,14,695,5
4.089422510591307,1.407385028708359,8.246138096113354,11.590226168306014,9.1,14,696,1
3.099940554854374,2.296098797463894,8.87834652941216,11.242746495933869,9.1,14,696,2
3.012861954907341,1.3312238148998246,9.115729951715482,11.990897874723622,9.1,14,696,3
3.321479068878567,1.5320734274288246,9.051993257232882,10.635648479996702,9.1,14,696,4
4.551863963230729,2.045199454199258,9.277546354273984,11.403818222937067,9.1,14,696,5
5.061409402405598,2.108833884113771,8.089773478583222,10.406095278628904,9.3,14,697,1
1.4776991702818123,2.0739236418916858,4.890448419665579,5.240792455413663,9.3,14,697,2
7.083267369989966,2.9789881430436984,8.588934063933893,11.449974075175437,9.3,14,697,3
4.2617724392461,2.218269306389368,8.939416785326996,11.933849079972736,9.3,14,697,4
4.947464768717077,2.5480424318535984,9.594740944625618,11.61655817152001,9.3,14,697,5
4.552443918041427,2.142176242164747,9.258321429343896,11.895544264136715,9.5,14,698,1
3.1026886844457975,1.4768724539265958,1.8323983194818123,1.68282365179395,9.5,14,698,2
2.8934295296085764,2.4775648610077377,8.652698068313793,12.46545398911807,9.5,14,698,3
2.554083641308758,3.6192358024515183,10.566490238459716,11.78141099953693,9.5,14,698,4
1.8915783625778568,0.6369284971603255,9.479526681122495,11.868434742937858,9.5,14,698,5
3.389218828333446,1.4027731864183055,8.691638216582621,11.414324414350505,9.7,14,699,1
3.9965280376503314,1.635913747434249,9.000756866720154,12.161725197954608,9.7,14,699,2
2.763541317479519,1.81332948824399,9.789659664990907,12.349412253453746,9.7,14,699,3
3.304258711697254,1.5807857400261478,9.823374229150003,12.54109332414705,9.7,14,699,4
2.841366094502274,1.6658557560340144,10.02128492629132,12.384509711565538,9.7,14,699,5
4.688032374159112,2.4231294064763325,6.713054953584713,8.734133315851162,9.9,14,700,1
2.689109685956583,1.4795831920388431,9.677104043860137,12.847577628210988,9.9,14,700,2
3.982927560612365,1.8335848290442465,9.784650207684274,12.485342405686085,9.9,14,700,3
3.4615807835601236,1.6090332952446431,9.752887411343584,13.155445102714031,9.9,14,700,4
4.276801304133897,1.8637602544915493,9.554986019665147,12.528097309530787,9.9,14,700,5
0.2031059803346177,0.10107331161818237,0.09910931486704916,0.09844854111196134,0.1,15,701,1
0.1897495403167389,0.100769293701367,0.09990134629629546,0.09768136336517408,0.1,15,701,2
0.21968065481205984,0.10178642005092674,0.09960393273352464,0.10011679535383512,0.1,15,701,3
0.1851880850743044,0.1009127311229128,0.10044028198747712,0.10082883437640236,0.1,15,701,4
0.2071818558306553,0.10039803396772164,0.10015473910909516,0.10115375363061808,0.1,15,701,5
1.019010448778324,0.8202144851830044,0.29867133710551885,0.29303806082554024,0.30000000000000004,15,702,1
0.9614166670988996,0.7932227940808744,0.29777280935855716,0.2977477876555724,0.30000000000000004,15,702,2
0.767658186440057,0.5838784256589359,0.29525291603024484,0.3010090474206185,0.30000000000000004,15,702,3
0.8730590610309017,0.5930338336633916,0.3019116176840744,0.2958547569029935,0.30000000000000004,15,702,4
0.8829217559458852,0.6820534966387108,0.30040832685535523,0.29877527760643574,0.30000000000000004,15,702,5
0.5322893773423876,0.7571912131758373,0.4894428035068777,0.5046512542023092,0.5,15,703,1
0.46656932441530735,0.6845466242864124,0.4934143197204045,0.5051435996162821,0.5,15,703,2
0.4869816489290106,0.7089600591333978,0.4978325478819496,0.489335277351998,0.5,15,703,3
0.5219203777366812,0.7262596394489066,0.49523842708549953,0.5012816924466152,0.5,15,703,4
0.5151909627200167,0.7379541869633278,0.48860459261871786,0.5026465755542482,0.5,15,703,5
0.7796675649397509,0.7303349117243056,0.68460469357084,0.690540586993789,0.7000000000000001,15,704,1
0.6340636334190066,0.7703655083634636,0.7079294441165792,0.7037847612349015,0.7000000000000001,15,704,2
0.7023584225934698,0.8240423225101623,0.7273283346825343,0.700326790994639,0.7000000000000001,15,704,3
0.6365262106563837,0.7831396684509904,0.6931182990316318,0.7027677748987246,0.7000000000000001,15,704,4
0.6614615248275947,0.7417461493841185,0.6665345773214171,0.6550973629174578,0.7000000000000001,15,704,5
1.417066557269368,1.0900895257033425,0.8996055030827319,0.8857306663568895,0.9,15,705,1
1.6805743928570376,1.333945368718003,0.8954306710900333,0.8856718927025155,0.9,15,705,2
1.5163902728259864,1.1176721277818988,0.9089540809728252,0.8639953001013755,0.9,15,705,3
1.7372125339276543,1.0587599775185388,0.8872997715203617,0.8429746317776992,0.9,15,705,4
1.6192231429113573,1.2463225435474838,0.8918579305171846,0.8599192055865653,0.9,15,705,5
3.535610524411948,2.3540557289863155,1.084013538346456,1.0533320763228495,1.1,15,706,1
4.0761941498268035,2.3740750085747124,1.1069194524597756,1.0109046093748963,1.1,15,706,2
6.896397112132759,3.6073477540167582,8.370320404124787,2.061668605820269,1.1,15,706,3
4.298113043425796,2.631290065916159,1.1570399789382584,1.0390247129345915,1.1,15,706,4
3.935078768230215,2.338813474178066,1.1155932522269296,1.0322892821103928,1.1,15,706,5
23.64906066775253,12.98026797892674,1.3247990977182855,1.192913708983286,1.3000000000000005,15,707,1
18.719451721138142,9.380900730420182,6.7104090246010895,2.056684292191367,1.3000000000000005,15,707,2
16.7946494798007,8.528606725025211,6.268894076611409,2.0517810755138957,1.3000000000000005,15,707,3
19.114904073921444,9.816055456267897,6.926655388899074,2.069454456274569,1.3000000000000005,15,707,4
22.861567300101353,11.911745309902043,1.2628904821179814,1.2767381836234062,1.3000000000000005,15,707,5
15.472985497305304,6.563947705717136,8.83575793560698,2.594850095223408,1.5000000000000002,15,708,1
10.043493176665097,4.348200777248371,6.599292247821504,2.702306229822371,1.5000000000000002,15,708,2
14.32659044915302,6.968705371429349,5.495304292019376,2.254734904389977,1.5000000000000002,15,708,3
10.317762283600574,6.842299624571571,1.4201312516207816,4.233613107136621,1.5000000000000002,15,708,4
18.331910662713423,11.550587769360236,1.346282099169738,5.18294809177022,1.5000000000000002,15,708,5
12.912130469077256,6.275687742048365,5.068541645556493,2.355444966193617,1.7000000000000002,15,709,1
12.140508339385857,5.692022480653025,4.8080350123185704,2.3411554712776557,1.7000000000000002,15,709,2
8.429186335394881,5.513339945616741,6.400668453076837,5.010001861141436,1.7000000000000002,15,709,3
16.606849313510548,7.962773985821602,1.6740417122165407,1.6447540281486908,1.7000000000000002,15,709,4
10.14269900868443,5.232476517421333,1.8197096167783813,1.7157724804864567,1.7000000000000002,15,709,5
11.673129249718524,5.707737859459697,1.8946070811478728,1.8848868249092832,1.9,15,710,1
11.522182198742913,6.4683820869785045,1.889516974974264,1.831948097487739,1.9,15,710,2
11.046805798472416,5.975342707590093,1.912537970126708,1.954741820670452,1.9,15,710,3
11.22498265470091,5.226955383679974,4.705200314611373,2.532743831469327,1.9,15,710,4
10.269011181047416,6.010954629341645,1.906557587518964,1.8724367138618736,1.9,15,710,5
9.95719386588665,4.679363196934373,2.0724508620653768,2.0848203721306215,2.1,15,711,1
8.056881788283087,5.016528798152222,2.1896272130317085,1.9908056824754443,2.1,15,711,2
6.422377226830542,4.0115142227873255,2.264166434375388,2.0177461374522077,2.1,15,711,3
9.461442922056127,4.327235380926099,2.356633893616058,2.039651295142302,2.1,15,711,4
5.891833780807088,3.340122262537119,2.17129913785668,2.1140499809959032,2.1,15,711,5
7.6552669802619056,3.755548312248095,2.361096071977062,2.280091766747227,2.3000000000000003,15,712,1
7.34032602931729,3.116232061486603,2.368506878118952,2.210994458906187,2.3000000000000003,15,712,2
5.834317193891316,3.675071653041008,1.656406052411378,2.519476992805449,2.3000000000000003,15,712,3
6.456687738705311,3.645671075215296,2.283909117353974,2.231600806523615,2.3000000000000003,15,712,4
9.946403893018092,5.4620086550219575,2.227885700039811,2.3028310339013585,2.3000000000000003,15,712,5
6.7239888544417425,3.0648577189831476,2.5205599699967225,2.6666705462426203,2.5000000000000004,15,713,1
8.977341285661565,4.591765351445857,2.5151426972600923,2.525361666961647,2.5000000000000004,15,713,2
9.269166709675885,4.607899550322965,2.473203812744092,2.471057712325825,2.5000000000000004,15,713,3
7.821435228654252,3.7760899417802167,2.2652089217603844,2.358858332432392,2.5000000000000004,15,713,4
10.866372829333756,5.188317296596756,2.4911146034795073,2.5438489285261854,2.5000000000000004,15,713,5
6.85560171000524,3.4311402430194877,2.1098589121953086,2.168433319603526,2.7,15,714,1
7.801268408609716,3.7456595685870617,2.670096219603697,2.7624967695476395,2.7,15,714,2
6.282232621286318,3.25578264993448,2.6542262006094113,2.921513872116895,2.7,15,714,3
3.373854138976808,1.7993283222958227,2.734111074247921,2.9310555862220324,2.7,15,714,4
8.017450721909425,3.8937397686360904,2.412797597390283,2.244435299883273,2.7,15,714,5
8.022457539935159,3.788855607149216,2.9274008118612542,3.1254422122399332,2.9000000000000004,15,715,1
7.14306972673469,3.6109843350795434,2.9411708095395,3.008568808603197,2.9000000000000004,15,715,2
9.231292075016578,4.070845206707924,2.96400766250462,3.1579698839686716,2.9000000000000004,15,715,3
7.512169561606136,3.874321545605797,2.909424739784667,3.108752727956438,2.9000000000000004,15,715,4
6.656550544852296,3.2356926595306787,2.9300046639955255,3.0915371055640137,2.9000000000000004,15,715,5
6.590040999628796,3.666486061503628,3.1374554219814392,3.20286407128756,3.1,15,716,1
7.2272998319510124,3.398589441775363,3.136639948511136,3.4153937721616825,3.1,15,716,2
4.770831412189183,2.3761443576615813,3.088772407036226,3.4042610952874033,3.1,15,716,3
5.792814972083435,2.8465917337901723,2.904729948702308,2.995762451737704,3.1,15,716,4
3.828058984672406,1.9432429739405703,3.079259923814162,3.3343986257619274,3.1,15,716,5
4.369565305766047,3.3129324673060987,3.2908611874804956,3.577141939342134,3.3000000000000003,15,717,1
5.350677411988716,3.0706360735995553,3.2696229167668074,3.642639975052739,3.3000000000000003,15,717,2
7.249620979871376,3.2786330860331847,3.3198072224991155,3.3294919997417747,3.3000000000000003,15,717,3
8.903295130554655,3.962417303946395,3.069076565407338,3.517729522796657,3.3000000000000003,15,717,4
4.654688680180502,3.0288921606009764,3.286015058602533,3.297019397395353,3.3000000000000003,15,717,5
7.866075370287396,4.3803461677858175,3.4990692152129412,3.749730938529688,3.5000000000000004,15,718,1
6.439187648755406,2.5503019652762267,3.4111590434852777,3.909459364211593,3.5000000000000004,15,718,2
5.39358465611019,2.915121172158156,3.430398242650615,3.860527242947683,3.5000000000000004,15,718,3
4.932738500568405,2.387385365930232,3.4358802201422183,4.034809424751919,3.5000000000000004,15,718,4
4.644203196877575,2.752107239756468,3.441023643469065,3.710466647384655,3.5000000000000004,15,718,5
6.299109271353898,3.507025963557412,3.732552090117064,4.015109137228573,3.7,15,719,1
4.6283317358336795,2.4706933564774203,3.6865612615749046,4.160913324653419,3.7,15,719,2
5.886390194459599,2.6490946145483907,3.605053844840151,4.275204824182548,3.7,15,719,3
5.250169726959237,2.4166711428100536,3.696607500323001,3.959856699204931,3.7,15,719,4
5.081676825819781,2.554243916664728,3.4573620740669533,3.8098809598635865,3.7,15,719,5
6.405837795367499,3.5007966828015675,3.929002234760512,4.3800348023022275,3.9,15,720,1
8.245887968886118,3.5239891552156326,3.2745961030924717,3.604768067532009,3.9,15,720,2
4.393837354670727,2.5214091143036663,3.891576204682208,4.470383358397415,3.9,15,720,3
6.395480705459856,3.558623834590983,3.984577229898239,4.364616443879377,3.9,15,720,4
6.177310222937183,3.055250453358006,3.964081806233168,4.4036322019074845,3.9,15,720,5
4.597361731443373,2.2586396452427744,4.048432538495953,4.833792260796336,4.1,15,721,1
4.872165933673471,2.2093167955510693,4.303641205929079,4.83064385238693,4.1,15,721,2
6.359303115978059,2.581734522410282,4.107550100459356,4.749767023593713,4.1,15,721,3
3.48060667245793,1.6837275207307685,4.105499516687905,5.225474441815724,4.1,15,721,4
3.1556386609491835,0.311686021290041,3.4890208631217186,5.156594545920129,4.1,15,721,5
4.393904801604146,2.37550523229166,4.273011517279476,5.012825796355723,4.3,15,722,1
4.188098639301216,1.697920659857278,4.2835605151422955,5.3596023248387965,4.3,15,722,2
5.818263157008804,2.922275094809024,4.364046367559655,4.873409176886384,4.3,15,722,3
3.30762274475737,1.927769926765548,4.242202856979127,4.997925162441735,4.3,15,722,4
4.4643761829668795,4.683111442415846,4.4580982848822375,4.3793463182205,4.3,15,722,5
2.903809814766238,1.3723570561518097,4.577154746837044,5.454339460572655,4.5,15,723,1
2.578579305658075,1.611475105169752,4.415910685907025,5.3337523824133415,4.5,15,723,2
5.462159745770313,3.098720060024439,4.496474431837085,5.244988216454746,4.5,15,723,3
3.848741100129396,2.0328786512737977,1.7212699864012302,2.047249478594434,4.5,15,723,4
5.406929824959567,2.615499098142233,4.392024389328512,4.9266875348976384,4.5,15,723,5
3.4873986099365046,0.7761653506040376,1.3022794871508978,1.0161152751304556,4.7,15,724,1
3.9832219519764553,1.9733606132963104,4.617121262553458,5.802151030453844,4.7,15,724,2
2.941838093200265,1.5334129997751549,4.524921075132886,5.8812136708919045,4.7,15,724,3
5.395846094499566,2.565663288089123,4.567965460183681,5.60804599505211,4.7,15,724,4
3.807279600904018,2.0526261180640906,4.547568567525715,5.510550179377161,4.7,15,724,5
3.3239334906262403,1.7919132314467712,5.091044345981594,5.954564065272365,4.9,15,725,1
4.7190721617651965,2.058318583720911,4.813478484074834,5.8966511121494865,4.9,15,725,2
4.7169523817333054,2.1039611403811516,4.432114935767763,6.146872223200689,4.9,15,725,3
4.372384322700023,2.4087567635679736,4.854262115644444,5.7680615659229835,4.9,15,725,4
2.8858029289870646,1.3760646905999254,4.848197057332114,5.92430620392211,4.9,15,725,5
3.0957225829283623,2.0546624358256618,4.108345339719004,5.647648513674468,5.1,15,726,1
5.393828728845011,2.5888232361285084,4.9448959111622255,6.046161597244571,5.1,15,726,2
4.41041318746739,2.480371617670881,5.115789781804789,6.034851183271467,5.1,15,726,3
5.220648506996941,2.932763725476218,5.159706785781198,6.036476904289383,5.1,15,726,4
5.564794038554499,3.279777547771699,5.21877635899199,5.879893690126946,5.1,15,726,5
4.325464453020078,0.8315510760675711,1.5797123158288562,0.8993717723832108,5.3,15,727,1
4.458016487810927,2.6258078431759224,5.241278530911056,6.2832180268264235,5.3,15,727,2
3.789498257210708,2.1387669579728077,5.706082142180435,6.330584797561499,5.3,15,727,3
3.710233504075106,2.4580069053771796,5.262417987474371,6.027494123238491,5.3,15,727,4
2.9207633657981655,1.8038704310626736,5.15138344817075,6.482870193704952,5.3,15,727,5
3.863782896658491,2.2592628532403505,5.304767954595955,6.6654529949702175,5.5,15,728,1
4.572854980936887,2.352590822581556,5.439711193373883,6.613235864861898,5.5,15,728,2
4.4821724029839105,2.4896635980206385,5.47431725971235,6.287144199639375,5.5,15,728,3
3.9826399611354906,1.401923147244638,5.274171604121889,6.9921257575317375,5.5,15,728,4
3.664094430143074,1.9348516925044903,5.449293760054455,6.310770813830773,5.5,15,728,5
3.4717220414849623,0.9360235628626584,3.4236357050816024,0.6614396584796176,5.7,15,729,1
4.061080598341188,2.557406409178432,5.927357214309967,6.608724829481663,5.7,15,729,2
2.990811409209667,1.8738267737076233,5.716718508991813,6.481055310867771,5.7,15,729,3
3.236968783762459,1.848647045276701,5.62476190311955,6.3582227509825,5.7,15,729,4
3.985385398728495,1.974339362478875,5.686013019358566,6.917271023426904,5.7,15,729,5
5.61217228352349,2.1865028963546034,5.518600806128271,6.934896793360504,5.9,15,730,1
6.24682620897077,2.819391467290961,5.876575394118416,6.795526321653158,5.9,15,730,2
2.827544595037334,1.172843643408479,5.672861541741077,7.25605323812099,5.9,15,730,3
3.704579395891358,1.4756640543226238,4.889681143473599,5.815123731391328,5.9,15,730,4
6.799791978138225,3.486483204181499,5.865553185262643,6.84908797301745,5.9,15,730,5
4.313298068080386,1.7376900438798817,6.059068603969089,7.768979740775045,6.1,15,731,1
3.3772699851823056,2.123394025627845,4.396492790151194,6.028410645824296,6.1,15,731,2
5.071348382341107,2.3726174829556284,6.165100927274584,7.631330239642517,6.1,15,731,3
4.2577059247325435,1.8074871347321515,6.0937357130100045,7.478055895445857,6.1,15,731,4
4.37037729289068,2.307224341334249,6.08325143718738,7.638490480633719,6.1,15,731,5
3.005548515185805,1.2432922387774339,6.4415439392669365,8.012556238248287,6.3,15,732,1
4.633323815602318,2.2994648025541973,6.050678011797999,7.329248587182016,6.3,15,732,2
4.952653645915087,2.357228550620785,6.333518961427473,7.670772766579052,6.3,15,732,3
3.931064745466312,2.0420244244828014,5.973374103948178,7.260032083187244,6.3,15,732,4
3.645949339654991,2.260543886542624,6.086837052720775,7.661730139527575,6.3,15,732,5
4.6539971037138805,2.6547085913077506,6.488540128007279,7.752225410698111,6.5,15,733,1
2.6695938852062606,0.9669690287201064,6.368424839780074,8.349937554468394,6.5,15,733,2
3.772769917490032,1.652235749192123,6.130977855005699,7.550350569376173,6.5,15,733,3
4.34996550382477,2.161221499192989,6.33940194697561,8.069069459891873,6.5,15,733,4
4.041345168083145,2.3029900202782563,6.835434341730954,7.806870497503307,6.5,15,733,5
6.649366380054826,2.873596267785211,6.310659526478329,7.795302799684163,6.7,15,734,1
2.3950507344082963,1.3557650635658325,6.841020725826871,8.17438607842044,6.7,15,734,2
6.1391842290346865,2.9915425308271235,6.505839035806837,8.171142365273303,6.7,15,734,3
4.547637423568948,1.982204272193449,6.797448064646878,8.111839700013284,6.7,15,734,4
3.880407218717477,1.8730968772664156,6.527707565428621,7.842987371363518,6.7,15,734,5
3.595853113566425,1.847547252225948,6.9075116431337795,8.623411728230648,6.9,15,735,1
4.188687522936281,2.2159004777360436,6.821203762953466,8.695702833381503,6.9,15,735,2
3.393335019808074,1.8558609037112344,6.618314807650495,8.495345490345354,6.9,15,735,3
6.027508239901194,3.047297645395326,6.573433392155274,7.793732968794521,6.9,15,735,4
3.1713239003468825,1.4090928339564115,7.104166949587415,8.832299363024697,6.9,15,735,5
5.590927453280622,2.8513140823444085,7.127077355575366,8.519886341241735,7.1,15,736,1
4.075755761197734,1.2644106098662924,7.024778034006401,8.066397146104583,7.1,15,736,2
2.476660804787756,1.269672352443984,7.191815507024782,8.838238737840605,7.1,15,736,3
6.257196591211705,3.24889992389136,7.090596206344944,8.878993945393686,7.1,15,736,4
4.040458504486972,2.1739497793860356,0.7831384522029615,2.2736124893034755,7.1,15,736,5
4.234713570513343,2.1281453702224065,7.090764258590526,8.69150390756804,7.3,15,737,1
4.910363753556257,2.236023529336903,7.219675264050324,9.270174483204425,7.3,15,737,2
3.833253720314083,1.8942777563869189,7.400191616781935,9.250916998619,7.3,15,737,3
3.7463663650625807,1.6816243577019945,7.325912787713071,9.250482814589787,7.3,15,737,4
3.974574553359055,1.728666380876836,6.31082555685488,6.7206725327140155,7.3,15,737,5
2.9291261312772456,1.6533233391550255,7.305421066422906,9.42409248342876,7.5,15,738,1
2.363102967208103,1.1905526809520768,7.124713668598791,9.410065480482746,7.5,15,738,2
2.873495084071022,1.4691788742176357,7.3744555973779775,8.956403411749863,7.5,15,738,3
3.18588604504398,5.477411376078812,7.872965247818643,9.20771877566384,7.5,15,738,4
3.916737693387238,1.993484185552055,7.179261192831858,8.959964230000107,7.5,15,738,5
4.925208767019185,1.750757879642504,7.32796553824404,9.261401334421896,7.7,15,739,1
4.1703943399870065,2.3249838083699252,7.817382217782818,9.13344230806147,7.7,15,739,2
3.8899597680965416,1.7044237762193686,6.598820056136404,8.53036160798931,7.7,15,739,3
4.373618765583119,2.1152943717720616,7.454129900682417,9.703058688639132,7.7,15,739,4
4.483575505902109,2.319635265254454,7.102975591504144,8.48005031587452,7.7,15,739,5
4.151272511116739,2.849035553473295,7.735117348111529,9.622216077323618,7.9,15,740,1
4.506691689377271,2.778652898787206,7.764006952174114,10.080462259196374,7.9,15,740,2
4.597526669293651,2.343470333304386,8.167832707129172,9.772228463553608,7.9,15,740,3
3.747702378966428,2.3000018236162356,7.636948475928455,9.769105260760355,7.9,15,740,4
2.4140166974051196,1.5692979938585756,8.160116175197844,10.245925674766523,7.9,15,740,5
3.9807235166652464,2.5103795936460105,8.445299520967252,9.97940995173668,8.1,15,741,1
3.642723415117771,1.473886449447104,7.90392914347062,9.958360260619427,8.1,15,741,2
4.760256580742328,3.146337772023182,7.526451454104549,9.243259856296271,8.1,15,741,3
4.232215155184516,2.4601760219108946,8.020946311191182,10.162152035986308,8.1,15,741,4
3.7874359445282786,1.722043215872731,9.482798992551349,10.726851272554486,8.1,15,741,5
4.357424385898668,1.394991030498837,8.043142083904073,10.573335529813694,8.3,15,742,1
5.17313677107984,1.7281021272298274,7.844774986656509,11.152220671383189,8.3,15,742,2
4.6178003703584585,2.6148677880289943,8.200959326444897,10.488548628588934,8.3,15,742,3
4.774597737981807,2.5208922643969895,8.468535640069163,10.005884375569956,8.3,15,742,4
4.611762225435262,1.9367072591834575,7.885893451113536,10.238955292385397,8.3,15,742,5
5.789799334464227,2.6873161090347213,8.543443510392411,10.994376529269717,8.5,15,743,1
5.2384368913551285,2.5996589441062583,8.464665200595508,10.787407799679734,8.5,15,743,2
4.980017608544839,2.8244848252962926,8.206144240525136,9.596971192999614,8.5,15,743,3
7.108410651597154,3.440495179638032,8.466833859414118,10.3823381286999,8.5,15,743,4
3.993371484850899,1.555493474871342,8.123775957111826,10.324252270465529,8.5,15,743,5
4.025002368417212,2.0190444999277015,4.889539512064952,19.797567425707808,8.7,15,744,1
1.7377075165693383,0.9651981308469642,8.528932908596818,11.180470953684427,8.7,15,744,2
3.6546548088492594,1.6406188960367698,8.454231991435275,11.750222493796976,8.7,15,744,3
3.9755693823126785,2.4688540157773793,8.288961196965088,9.860805763562942,8.7,15,744,4
2.9987966772891355,1.1975976768865653,8.866302917233487,11.70158684055859,8.7,15,744,5
3.6622543813979336,2.0582677017741435,9.073119453134495,11.055241651153572,8.9,15,745,1
4.883598714621024,2.5569793733657296,8.771491845498462,10.624845426702676,8.9,15,745,2
3.252224523273876,1.913735898608056,8.749860480223155,12.121952963304931,8.9,15,745,3
4.25614092184158,2.217990748998687,8.91342045569508,9.79730618570972,8.9,15,745,4
4.387256639250949,2.2265953531348557,8.990940299857828,11.516412579199931,8.9,15,745,5
3.0304271653788946,2.4812177360732486,7.639846307975548,10.169027949289733,9.1,15,746,1
2.433302367552658,1.148038330053273,9.0763181480458055,11.549761194519888,9.1,15,746,2
2.9567566022154734,1.850895286482525,9.074847524624245,11.113199770252145,9.1,15,746,3
4.19416575603058,1.619909973754229,0.988763777329079,2.0473692924513305,9.1,15,746,4
2.9209526474734617,1.4496449906212077,9.462956613723929,11.66626216050518,9.1,15,746,5
4.753216880095042,2.6240280425633533,8.735648115175179,10.593306134918029,9.3,15,747,1
4.527170536754873,1.9381956532106503,8.880256924904206,11.820703383035934,9.3,15,747,2
3.4392659864434263,4.412902801733406,2.3914055465241746,3.342872757225939,9.3,15,747,3
3.465785332020539,1.527824904905967,10.711720793904854,12.23884110074234,9.3,15,747,4
3.3706940953836986,1.6073874433223772,9.100305839481678,11.932388906400757,9.3,15,747,5
3.9812767287291138,2.050696863795132,9.566975567988685,11.98915505041867,9.5,15,748,1
2.409389716729745,0.5282346719072467,1.7800757938199052,1.6851601018541926,9.5,15,748,2
5.220141719545946,2.3390817258977523,9.223721421734435,11.875021763896088,9.5,15,748,3
3.175134072578473,1.8537779891447272,0.7733438828307544,2.070865799439753,9.5,15,748,4
3.807510524676727,2.3691385159368417,9.55902476737761,12.333410690678686,9.5,15,748,5
5.034430727155282,2.399683808589522,9.372239179555455,13.187300565651684,9.7,15,749,1
3.336781090151024,1.915678212293406,10.384478653762615,11.61589148700655,9.7,15,749,2
3.0041681552902224,1.6744744054597869,9.489939212411697,12.887341150726698,9.7,15,749,3
3.30128846953009,1.5797868597148608,10.013336056867656,11.614898571179683,9.7,15,749,4
2.940125797494901,1.807818411629034,9.708752104423583,12.171513686856969,9.7,15,749,5
2.063354511888072,3.371775523143992,9.820404954927502,10.894385868013403,9.9,15,750,1
2.22946143038099,1.3247861567232813,10.481680785514373,13.115013656498942,9.9,15,750,2
6.0856121635234945,3.0011748844514257,9.926816338339192,12.59859929312869,9.9,15,750,3
3.724875054689015,2.5056946409479584,9.781166726774332,13.896587843119178,9.9,15,750,4
5.026667720905082,2.5785028983233493,9.16231870267162,12.422781205043751,9.9,15,750,5
