alpha_rmse,beta1_rmse,beta2_rmse,psi_rmse,sd,extra_pts,task_id,iter
0.397607091469421,0.2727751941000693,0.14679704246953815,0.4004402436444893,0.1,1,1,1
0.37996759057769647,0.2802646624781415,0.14840448824178495,0.37216670581733574,0.1,1,1,2
0.36443454893914584,0.308422794615337,0.13794331316663727,0.3356034017043842,0.1,1,1,3
0.3654802093270881,0.32845767590213276,0.1339683017650833,0.3819181646558577,0.1,1,1,4
0.39829239012382905,0.2622606289110097,0.1501606242109751,0.3196769923688566,0.1,1,1,5
0.7398607010848479,0.5458844390671493,0.27971196460764064,1.5650991277841209,0.30000000000000004,1,2,1
0.4974324038015728,0.3700128331395486,0.1957027959945288,1.0715655688069117,0.30000000000000004,1,2,2
0.47158381944062816,0.3759733835056266,0.2117790686818814,1.0545903867620716,0.30000000000000004,1,2,3
0.7001783339116955,0.4675234016771296,0.21879028497253425,1.6258920337396263,0.30000000000000004,1,2,4
0.4921084965636234,0.3872201101672654,0.27849802809008106,1.4302099042283756,0.30000000000000004,1,2,5
0.7225169589416703,0.4649779945183288,1.0228083827833367,0.7294331905605477,0.5,1,3,1
0.6536574726476304,0.30322662111441806,0.5942326819772347,0.6042584476806522,0.5,1,3,2
0.6886753496965751,0.3221832317579358,0.6603734992620512,0.6443220026256874,0.5,1,3,3
0.710880287815812,0.3518484341701397,0.7688946071533375,0.7025543871401593,0.5,1,3,4
0.6695944687986362,0.2875809377408642,0.607195114353485,0.5180899995703934,0.5,1,3,5
1.0879080384531068,0.6677715461825515,1.4617123958996632,1.1666790759780372,0.7000000000000001,1,4,1
1.1062658080455792,0.5275320219773781,0.7189764841776619,2.10425903667464,0.7000000000000001,1,4,2
1.0091286887402815,0.5864687564007705,1.1691546032355282,1.3859306076606377,0.7000000000000001,1,4,3
1.0123545079762664,0.510334942889602,1.138614902084932,0.9926966784674914,0.7000000000000001,1,4,4
1.0483160385999022,0.6761575871118475,1.3376476554781205,1.5872581647506008,0.7000000000000001,1,4,5
1.6416868778180345,0.6655483233721563,0.5623455454324009,4.088181132189205,0.9,1,5,1
1.3939066299278704,0.7287482666483208,1.3209577144619136,2.090368618095189,0.9,1,5,2
1.5348209535152746,0.6536024230922572,0.9774069443078414,4.088659191629508,0.9,1,5,3
1.4018709386234398,0.6880208830091877,1.199638836768168,2.1565593690136513,0.9,1,5,4
1.371662683098178,0.6733679142108704,1.5979164703830924,4.322012783173548,0.9,1,5,5
2.3861445911943444,1.0147810278364455,1.7237016849374462,5.276469297593481,1.1,1,6,1
1.4547581244633998,0.7878433590611161,1.6366199147014016,3.488584116468244,1.1,1,6,2
2.280181090154235,0.9959034691367458,1.403005004701339,5.482639917416923,1.1,1,6,3
2.561829762731673,2.729813375291964,3.578002706984513,5.729601795803594,1.1,1,6,4
2.3248214028316982,0.9366764361453384,1.3809327072795583,5.050519427448134,1.1,1,6,5
4.614432792271971,0.9891683360170832,1.983600236896066,6.47307553634423,1.3000000000000005,1,7,1
1.876131381613401,1.941729523840142,2.6844856126021033,3.2989462793030615,1.3000000000000005,1,7,2
2.206215697644353,0.8584250335305637,1.4131601417237942,5.104514402978736,1.3000000000000005,1,7,3
3.2884113856567,1.0508292249455229,2.219502923014526,5.269950402380041,1.3000000000000005,1,7,4
1.8104346568928,0.8458988619143339,1.7297809343742536,3.938379691197499,1.3000000000000005,1,7,5
1.5058130733301305,1.1749235777272922,1.0549190193725877,1.2288494661713705,1.5000000000000002,1,8,1
1.4892519124350976,0.9744689504679532,1.1248068612113518,1.188288894283015,1.5000000000000002,1,8,2
1.504892441453922,0.7287413757577631,1.560201986676984,1.2257444283623444,1.5000000000000002,1,8,3
1.4726157053414115,0.8946133094647398,1.250072539438437,1.1689431846554426,1.5000000000000002,1,8,4
1.5197942489897374,1.181666526720389,0.9009258417600002,1.2658885114069909,1.5000000000000002,1,8,5
1.6837416331681507,1.0321851749152555,2.7928228537629356,1.9641363941801495,1.7000000000000002,1,9,1
4.489359850759457,1.9999052739041947,4.000228432978254,1.6903095102328178,1.7000000000000002,1,9,2
3.4513920899697244,2.000420436546005,4.000056367122395,1.7112765960649905,1.7000000000000002,1,9,3
1.664864427466409,0.798137780433465,1.9890031875376155,1.4694134542024424,1.7000000000000002,1,9,4
1.9614751560131585,2.0189532628237203,1.7105212673386752,1.7146603863949943,1.7000000000000002,1,9,5
0.7786604639080629,2.0751135059041266,1.9520178333169376,1.9173847030338185,1.9,1,10,1
2.3048709649196435,2.230724354314567,1.873073711189072,1.9169522612376304,1.9,1,10,2
3.887278986031195,2.2708746677298177,1.8862540182594747,1.9324424873940556,1.9,1,10,3
3.1856105084963184,2.268502052615683,2.3045064192851448,2.4209648855460557,1.9,1,10,4
1.1018687767819009,2.1673136175841785,1.8752899824314424,1.92183553874068,1.9,1,10,5
0.958360793821522,2.415427173271671,2.1143233147670246,2.1013057190375637,2.1,1,11,1
3.3940982898624608,2.3532422467888865,2.1264790847355575,2.0920777176403407,2.1,1,11,2
1.6359882150687606,2.318575223359596,2.098509057337683,2.118111313737178,2.1,1,11,3
2.378418101663029,2.2300564634141704,2.081795153565168,2.11911792256714,2.1,1,11,4
1.5320932189830443,2.097567153995267,2.074980530432396,2.1607667831901254,2.1,1,11,5
2.8595994803092153,2.3175508045630537,2.2800947020256155,2.265830626413103,2.3000000000000003,1,12,1
0.7668063191850973,2.4533347938511683,3.78471171067148,2.698251734002661,2.3000000000000003,1,12,2
13.046248090232169,1.3692642115930498,3.621754499044123,10.701599943964784,2.3000000000000003,1,12,3
6.616033262460761,2.1614108016149616,2.404935497928258,9.0567774384547,2.3000000000000003,1,12,4
0.8129700748449996,2.319636659282458,3.5154129715638707,2.5262170635648844,2.3000000000000003,1,12,5
15.656599352708684,1.1099432982738036,1.058791475564104,11.722836381716665,2.5000000000000004,1,13,1
3.497747945153876,2.3249550650113227,2.5139173897067675,2.5294834582105548,2.5000000000000004,1,13,2
20.971559056782084,0.6660982970083275,1.130134287792443,13.898734895459278,2.5000000000000004,1,13,3
10.46032764257431,1.6173928666527555,3.671078505039249,11.537744176503857,2.5000000000000004,1,13,4
14.326501568060852,1.1616708950510686,3.4629039155899703,10.41201455836384,2.5000000000000004,1,13,5
14.003949818564127,1.30260694984362,1.2179707478794617,13.11503607177417,2.7,1,14,1
15.644248042584136,1.0117187349129588,7.003943555606406,9.477015632169698,2.7,1,14,2
16.70462173754174,0.7840145753247386,1.186286911092017,9.565544123921834,2.7,1,14,3
0.7884367987413041,2.359734063278135,4.232080890876586,2.649117714242276,2.7,1,14,4
12.88861277739744,1.3993342946675646,3.655106177919316,11.701099373094085,2.7,1,14,5
17.620579691653116,0.8588342023403794,0.2841246698674378,11.714901206342056,2.9000000000000004,1,15,1
15.66304040671027,0.8198000399224844,0.36905350336258486,9.67174025354859,2.9000000000000004,1,15,2
14.163261707231372,1.263804021132293,2.5117808991443216,11.58281938575906,2.9000000000000004,1,15,3
4.641069300260979,2.4236252578012865,3.507476353637073,5.768126577543397,2.9000000000000004,1,15,4
2.0292101497977217,2.079558637722094,2.9081800208142665,2.8753768761897356,2.9000000000000004,1,15,5
19.997423454552145,0.7107068028223728,0.3209032409866002,12.525086896558266,3.1,1,16,1
18.68197961694508,0.72479851348122,2.445970011925577,10.127958909935868,3.1,1,16,2
18.44062263420111,0.8551782723956353,1.1218314119796104,11.813748561605369,3.1,1,16,3
6.940621269026487,1.940545675733462,2.090638144849907,12.017524707968535,3.1,1,16,4
18.056476403956097,0.749957096100356,1.1335686413511703,10.35751610903944,3.1,1,16,5
17.09187585516647,0.9618955915838258,2.296279592516147,11.1134013180081,3.3000000000000003,1,17,1
15.364976821783427,1.1043069326821129,3.445107214653519,10.53311734816351,3.3000000000000003,1,17,2
14.827442497685068,1.15782945288394,2.404776097925415,11.340556367525462,3.3000000000000003,1,17,3
20.456532787731824,0.6831992363267472,0.39654388183136086,12.74591424058552,3.3000000000000003,1,17,4
17.382453005550445,0.7594037229829617,3.2028526446914984,9.417670378591897,3.3000000000000003,1,17,5
17.134382734538825,0.9095172254786894,3.5495378075706876,10.212242918337928,3.5000000000000004,1,18,1
14.995076273818748,1.0194630779203977,10.836138157023274,8.510872053739938,3.5000000000000004,1,18,2
15.70663715612282,1.048099588738755,4.0521271858345616,10.53272863482487,3.5000000000000004,1,18,3
18.97043425270025,0.7196146657061214,0.7383064158322044,12.299188478852225,3.5000000000000004,1,18,4
20.03284645935701,0.6727123208974753,0.8074743698887394,12.863886806196527,3.5000000000000004,1,18,5
17.132181713266444,0.8823422374534703,1.6544043014700256,10.90646887599812,3.7,1,19,1
19.96865521064356,0.651011023378517,2.21392881110144,10.81590654769795,3.7,1,19,2
16.02564384517979,0.8794109007370408,7.039158103865178,8.596456162500578,3.7,1,19,3
17.668556664220272,0.7421598353371166,7.85579478472602,8.716735087003194,3.7,1,19,4
14.364641394369109,1.40761762039745,0.6996250880169399,16.516213438986853,3.7,1,19,5
17.53210933788239,0.8776985241226893,0.2822381472411228,11.701405903771311,3.9,1,20,1
18.770081593277624,0.7378042360872163,0.3093006680806498,11.828160249572017,3.9,1,20,2
18.803491084496542,0.7176994307162634,0.3123934385779536,11.607695297552564,3.9,1,20,3
14.2432908161531,1.0851795929070842,4.5404997846943544,9.360846184019463,3.9,1,20,4
18.3411543799777,0.7574601914361463,0.3017419355985486,11.225910165781675,3.9,1,20,5
14.69131670015873,1.0704218155548373,2.106516230422198,10.039260314126684,4.1,1,21,1
13.720801842851197,1.1841299684181457,3.4247803967631887,10.33758667291134,4.1,1,21,2
18.41778875432249,0.7372819691209757,3.5087328610231907,9.883953328948312,4.1,1,21,3
19.176423159393188,0.7799091201864681,0.4564476039803163,12.549213715351744,4.1,1,21,4
20.036011752858403,0.7837630730887605,0.4931114810655456,13.3836853512377,4.1,1,21,5
17.347525617707845,1.0785986839382775,0.21078809276906316,13.67253272535616,4.3,1,22,1
16.726046745858795,0.9707408957228352,2.14299573063221,10.991283373267608,4.3,1,22,2
14.54477495436039,1.1109285305999468,3.511408104709801,10.270162110334136,4.3,1,22,3
16.433145128451265,1.0617750307425473,0.4509049650297444,12.713524482451517,4.3,1,22,4
19.51134974440573,0.6577041571737204,2.4375921551879043,10.252697094076252,4.3,1,22,5
20.92903320442391,0.5855196357959991,0.3265161558132694,12.27149066175809,4.5,1,23,1
17.749922552199862,0.962633290646826,0.41316229359840984,13.028474649140357,4.5,1,23,2
15.229277485662308,1.1049256064214743,2.160389799710679,11.084480882174889,4.5,1,23,3
18.48884435786668,0.6401642546132161,2.9912216718438405,9.325206624170349,4.5,1,23,4
19.842935774793048,0.5845989209510831,6.635762675486807,9.29380900087733,4.5,1,23,5
19.015120185092883,0.7277780657592001,0.4414365730805098,11.794084393948795,4.7,1,24,1
19.247066566997265,0.7488174335013945,0.24587812534253647,12.09228943257872,4.7,1,24,2
14.01599874708499,1.165469861603643,4.013901770895669,10.29532511526633,4.7,1,24,3
18.021530223152965,0.7718928607461616,0.28920153968928725,11.31532048652702,4.7,1,24,4
15.313765297165917,1.2087592431332488,0.4366641215104181,13.414223635210076,4.7,1,24,5
17.923607561288893,0.78546982125005,0.30027944675132234,11.385690345560512,4.9,1,25,1
20.81670988118097,0.5023620742030291,5.2981675665165655,9.661146846788832,4.9,1,25,2
20.807765187335896,0.637789012390717,0.3968436447463238,12.749960892243696,4.9,1,25,3
14.187073949527958,1.1323235737356545,0.8424303836006275,11.552645619175388,4.9,1,25,4
20.6026119419588,0.5503606773400711,3.2634989039950653,10.037093569121996,4.9,1,25,5
18.264911357502093,0.923081618786298,2.191190693170582,12.005748003263836,5.1,1,26,1
19.37304436575116,0.6505783716461058,6.016121994129318,9.445387997053231,5.1,1,26,2
19.92392677068647,0.82169176415786,0.3598268471664312,13.416752925730083,5.1,1,26,3
15.463782595754507,0.9497323527879472,4.113512416766014,8.984647980895163,5.1,1,26,4
21.082303123581845,0.42061804989447726,8.640385399537656,8.655725684897432,5.1,1,26,5
20.758307191917197,0.5073279118280829,5.311204938320284,9.52234898870392,5.3,1,27,1
20.649731156337022,0.44304457393700813,6.507223495759383,8.898894787062872,5.3,1,27,2
18.55595582906626,0.5828516995746051,5.25601363107106,8.544894852645552,5.3,1,27,3
19.9296767595606,0.7351633331760478,0.4449258140553159,12.773903096311589,5.3,1,27,4
20.815682377757792,0.5024296673459073,4.480253319155047,9.569340641661649,5.3,1,27,5
17.301826424241824,0.9681551461949972,0.3266964933182401,12.508361193592416,5.5,1,28,1
19.86308826988416,0.975732172950305,0.7966902791934886,15.575488503561306,5.5,1,28,2
20.69044053587802,0.6492185935785934,1.468815329743555,11.626012127877608,5.5,1,28,3
16.18785431171292,1.0173889216294072,1.1577833597363183,11.438144342233882,5.5,1,28,4
21.18250673895045,0.303398837367933,9.003440237854766,8.07918495847798,5.5,1,28,5
19.51561477220614,0.6306144607161392,6.215713869887512,9.653406835091308,5.7,1,29,1
18.99355079205872,0.7029970960915471,4.658223453169229,10.02284189104706,5.7,1,29,2
14.690186401916918,1.1728525460060455,1.3477800644180669,11.75299976445862,5.7,1,29,3
20.731612386100263,0.5030820220894345,5.389340250183458,9.498562473660789,5.7,1,29,4
20.969582085468875,0.5124273431861665,4.20437597118657,9.718010817025228,5.7,1,29,5
20.43819253151108,0.6331736539686057,0.25074256963761204,12.253139426438976,5.9,1,30,1
18.258230134066732,0.7915984159757007,1.5199579366994893,10.721869578025158,5.9,1,30,2
19.60262083206946,0.6413783587596726,4.14035579980794,9.788019750500736,5.9,1,30,3
17.314416008301308,1.001891832551692,0.8230066437254784,13.05774620540067,5.9,1,30,4
18.15705898243489,0.8933297329015449,0.5034801746026761,12.1350090404909,5.9,1,30,5
15.924817253375544,1.1811448100060318,0.3661527542867354,13.384703334561674,6.1,1,31,1
19.6117660166704,0.87789566326765,0.24147371508637552,13.578284683263313,6.1,1,31,2
21.00144275260948,0.46448080261142394,7.455846521621451,9.031434749258173,6.1,1,31,3
20.384677509781792,0.7256927330946299,4.424961639592519,11.11938764452649,6.1,1,31,4
20.055053734880648,0.7404949274105711,4.562665430391606,10.994436773966823,6.1,1,31,5
20.07352485935391,0.5837203674113631,4.4274554962263295,9.632543732399776,6.3,1,32,1
17.84708110961897,0.9883792161530294,1.6331963063422932,12.455181673824308,6.3,1,32,2
16.700818365139966,1.1359295255124189,0.5630586619917926,14.33114386277474,6.3,1,32,3
19.606790568878033,0.6713595892416889,0.271366980073204,11.916509937494194,6.3,1,32,4
17.985128999309804,1.0645225389088644,1.9512866048674116,13.22810404501896,6.3,1,32,5
20.16446819130923,0.673611097234217,7.784125722169352,10.228836396838831,6.5,1,33,1
19.36253851382803,0.6529852142071014,0.5118453313828726,11.90998757623298,6.5,1,33,2
18.671308613405113,0.8361613660086419,2.577790605021627,11.068028597087,6.5,1,33,3
21.47448093573921,0.4843509567802191,8.120582085514643,9.438583507655654,6.5,1,33,4
19.27026631059787,0.7613444629952518,3.1098929777445363,10.66093022506813,6.5,1,33,5
18.644030431304532,0.7957416735323147,4.643280647322848,10.468291688076553,6.7,1,34,1
20.01341839826489,0.5576051642054408,5.703535564791576,9.29424559343926,6.7,1,34,2
19.91283264471537,0.7549574979564175,2.936962666356759,11.320770382217114,6.7,1,34,3
19.34229834452007,0.6520159492791848,0.5663371788552723,11.812186963566797,6.7,1,34,4
22.01399867905211,0.6047367476009654,0.5326685835827687,13.509925807391438,6.7,1,34,5
20.13527393556196,0.5807456653966547,6.143285180652479,9.56996977375307,6.9,1,35,1
21.100692511820544,0.5547715680641109,8.313594184000271,9.656917551618331,6.9,1,35,2
18.9914569248961,0.6963458061765347,4.660929707372716,10.010038332116489,6.9,1,35,3
21.48019406582827,0.45772238045289537,6.856002944887576,9.438358179397143,6.9,1,35,4
19.998139824299887,0.5292561262242517,6.077979527686131,8.98100451391413,6.9,1,35,5
19.133031453826167,0.7865907211031813,4.227407569938696,10.801744520720424,7.1,1,36,1
20.02964343375015,0.7194412737552776,4.848063515920906,10.722020001006095,7.1,1,36,2
20.257528712019063,0.5546755711667619,6.355540427212588,9.395118419475304,7.1,1,36,3
19.067880937383812,0.7844866908869645,4.326198835197928,10.770968624080956,7.1,1,36,4
21.09762630532752,0.4556695066873827,11.04677633578103,8.955038232350999,7.1,1,36,5
19.87882628119705,0.755522778748332,4.774757505840314,10.8257492179378,7.3,1,37,1
20.237555488878932,0.5631173485181805,8.053596123095595,9.378795461106314,7.3,1,37,2
20.348845674750116,0.5060688407934798,6.686743655694058,9.051305650818442,7.3,1,37,3
13.482860100633994,1.367458182355829,3.607671065256592,11.139459865485248,7.3,1,37,4
21.131635196317077,0.4526114391396855,10.868561346119874,8.758933240796647,7.3,1,37,5
20.0954368782148,0.5530592716008212,0.4733435093894753,11.032824474495197,7.5,1,38,1
17.227825873434114,0.7804512476232414,0.5034977077553501,11.096276107722662,7.5,1,38,2
20.285535278725153,0.5323967950474329,7.101653570577386,9.25946953459446,7.5,1,38,3
19.717809755286495,0.6600414308687873,2.1154681866442493,10.57560217138714,7.5,1,38,4
18.73299693225983,0.628513664130275,5.52249156759131,9.032869855475932,7.5,1,38,5
19.995951929326008,0.5729788834941132,7.514198650350618,9.032927061559391,7.7,1,39,1
21.756142181816532,0.4034293440460104,7.742015340327087,9.121575534488072,7.7,1,39,2
20.212892285478127,0.5619801787136978,6.0158727425140865,9.370029355226562,7.7,1,39,3
20.643328542861063,0.7522176527396982,0.456605399662269,13.465454950551704,7.7,1,39,4
19.406019765458677,0.7117004058031685,4.61124374985152,10.216517112800126,7.7,1,39,5
18.78777898122691,0.7092616700054353,5.601109445522689,9.66188871905595,7.9,1,40,1
18.779554085607295,0.7393593524006992,5.093889879180455,9.901906263370734,7.9,1,40,2
17.790802083720955,1.0243989459502592,1.2630663243787057,12.761353042129272,7.9,1,40,3
19.526592719286732,0.6153763971970414,5.728857433027528,9.273205657553191,7.9,1,40,4
19.46559086166731,0.7811641969442,3.2418050092475896,11.09722899545134,7.9,1,40,5
16.158952189577352,1.2444415357691403,1.0448995648739772,14.46650709170268,8.1,1,41,1
19.52798302679521,0.7989361976544808,3.754211409862504,11.209055824205867,8.1,1,41,2
18.615624907056265,0.8916466503711282,1.8467586631149615,11.821326540096525,8.1,1,41,3
20.50359355315056,0.571233788387273,8.20268637050837,9.364092409074726,8.1,1,41,4
15.576877453561108,1.0779687561773057,3.593235697989096,10.757724722508314,8.1,1,41,5
21.048862198030797,0.4378581542782693,11.614956561298742,8.534042157139723,8.3,1,42,1
17.266813881764644,1.055325004662268,0.9087095338753184,12.557576626567537,8.3,1,42,2
17.525214258515234,0.8387335698466468,0.7631268966149767,12.007001008266794,8.3,1,42,3
20.420863217759532,0.54295964968731,7.344845206695684,9.28940349743767,8.3,1,42,4
19.143613583482505,0.6915894246923416,5.871126068620555,9.526889307371292,8.3,1,42,5
19.31194678725226,0.7341659793896044,7.131315989752931,10.124718479360972,8.5,1,43,1
19.80771204153298,0.6252014847402673,6.846006288977739,9.457900664288127,8.5,1,43,2
21.058092665872415,0.41431271265804487,10.00187055666169,8.549678427754131,8.5,1,43,3
19.73173395111352,0.6068527656373097,6.016566560533549,9.236274398861072,8.5,1,43,4
19.633831400445263,0.5194265049766882,7.126751111434007,8.510510388746631,8.5,1,43,5
17.406278969496153,0.914567099682684,2.551544941665844,10.828388278222258,8.7,1,44,1
19.724060172863005,0.604517864496437,8.280638319935273,9.179060640194482,8.7,1,44,2
17.840045851464243,0.8654694282159112,3.2167270676883546,10.625733681882402,8.7,1,44,3
18.098242376221293,0.9158017717268088,3.6427999682891334,11.210683067616026,8.7,1,44,4
19.78680508387271,0.5661841205314176,6.807135261819246,9.2956829931944,8.7,1,44,5
18.077475237603977,0.9291103671064788,1.2169141432007018,11.83793729871086,8.9,1,45,1
18.096099325711236,0.8837383786253419,4.343126335805877,10.864876457998,8.9,1,45,2
18.0474059271412,0.933616684157749,3.7259733643778232,11.436656684423554,8.9,1,45,3
20.82854479055304,0.5196474459755533,7.879509648369856,9.256348866896872,8.9,1,45,4
18.80829722168207,0.6816713586063492,3.297082934818634,9.704492451037636,8.9,1,45,5
16.723745846691916,1.120173247397819,1.3995318141132975,12.818978150231128,9.1,1,46,1
19.19216427592981,0.7855444773084309,5.696026756344696,10.661616169779135,9.1,1,46,2
20.081169652956397,0.46444117982338967,8.458036298777003,8.378368125950209,9.1,1,46,3
16.522829039688073,0.9718396547498664,0.3112758403261051,11.704514368336188,9.1,1,46,4
17.291600661361162,0.7875015013320373,0.6387195863882944,11.450946994087492,9.1,1,46,5
18.43500784292449,0.8243062849549708,4.5872769903827715,10.56761110324991,9.3,1,47,1
16.672350538054403,1.0501125224924062,1.663722109387982,11.755286332880384,9.3,1,47,2
20.351251853604325,0.656058579294853,7.027419305132937,10.076882508773313,9.3,1,47,3
16.13618395081871,0.8844738139457373,0.5199090875026597,10.282782637947763,9.3,1,47,4
16.40249171393268,1.236741779386129,2.010732805523643,14.362990829173071,9.3,1,47,5
19.7248133844872,0.6444869205387088,7.535707306858955,9.543828203333248,9.5,1,48,1
20.16691238266916,0.41808586594463454,11.857169924544154,7.91652399509767,9.5,1,48,2
16.745859667475393,1.037988699314503,0.5543186826015172,12.160432210522991,9.5,1,48,3
17.20515057121776,0.9273365522500446,1.5309514058096907,11.0624993319886,9.5,1,48,4
16.362827440749165,0.9061659219118096,0.6711140298199795,11.402238148987882,9.5,1,48,5
16.36944707601615,1.0065426419665355,2.8819851694226557,10.880439930609604,9.7,1,49,1
19.16355732735457,0.6934391832278458,6.410410089537873,9.596771983819671,9.7,1,49,2
17.047377260183563,0.9452757255533928,6.787441584001768,10.049121253694596,9.7,1,49,3
19.18426260849672,0.6219265863387138,2.408206090903913,9.782289066902006,9.7,1,49,4
21.010030165944897,0.4357053276774463,9.74634792482741,8.920336222639552,9.7,1,49,5
17.76479363541902,0.9113758809254184,1.0535926421299384,11.542792907802896,9.9,1,50,1
15.862793199697396,1.0096986312530447,4.076970503443999,9.999140897196115,9.9,1,50,2
19.69457720790035,0.5378110876578718,8.207202902481523,8.78826331787272,9.9,1,50,3
19.539641945879907,0.5929687941081937,9.1290761861170715,8.744207014971709,9.9,1,50,4
19.391723053126093,0.8053921892897007,5.247089777244544,11.12482851458612,9.9,1,50,5
0.4685280842188436,0.29976236986370325,0.13801224117030503,0.4920361003276764,0.1,2,51,1
0.4913809730147853,0.26879595398504924,0.16398861518277016,0.507343774951593,0.1,2,51,2
0.48756412509486624,0.29977259807996304,0.15490611020869607,0.5104299874595957,0.1,2,51,3
0.5331046078958194,0.22959957663685343,0.17872782751243188,0.5385458140764589,0.1,2,51,4
0.43617536606012536,0.2740820026938383,0.12678836529988724,0.5387321719066893,0.1,2,51,5
0.7384054255406275,0.3980016263111413,0.17260021895999286,1.3783920498414826,0.30000000000000004,2,52,1
0.6859657119895123,0.47991208510830863,0.18104951578574027,1.534700189354829,0.30000000000000004,2,52,2
0.6805113372544718,0.5146539379821556,0.2844493724513124,1.4383048104360456,0.30000000000000004,2,52,3
0.6450821303610632,0.5038694799127772,0.19451312838260493,1.54574319370972,0.30000000000000004,2,52,4
0.8073151851726346,0.2035501769192709,0.22851285809796656,0.9581108870334848,0.30000000000000004,2,52,5
0.7288684581959501,0.23741164200284431,0.31035385009203753,0.5420303235265392,0.5,2,53,1
0.7226625317416264,0.2960885432924877,1.0349458402234648,0.5031845129364368,0.5,2,53,2
0.7679340383759975,0.34775467313382435,1.287753102276443,0.7673574756927822,0.5,2,53,3
0.7305609364531799,0.2916034429112958,0.871797193248813,0.18208153661167573,0.5,2,53,4
0.756266910728026,0.4023177598747325,1.2319796835751673,0.2937254718463171,0.5,2,53,5
1.2759809568786948,0.47983169917096313,0.753704204703698,1.456022358821334,0.7000000000000001,2,54,1
1.0040915017812473,0.702381302100718,0.5896186401502121,2.556331020791555,0.7000000000000001,2,54,2
0.9161785489814464,0.5739882095812436,0.4498225686031577,1.9294355388970097,0.7000000000000001,2,54,3
1.2485912762929556,0.4979522380108464,0.7450702126457892,1.5409460912459887,0.7000000000000001,2,54,4
1.376306741855417,0.6165000332356764,0.6635164077268607,2.421659202715027,0.7000000000000001,2,54,5
1.4928677045335323,0.7668248559860069,1.4950505020510771,1.9485103514943576,0.9,2,55,1
1.481374133423868,0.8485321178382553,1.8481540322294037,1.8699579073461408,0.9,2,55,2
1.645262858060397,0.694043262887417,1.1482184381383669,2.2178598152549167,0.9,2,55,3
1.7309319417928528,0.6910465474804776,1.2447330679818485,2.258296074766275,0.9,2,55,4
1.7377996022466566,0.7662671045165425,1.3718522589371345,2.4989332499296864,0.9,2,55,5
2.478273565231452,2.6340111233060575,3.484593828950597,5.140139246068559,1.1,2,56,1
1.839513026512762,1.009265218620893,2.1824142092577343,2.634720267739772,1.1,2,56,2
2.7057878726891653,1.0956937041792405,1.983064487703356,5.817797988407361,1.1,2,56,3
1.1157031295843978,0.5991105263596336,1.366475137286615,0.9644008277417984,1.1,2,56,4
2.923984264394206,3.8255688176845495,4.773278363027761,6.667985999451055,1.1,2,56,5
1.9074831140385489,1.979337037129146,2.6821845118522067,3.3433582249841165,1.3000000000000005,2,57,1
3.938563212973303,1.3643508306867391,2.5423002780123847,6.187458290979054,1.3000000000000005,2,57,2
4.410634152866088,1.0364249057802202,2.361443043613724,5.672728160787089,1.3000000000000005,2,57,3
1.2685931045245786,0.6582040741390001,1.3815714575115818,1.0561483350915652,1.3000000000000005,2,57,4
1.2644277506317732,0.6653663270429919,1.3468688384331688,1.059314960949794,1.3000000000000005,2,57,5
1.5259509127409263,1.1408218608405538,0.9669809921539448,1.2464134125761797,1.5000000000000002,2,58,1
1.4956438302468762,1.041209060099762,0.9800073463055048,1.2420744963685122,1.5000000000000002,2,58,2
1.5233782606020303,1.2004021422363989,0.8935823626294976,1.3223614730194864,1.5000000000000002,2,58,3
1.4723984168944788,1.0371500980374024,1.04919128341278,1.221074605293037,1.5000000000000002,2,58,4
1.47295380016019,0.8381077305412351,1.295459537047301,1.1685839212126774,1.5000000000000002,2,58,5
3.914104383383949,1.999906134750821,4.00000037270284,1.7051194847862554,1.7000000000000002,2,59,1
4.311066244734621,2.0001053939843234,4.000517488242336,1.7202725552763345,1.7000000000000002,2,59,2
0.6754017016823635,2.0374267376638304,1.741844642974902,1.6655498065508878,1.7000000000000002,2,59,3
5.324376566703633,2.259691159687633,1.7103833477361456,1.6996969136465836,1.7000000000000002,2,59,4
1.6665575361840137,1.0958509746506555,2.8962036334955177,1.9303272073307416,1.7000000000000002,2,59,5
2.7218643273487357,2.193965887631003,1.9086660028295437,1.8814459641967864,1.9,2,60,1
2.6305379159176927,2.0088807545692964,1.8988916152838264,1.9044862989658535,1.9,2,60,2
2.1118769059857505,2.018986666389041,1.908634251962644,1.843398951400597,1.9,2,60,3
4.066179380425207,2.3041876279081994,2.9254099250036676,1.890970653036815,1.9,2,60,4
1.4109800669371344,2.2415457652010846,1.8991155486429816,1.9522042385025995,1.9,2,60,5
0.9014047487628152,2.238339771038883,2.0807923937911945,2.0991515749886926,2.1,2,61,1
1.4611476663683811,2.4142796313556594,3.835736045583832,2.195698662227525,2.1,2,61,2
1.2380828523435696,2.250214995633841,2.0934324007187293,2.0843445161023815,2.1,2,61,3
0.6828134149130091,2.270660280954202,4.254662184146681,2.1281627392440057,2.1,2,61,4
0.8370952744590818,2.2312351089714344,2.113363595147343,2.105866682149857,2.1,2,61,5
8.890231103696326,1.875631147980664,3.4343902494790877,9.832267325367198,2.3000000000000003,2,62,1
16.871475988692623,1.0064875593408846,1.4464582045746457,14.273867954886104,2.3000000000000003,2,62,2
9.03242368304866,1.8985707949681736,3.213606266341266,11.28566416370374,2.3000000000000003,2,62,3
12.989248353194071,1.5377895174164649,2.719628746571561,13.83492352067432,2.3000000000000003,2,62,4
1.6478676818390634,2.3269546432195183,2.8062463500528456,3.322673748085984,2.3000000000000003,2,62,5
11.12397742618211,1.5578349678668562,0.5303664980453896,14.280722616281828,2.5000000000000004,2,63,1
0.4855803014101076,2.3489307163757314,2.7014385073253178,3.709724139771589,2.5000000000000004,2,63,2
15.18476421586232,1.248669304157352,1.8489374234457585,15.759818220450502,2.5000000000000004,2,63,3
1.3012214502669357,2.224682535378637,2.467342919140058,2.533643275889528,2.5000000000000004,2,63,4
2.1198260752866656,2.1101751816079997,2.495052623928996,2.5104295244535595,2.5000000000000004,2,63,5
13.083079448391164,1.3778537967956186,0.7039901689279745,13.385750254564938,2.7,2,64,1
8.88437371405001,1.5672742690020796,1.4863863718384605,11.422020009932204,2.7,2,64,2
7.306546815182023,1.6732288099503885,0.5777905877138856,12.160416959560054,2.7,2,64,3
6.672058877088723,1.62988892595844,1.2628804864608816,10.41799977433235,2.7,2,64,4
6.1464022771929825,1.649899198164236,2.1352546494014946,8.902810322742988,2.7,2,64,5
7.63712466241557,1.6094508898896709,0.5286211594019699,11.299703307121836,2.9000000000000004,2,65,1
7.739656924492325,1.629261792068328,1.3381776890031771,10.86671127661286,2.9000000000000004,2,65,2
14.056709961756926,1.07068962915101,1.1816502223630712,11.03791647933115,2.9000000000000004,2,65,3
7.480644410007001,1.675089550515552,0.6388387704271137,12.241626691826268,2.9000000000000004,2,65,4
6.252139784086995,1.6451126165350207,1.7590779548317048,9.434325137642924,2.9000000000000004,2,65,5
7.506046183992608,1.5591277678813111,0.8583222662820564,8.53995129250225,3.1,2,66,1
10.488163699819651,1.4098066488626315,1.1943606267972544,10.724908606424384,3.1,2,66,2
8.204905064751047,1.6011723289639752,3.856071791033488,9.86402486287499,3.1,2,66,3
6.6105818584917175,1.6539561521998247,2.161341202281146,10.756459866603862,3.1,2,66,4
8.512423649698885,1.4976273334145982,1.6400460738438638,8.300366685461393,3.1,2,66,5
7.530965869781957,1.6105766287714165,1.7868540307450191,11.388598938706052,3.3000000000000003,2,67,1
6.714412398930293,1.659231855283131,3.035052986286579,10.197847557075248,3.3000000000000003,2,67,2
10.477416089968695,1.400256367742318,1.0467013343966651,10.23641624768344,3.3000000000000003,2,67,3
7.084816730609856,1.6669043641745236,1.3895959395780415,10.671301360994562,3.3000000000000003,2,67,4
7.009655891696887,1.6480906633999035,0.7597352345059576,9.740566338296208,3.3000000000000003,2,67,5
6.161036206988616,1.6442479205583107,2.58213048913342,8.78138014661582,3.5000000000000004,2,68,1
6.542026870599121,1.653486872316529,2.3779613395997856,9.46437421973052,3.5000000000000004,2,68,2
7.573507660179835,1.5638730924776851,2.040762182651841,8.434083982847573,3.5000000000000004,2,68,3
6.42987743752064,1.7201155228451406,2.7476797155033266,11.373147693623636,3.5000000000000004,2,68,4
8.007752716762763,1.5811513327283344,0.6194786687222386,11.110909380650853,3.5000000000000004,2,68,5
7.568848724497468,1.6150320721496318,0.5304651366897246,10.95905005838869,3.7,2,69,1
14.729291046228418,1.4033723242702587,1.8788348659278664,18.337261200278448,3.7,2,69,2
9.397670531451944,1.4888569111612926,1.1594999384734137,10.530918283979892,3.7,2,69,3
7.190591219959678,1.6411963778522616,2.2289790330999013,11.716815746833468,3.7,2,69,4
6.39876622183109,1.6566357424043805,4.48346404210888,8.972339493418684,3.7,2,69,5
7.557880737747927,1.593062358803064,0.826025945563762,9.746446751882203,3.9,2,70,1
13.583844056009726,1.167204801453319,1.173456497443933,11.361026853611506,3.9,2,70,2
8.01515272496822,1.58224923851704,0.9517317926832264,10.410052333339811,3.9,2,70,3
7.781426889915005,1.541194763389761,2.003938139846571,8.365667009584257,3.9,2,70,4
6.800661702372837,1.7074916964504303,0.5496240604906941,11.861367514307338,3.9,2,70,5
5.902697074127066,1.709336413726087,3.5708825631283707,9.97261972553613,4.1,2,71,1
9.1753158702688,1.4989518832526152,0.4903383480525855,10.27916070194428,4.1,2,71,2
7.12298549792895,1.6260842548654884,2.130620433440557,9.594979752395014,4.1,2,71,3
6.420587185523403,1.635972086979612,2.977007522717175,10.28063113672114,4.1,2,71,4
7.763153033177224,1.6492616607662691,1.0469599780595478,12.736073446181594,4.1,2,71,5
11.084681054814364,1.2909439293383584,0.778764610679781,9.525618567465203,4.3,2,72,1
14.123601465108786,1.1306317887196813,1.3371190900405698,11.925834954180225,4.3,2,72,2
7.633361902469637,1.560191518740976,1.3728324545626007,8.600599802933523,4.3,2,72,3
6.584234827214647,1.6486112773356028,2.56721956211658,9.758611069180104,4.3,2,72,4
8.036135100620946,1.5420375024992086,3.870824068619068,8.732429540436758,4.3,2,72,5
8.36350579675532,1.505328283038284,1.4155449185206517,9.57582488475299,4.5,2,73,1
7.941444542110083,1.5635430422752703,1.8242432659655103,9.463663405431136,4.5,2,73,2
10.463089285368753,1.3500263563685682,2.487955333527885,12.773983180022285,4.5,2,73,3
8.779624820919796,1.5113116132976676,2.02709636488071,9.003933895237672,4.5,2,73,4
9.459106378586174,1.5192296954244255,1.2899999411517242,11.368555913585457,4.5,2,73,5
6.737649929517056,1.6101546598853247,5.522373870557916,8.307022111024443,4.7,2,74,1
9.164758991465668,1.5230352528318332,1.322187138288755,11.316535116946335,4.7,2,74,2
9.463928795671745,1.4147548995247052,8.952769108103281,7.711981493485037,4.7,2,74,3
8.534065224123422,1.4819549692924705,2.491178094836168,8.171450754285608,4.7,2,74,4
9.477390289152552,1.4694008870026896,4.765352275475133,8.853689765700194,4.7,2,74,5
6.92131751163507,1.6331947044633854,1.5244153879846445,9.911401506900267,4.9,2,75,1
9.225507104926754,1.5290879609473682,0.5238199140856179,10.830014410602104,4.9,2,75,2
8.035261408931548,1.5577356076852815,5.897737738251348,8.79357488852836,4.9,2,75,3
7.274368970826118,1.6120284591750045,3.4926493279397497,11.361800290448198,4.9,2,75,4
7.532840736338176,1.5606246525739575,0.8952906941447996,8.902303838153587,4.9,2,75,5
9.514617640566197,1.386242407716493,0.6713649120869081,7.90822096361228,5.1,2,76,1
6.401262197477448,1.6526371670699511,5.653649819420752,10.368946178217534,5.1,2,76,2
10.770318140811863,1.397845498465213,1.1893734354753485,11.180047416415752,5.1,2,76,3
8.95489443712059,1.4563940209120203,3.3614235189953914,11.618712616692925,5.1,2,76,4
9.391131879543178,1.4783305769832946,1.1066229146515791,10.139925010666673,5.1,2,76,5
9.031465187863995,1.5672296557846226,0.9324679781964416,12.874469092714415,5.3,2,77,1
5.875666699859879,1.6641474639233511,1.815849854363911,9.39624430670393,5.3,2,77,2
7.910320343654213,1.549312079500894,1.8678406043137317,10.63349404364214,5.3,2,77,3
7.722244665341179,1.544237443962046,8.76524184159269,7.7729267137276254,5.3,2,77,4
9.631095098661913,1.437574679460344,2.466344553268325,8.949201888272306,5.3,2,77,5
6.915649353763105,1.5882550890319858,2.048034965319226,8.138354527949028,5.5,2,78,1
6.755026471490816,1.6711251922472286,2.8325040531349663,9.78231791261875,5.5,2,78,2
6.0467978951905845,1.6559939354386644,3.240428779776973,9.981484377202037,5.5,2,78,3
10.03164455440544,1.4132237730133763,2.714342951457295,13.751245546116625,5.5,2,78,4
7.492237793235266,1.5939503403489323,4.474549791742675,11.05935839000395,5.5,2,78,5
8.135779346527368,1.5904241969910655,0.5982563230895172,12.39296197396614,5.7,2,79,1
7.070159642807799,1.5816020856715816,3.972209640784232,8.156028823524343,5.7,2,79,2
6.931815396527276,1.6183291207485608,3.1957056304206466,11.241502641468356,5.7,2,79,3
8.468271992391246,1.5380275468326283,5.522005288358759,8.939257454821982,5.7,2,79,4
7.6819517330341425,1.5781942537830047,3.1204174008463736,12.380077372058931,5.7,2,79,5
9.091440160557,1.472825907689348,4.3788729232281,12.132114477986022,5.9,2,80,1
7.2052309843067,1.5887374210764236,1.0129608500361376,9.261583135641228,5.9,2,80,2
7.28203989814434,1.5816347425332649,2.7697692841088393,8.912023763650842,5.9,2,80,3
6.7065145181091665,1.6211282601574462,2.8854573139516817,12.499567105025852,5.9,2,80,4
8.52528502511783,1.500572328868775,4.752979324747131,8.505852816902392,5.9,2,80,5
6.660898434349446,1.603101570181332,3.26887412439014,8.090940081141097,6.1,2,81,1
9.30299181334328,1.444048097083832,7.455659305713067,8.227857094606238,6.1,2,81,2
11.242991896677454,1.303033935931721,2.523018321256553,13.9511332151501,6.1,2,81,3
8.389333159828062,1.5557578519011608,1.1806203674607345,10.051664580249334,6.1,2,81,4
10.717000702094452,1.3290251639539206,2.5973401097752276,13.651541684131615,6.1,2,81,5
7.2608494874276035,1.596681871349028,4.4871091516648764,9.307075067210352,6.3,2,82,1
7.200587373810441,1.6131848100813997,1.2384354199844156,12.031950971071536,6.3,2,82,2
8.312633047179634,1.5087489087347192,6.635841260142924,7.980869390522383,6.3,2,82,3
9.871578885453337,1.3879030522153823,2.6786746470448906,13.4248899307896,6.3,2,82,4
7.886302015695532,1.5786519962028538,3.247421336200364,9.30124269229276,6.3,2,82,5
9.345591444452996,1.5026095912813489,3.024770662022312,10.752629362190332,6.5,2,83,1
9.266433133588055,1.5295007383805772,1.0836933792178658,11.347683382416887,6.5,2,83,2
8.217886821641386,1.512750858765199,4.326000597993875,9.544889342776033,6.5,2,83,3
8.886385057872104,1.540869094518602,1.414581026781958,11.502924651754157,6.5,2,83,4
7.782060963296576,1.5888980912497277,6.149564445194352,9.209541664747722,6.5,2,83,5
6.706303232106431,1.6501070110647262,4.26258321169859,9.827132242587645,6.7,2,84,1
7.749383164973958,1.5394837087202202,6.399841760393661,7.791311291099868,6.7,2,84,2
7.794002071455048,1.6224735381168196,0.6086203154400975,10.974456503174563,6.7,2,84,3
6.788190648000783,1.5964828843170984,1.8026366233792883,10.954106643517958,6.7,2,84,4
8.338638261740142,1.5528830371550943,4.251087418867105,10.030621220626925,6.7,2,84,5
8.451522357377144,1.549294327447032,0.5755108638360625,11.574268982604991,6.9,2,85,1
6.916513037443979,1.5761462188000526,1.2882268700129291,10.642703458785096,6.9,2,85,2
9.037537463551816,1.4665619010344466,2.8967516182176256,13.751037989572657,6.9,2,85,3
9.453985243037744,1.446592233018427,2.735414318963345,13.18779395876524,6.9,2,85,4
8.301233192031239,1.544058657786209,4.60735775884065,9.008530265886847,6.9,2,85,5
7.520404655396729,1.583337497736342,4.504720061192299,10.147010088462208,7.1,2,86,1
6.442098062366329,1.6352388768291943,2.7693096959408807,9.38934849886959,7.1,2,86,2
9.206557023858831,1.5688525777748268,1.1381479680228916,12.647837070279005,7.1,2,86,3
7.710218471962625,1.5635742490536255,5.132893964707255,10.436888880112086,7.1,2,86,4
8.452854351956569,1.5220449590909668,3.3596327069521763,13.339793768663586,7.1,2,86,5
8.098981908330334,1.553342041627232,1.0261827000912565,10.36994588159586,7.3,2,87,1
7.145685727349066,1.6021707882751144,3.5689694186334,10.159900515973536,7.3,2,87,2
7.498120542608223,1.5823136862670657,7.134247682307131,9.044935616287582,7.3,2,87,3
8.458501239615263,1.4503845275200895,2.495994030825218,12.661991871353532,7.3,2,87,4
8.209587487160784,1.5158067947577718,4.264998565277018,11.39570780668809,7.3,2,87,5
8.26938777306042,1.5696207869070995,4.41128979909458,9.758604686379384,7.5,2,88,1
8.295328197306707,1.5433819825454975,4.964059475829069,9.297897387599164,7.5,2,88,2
8.672842132309656,1.5365902282647088,4.775902810989444,9.002262199666944,7.5,2,88,3
8.639305836882544,1.5692342239518828,0.4557071764572488,11.53665125505071,7.5,2,88,4
8.428087226656467,1.5264800676020118,4.75731071143015,10.606384559222404,7.5,2,88,5
7.570976573954351,1.5731830481029063,4.839335203730092,11.537801248087638,7.7,2,89,1
8.906694408433486,1.5036831540438378,7.522619322440375,8.744249603847402,7.7,2,89,2
7.55863533063714,1.5687327548898988,5.803616422246171,8.704150558567482,7.7,2,89,3
10.12668752289686,1.48057263684911,0.5121104467371339,11.94207980290591,7.7,2,89,4
4.943858168078105,1.7363507512192646,5.713871369916376,8.06797592834314,7.7,2,89,5
11.793968554079589,1.365421693347476,1.885392132831733,10.387154165694856,7.9,2,90,1
8.23240069792982,1.593153025906664,1.142219485606289,12.46272444585617,7.9,2,90,2
8.072419631994073,1.5544544893271877,4.521188135712846,9.013412650658449,7.9,2,90,3
7.614157061996614,1.559568328373537,3.5048864553099106,9.620784113991345,7.9,2,90,4
10.536679247477212,1.3322387208295263,2.646581919110886,13.424769567575913,7.9,2,90,5
6.074334821743578,1.6606227356656866,4.563070985013861,8.886471348414585,8.1,2,91,1
8.217749815734306,1.525946151805467,3.5767358114715684,11.335093412745897,8.1,2,91,2
9.615755172364468,1.4422904007875816,7.077339940203914,8.164005380773316,8.1,2,91,3
9.234671792088951,1.422650750964157,9.644046251494974,7.547666247318219,8.1,2,91,4
7.540039398460887,1.6034134267909943,6.07762721795705,11.14098630931862,8.1,2,91,5
5.496923212818544,1.6613619342074168,4.855933185421542,9.531879608920772,8.3,2,92,1
7.8982027535658,1.5811013167996104,4.465381958093183,10.609807535164396,8.3,2,92,2
8.66359047919585,1.4734518325650618,2.410145737733969,12.097138517278587,8.3,2,92,3
7.049278973561835,1.6193952400120435,4.962119494595368,8.430126194419838,8.3,2,92,4
8.686518932099759,1.650895185545134,1.263413130002307,15.2829115049748,8.3,2,92,5
7.837001342922003,1.559508838821055,4.397227533896129,8.591747220973017,8.5,2,93,1
7.22675465789222,1.5690519583652205,1.0538275722203674,9.868468554146215,8.5,2,93,2
7.567534366747595,1.5713651788401788,1.450309578004188,10.391961952299996,8.5,2,93,3
6.0189939259322776,1.6182322665321482,4.127152764833733,9.390643080693446,8.5,2,93,4
4.809419790842527,1.7319880802305254,5.463779320256811,8.745861483656576,8.5,2,93,5
9.01613693124807,1.488545362234518,7.437957030978528,8.50358639018489,8.7,2,94,1
7.516883241735746,1.566215170175995,2.5433595165348164,10.31606155204736,8.7,2,94,2
7.930057054329006,1.5551257207100857,4.079275764195707,8.025957933392235,8.7,2,94,3
6.132462439853605,1.6123301586770051,3.610718790533779,9.769561374925429,8.7,2,94,4
8.776848445650323,1.5011799129196273,0.6908221769084562,10.542376987886918,8.7,2,94,5
7.880316104007439,1.5321501834778626,3.2157428814947444,9.00092043376862,8.9,2,95,1
8.894422490165217,1.4379095672221536,11.536865751075217,8.67371644774828,8.9,2,95,2
5.849760749843074,1.6625474352526048,4.399662934925212,8.747488579957885,8.9,2,95,3
6.553710547348712,1.6128170620265063,4.381518437624701,9.946348294946096,8.9,2,95,4
7.969168934414686,1.562116763394564,4.197351131948665,9.281055170943995,8.9,2,95,5
7.780477859584852,1.564697226478064,4.300713377420798,10.025111130781678,9.1,2,96,1
8.087911408205871,1.5281033332476328,1.1194165122015975,10.710971871006969,9.1,2,96,2
9.309205326886785,1.4801021867249065,0.7444816859857705,10.624192442537003,9.1,2,96,3
6.988951479240381,1.6149370677745265,3.086546692554992,9.486353734127098,9.1,2,96,4
7.78462806549676,1.5628803392133097,5.597559713839643,8.34997996750947,9.1,2,96,5
8.691158974598965,1.5230804271699327,1.3012132001106758,10.574258008685902,9.3,2,97,1
7.693591555731116,1.5641957604059615,0.5745632618491497,9.412628013988568,9.3,2,97,2
6.8780906604499465,1.5932060028013535,1.2097014330370106,10.680223625116335,9.3,2,97,3
6.664493814271119,1.6243424923933318,5.895719423395218,9.98432402981323,9.3,2,97,4
6.294704185267662,1.6519876414177117,7.560044867104098,8.26485695078952,9.3,2,97,5
8.97422628758787,1.4806276838405728,8.075563592828138,8.262995758046285,9.5,2,98,1
6.829706835948984,1.599363713404638,4.170852694535445,10.8613493484273,9.5,2,98,2
11.041329919605008,1.299442317093107,2.5251101313247304,13.135730753601877,9.5,2,98,3
5.511627951256177,1.6687024164903492,4.585746089799053,9.217003459800074,9.5,2,98,4
10.14576963812182,1.4912434996744826,2.5123262339639663,11.266487870502056,9.5,2,98,5
5.4944808625733845,1.7185521470978078,1.4811351864315685,11.058951428271635,9.7,2,99,1
8.414907274195052,1.5433344247051743,6.394098852928037,9.455850058564785,9.7,2,99,2
10.249875104962232,1.3672168225750756,2.6955697892275436,13.80082606637729,9.7,2,99,3
8.013907875968645,1.5578634986044737,2.8511064252494167,10.439252096166216,9.7,2,99,4
8.83274941329335,1.4783652374750462,0.936998945914326,9.644834162248037,9.7,2,99,5
7.216861338021488,1.563917566438394,2.2352306296590436,9.008265347652817,9.9,2,100,1
7.967115631364663,1.5607050387308057,6.918021554517235,8.662897748498565,9.9,2,100,2
9.291272192509298,1.447618948831534,0.8969655434949931,9.321178561163622,9.9,2,100,3
8.485691740658483,1.535501010977875,4.545667874365358,11.975116295573043,9.9,2,100,4
8.76836089101904,1.4712374093736846,8.33838129806744,7.72804139186949,9.9,2,100,5
0.7475424542097768,0.1590518547013776,0.2502432772255622,0.7071233584675165,0.1,3,101,1
0.7146576707756872,0.19758003326680476,0.21804578870441815,0.6909751373691768,0.1,3,101,2
0.6107476307579658,0.20560920780938763,0.19025266547940337,0.6473736597229088,0.1,3,101,3
0.7562966073677998,0.1950300721631936,0.2631335585030909,0.7253205308858386,0.1,3,101,4
0.7382644353475797,0.2129161170464049,0.2396002439589328,0.7155316570546092,0.1,3,101,5
0.4962803678829598,0.2093912619206912,0.15635683137334236,0.7423698904715571,0.30000000000000004,3,102,1
0.9658785583246986,0.20913915646601672,0.20754444919687956,1.096666633955202,0.30000000000000004,3,102,2
1.444469809465413,0.1478099356166397,0.21095892434633068,1.2652072912199115,0.30000000000000004,3,102,3
1.1092285822221035,0.4142952468082259,0.4523910866641896,1.4407193295604768,0.30000000000000004,3,102,4
1.0598743999640403,0.07301066662109196,0.05633145504794563,0.9666520623433368,0.30000000000000004,3,102,5
0.8106610554835778,0.30517117920134895,0.6209249598757082,0.5211507759880942,0.5,3,103,1
0.943721733900338,0.0923868426839862,0.10613466205291797,0.21001580069294035,0.5,3,103,2
1.0182749380891567,0.21811745543905128,0.4628341349020215,0.6309013786116469,0.5,3,103,3
0.40172958825113736,0.24463531973082925,0.3422900811062729,0.305060877454781,0.5,3,103,4
0.819256995934298,0.2538493115153395,0.8869632547151188,0.6902653258595048,0.5,3,103,5
1.7904351994572532,0.35303263460704953,0.5854655629520419,1.567485998889477,0.7000000000000001,3,104,1
1.4031581850451174,0.5460807596890348,0.9233341577855326,1.800886947294907,0.7000000000000001,3,104,2
1.533974459743757,0.4039523885188612,0.8887371461172837,1.1195230187138825,0.7000000000000001,3,104,3
2.1702062874709496,0.10601897816770035,0.42256018503036874,0.9706111727614284,0.7000000000000001,3,104,4
1.664225767407848,0.36924314046989887,0.4667887822125806,1.6657837597078418,0.7000000000000001,3,104,5
1.2662056635402037,0.8768990995481076,1.8190051964515808,1.773783967561537,0.9,3,105,1
1.51921438787013,0.6997815856207726,1.1454912349718782,2.2697169655881457,0.9,3,105,2
3.760984911258327,0.1309604018986316,0.29982958834497236,2.07223594402093,0.9,3,105,3
1.022026574172461,0.997592030298009,1.8745830754206896,2.4705083010128273,0.9,3,105,4
1.7058318195856192,0.8808146182524431,1.8701157237740351,2.1071301300214413,0.9,3,105,5
1.8195509835841672,0.9154105364124916,1.8584656990504396,2.474404419267506,1.1,3,106,1
3.018239167533327,3.599372879998001,4.660625946054297,6.252326140090921,1.1,3,106,2
3.6633207331996247,2.5538812091178675,3.303117343131418,4.9265789627771674,1.1,3,106,3
4.038584020839802,0.7639381242146153,1.9753257571506664,3.474913452223474,1.1,3,106,4
2.3805152284839712,0.6341260756591952,1.4177854760907338,2.0063131794163205,1.1,3,106,5
3.3205912169365233,4.518240245320908,5.767763734646447,7.550925146343548,1.3000000000000005,3,107,1
15.931609619941796,0.03137043276402633,0.0979207517402346,8.07280100415309,1.3000000000000005,3,107,2
1.6259471306649913,0.7365757457681565,1.5177276217370606,2.5905704336286055,1.3000000000000005,3,107,3
8.590092758728689,0.5044252153526662,1.1957985377767473,5.426766339540054,1.3000000000000005,3,107,4
2.0646432826856427,0.8624658182443432,1.664269789772286,4.244158075022664,1.3000000000000005,3,107,5
2.749040328309023,3.9493045269694256,5.036987629238264,6.650076945182763,1.5000000000000002,3,108,1
2.269627147244602,2.8200302792050245,3.5633489173792228,4.70898767239887,1.5000000000000002,3,108,2
1.4559401921896822,0.7342454684597115,1.576674410328112,1.2602885502699854,1.5000000000000002,3,108,3
2.3078759716555055,2.685545165920942,3.512869121091436,4.608046018618491,1.5000000000000002,3,108,4
1.4634054448480245,0.8059080118655244,1.3946076026470524,1.1923208748675624,1.5000000000000002,3,108,5
2.6692340965538275,2.0006309788351175,4.00058715073998,1.7011366987991856,1.7000000000000002,3,109,1
3.7798968477914743,1.999965207065861,3.999877585849049,1.675518647604522,1.7000000000000002,3,109,2
1.7018828145198257,1.02671644228783,2.6897175914859695,1.9853287016283616,1.7000000000000002,3,109,3
3.074446116688024,2.1192189372356074,1.691771120451864,1.651119164788274,1.7000000000000002,3,109,4
3.584578829924682,1.9998558105453297,3.9998369331046457,1.6948702551314807,1.7000000000000002,3,109,5
0.9113294428537436,2.3106837238801807,1.926228228913926,1.7552940916684028,1.9,3,110,1
3.3846918607848404,2.2362604732015736,1.9098069959813175,1.9197357926204268,1.9,3,110,2
1.9181829656662115,2.3738691330310293,1.8833137432980325,1.8694755102931029,1.9,3,110,3
1.9078424789691228,2.1023260048485395,1.9025315196729415,1.880443265145078,1.9,3,110,4
1.4381140268516932,2.1291817898397767,4.032937068648888,1.8714512892832649,1.9,3,110,5
1.0737683342812407,2.3446634601636243,2.171588119822297,2.194686786053087,2.1,3,111,1
1.2378909157425475,2.270228958556617,2.094204881669014,2.1056515907509215,2.1,3,111,2
15.77265217950008,1.2940911893833291,2.3300628948566406,17.72060578757388,2.1,3,111,3
1.9149127116815885,2.12427448303741,3.9954634786127783,2.159344779299799,2.1,3,111,4
2.156951636888686,2.3817778364034132,2.0813560752152034,1.9591596806222893,2.1,3,111,5
12.440825880043908,1.6453541202546706,2.920087555871973,23.426476122117844,2.3000000000000003,3,112,1
17.208710309213163,1.4633593412400725,1.667367776936486,15.043111276116829,2.3000000000000003,3,112,2
1.027137370604797,2.113455853416107,4.005725025912953,2.2889883835199636,2.3000000000000003,3,112,3
14.853164894645426,1.2946856226580064,1.5585336906716591,15.943205072102106,2.3000000000000003,3,112,4
15.088667165142889,1.4717148991654143,2.337676885739765,13.722821845891712,2.3000000000000003,3,112,5
8.68745788825616,1.5982044135370108,1.4313495211577931,11.309614990676888,2.5000000000000004,3,113,1
8.165402665097982,1.6468874141800336,1.067274078405538,12.071402673137564,2.5000000000000004,3,113,2
3.866987438839654,1.813748465432257,3.1456074665907865,8.570103457425585,2.5000000000000004,3,113,3
8.636420315455814,1.589684250946141,1.349803777258558,11.79901509638108,2.5000000000000004,3,113,4
10.878234951913791,1.4047574070445636,1.86765846464273,12.264687726083595,2.5000000000000004,3,113,5
4.383738365138767,1.791567868209494,0.7330044965739799,9.08661808313564,2.7,3,114,1
8.059071503360638,1.6787925537698631,1.1285593364874342,11.787245048045412,2.7,3,114,2
7.167116279420766,1.729276332778863,0.8107546187384176,12.086278308219304,2.7,3,114,3
11.213523843192036,1.5245711720858566,0.6544669170149003,14.363089744639844,2.7,3,114,4
9.46500358794001,1.5882263926134994,1.8182625939126549,12.959475871950728,2.7,3,114,5
5.1808677054440135,1.7408946931187952,0.8760504540795427,11.011148034937587,2.9000000000000004,3,115,1
3.111393997519216,1.8284303042023715,2.6411323792618333,4.627247150757416,2.9000000000000004,3,115,2
4.429958860357284,1.7735512324271014,3.055750628482949,8.920001187484702,2.9000000000000004,3,115,3
4.259056858197515,1.78650964145782,1.5572379170731243,8.587263298452276,2.9000000000000004,3,115,4
5.633504733188695,1.7618349991154028,1.6606194819881168,11.159949810111591,2.9000000000000004,3,115,5
5.892114390740576,1.7303895069735873,1.5108547403596104,10.269149212460013,3.1,3,116,1
5.46030167285853,1.744949794554342,1.225581482870958,9.331137246891387,3.1,3,116,2
5.181539277734715,1.811798662110968,1.1844709684630594,12.675227446952988,3.1,3,116,3
5.0536346176120395,1.7789325417593955,2.154382155386517,9.532249287465762,3.1,3,116,4
5.678088113345319,1.702523778829405,2.566253054515481,9.680189850465776,3.1,3,116,5
3.971609423500382,1.807970301100242,2.507384211715571,8.791361508284105,3.3000000000000003,3,117,1
5.383529628685739,1.7437363994071868,1.6479803909094004,11.065887769202016,3.3000000000000003,3,117,2
5.238777282982556,1.7455053187772398,1.13723356173978,10.014641573865989,3.3000000000000003,3,117,3
5.722362407403088,1.7108769734912068,1.0381484471676212,8.227816185350015,3.3000000000000003,3,117,4
4.974423575730486,1.7526109866146806,1.1175138345444109,11.4048033670227,3.3000000000000003,3,117,5
4.105178423778966,1.8059109959519064,0.8779480943887684,8.555783588866412,3.5000000000000004,3,118,1
7.102105965479251,1.6279750570774965,1.397867074751486,9.346071923682771,3.5000000000000004,3,118,2
5.00960686828341,1.745642271041341,1.3616703736138394,8.850951072983136,3.5000000000000004,3,118,3
5.240784753240408,1.749929100002869,1.5867917267738438,9.969749186515084,3.5000000000000004,3,118,4
5.875727771141494,1.732245342305717,1.2183481546064718,11.903606494653548,3.5000000000000004,3,118,5
4.112085876407119,1.7971684794510685,2.5601812893841047,8.77419091553918,3.7,3,119,1
8.638045271700491,1.543543330074371,1.78677701147135,10.43085463485058,3.7,3,119,2
5.230463753454671,1.7270550643842617,1.69140174851658,9.529059393356029,3.7,3,119,3
4.8531812791268765,1.7609114889369188,1.3400001357307971,9.135294920545755,3.7,3,119,4
5.65129104223382,1.769210320329737,0.7327325736736843,13.216097037029408,3.7,3,119,5
4.559209778252196,1.7905274409178842,1.9990480010171037,12.944798164065798,3.9,3,120,1
5.949759676041931,1.7352343967644173,1.6255907848430895,12.023894006134386,3.9,3,120,2
3.442232397506761,1.8085391293670423,5.073177361465865,8.409138532339812,3.9,3,120,3
4.799264901219846,1.7647609823321049,0.7755236166820417,8.48759594798846,3.9,3,120,4
3.984864980244676,1.7908232170999954,3.240868623215563,8.427233200277072,3.9,3,120,5
4.734636160067941,1.766635674563989,2.9948713629796497,9.062920443408622,4.1,3,121,1
4.375671782537974,1.772909585364699,5.428380416242721,7.723813398627399,4.1,3,121,2
5.340508718229628,1.70803056483114,1.4590996187976313,8.466817496998278,4.1,3,121,3
3.920969299344414,1.829889031078442,0.8963266799747782,10.503143259086055,4.1,3,121,4
6.043319337243474,1.68893725601439,1.4598872742507036,10.53047770062996,4.1,3,121,5
3.755468373616946,1.7755460293891667,5.57424619242637,9.10892293337232,4.3,3,122,1
3.656031427633256,1.8170234189538792,5.14400712929053,8.70020476288063,4.3,3,122,2
5.948262191230789,1.6976773923113462,5.579996990711765,7.300611793672124,4.3,3,122,3
4.552731874069739,1.7792213392029226,0.9248925334974768,10.511946686965572,4.3,3,122,4
4.7020482624098925,1.777316447013703,3.7576963094202016,8.216465686343431,4.3,3,122,5
4.821852423332385,1.7891067196130157,0.8942207708330813,12.535341597307005,4.5,3,123,1
9.277813943055731,1.4646586834518216,1.5990548761119336,9.337326586302291,4.5,3,123,2
4.401954292389805,1.8018351870594924,3.1329366189714847,8.105656848388673,4.5,3,123,3
4.177924340045595,1.8519470079243463,1.3268208788840474,13.097680504593662,4.5,3,123,4
4.848904033242442,1.760829759667228,1.622428904272957,9.43677329834818,4.5,3,123,5
4.069299075848774,1.791385942642367,3.782888452925067,8.631490367100008,4.7,3,124,1
4.897373137293207,1.7563556357172134,2.707353334365829,8.956285545762428,4.7,3,124,2
7.002013872868778,1.6761352477984983,5.651581904267983,8.821965196098008,4.7,3,124,3
4.58336659517525,1.796030904598995,1.2510660146416093,10.3503609742179,4.7,3,124,4
5.62197127654453,1.7025675209003437,5.115238469584856,8.572655955114664,4.7,3,124,5
3.7321712007499617,1.8062117036955845,5.460676400823229,8.620852621930199,4.9,3,125,1
4.892158349404606,1.7816651086547814,1.5349023324072502,10.691609291878637,4.9,3,125,2
3.9470082716230097,1.785269134546225,4.667921542792881,9.113842637409952,4.9,3,125,3
5.856922829734391,1.7041621632933637,1.564288910818856,10.062818341196172,4.9,3,125,4
4.194995562017036,1.8197080278913735,4.381127094071326,10.252765883884043,4.9,3,125,5
4.010820965002904,1.8037494912842384,4.4770409099694755,9.731184677090994,5.1,3,126,1
4.67123973463073,1.769354223283509,4.079958206544982,9.13812733673126,5.1,3,126,2
5.086896821025598,1.758005904704752,4.673671245975178,8.339633346965943,5.1,3,126,3
4.173682894556798,1.7918479418674846,3.707847813287207,11.475089976241934,5.1,3,126,4
6.467851190028228,1.6474063096757885,5.691023378153784,7.719203547158423,5.1,3,126,5
5.181024075056294,1.7408079041476865,0.9117110506231404,9.642806687408942,5.3,3,127,1
5.045100600616272,1.757023800303438,3.8043722627199408,8.266569582000857,5.3,3,127,2
4.112625858227557,1.7900308432228005,0.9877354607637734,8.484391537414993,5.3,3,127,3
6.112307092894749,1.677300506850316,5.15028561926093,10.597211681837008,5.3,3,127,4
5.709885696471764,1.7125587577074282,1.806178438251689,8.03872173460029,5.3,3,127,5
4.992636763084549,1.7399333029895403,1.4509754792044227,9.205204579860425,5.5,3,128,1
4.646178181372464,1.8023345279808176,5.2295444044111585,8.335956826453307,5.5,3,128,2
4.912957698092318,1.7265482143411874,4.264980187092885,8.658377500004734,5.5,3,128,3
4.793567976673394,1.7869107621893248,2.658563177676813,9.419645510651888,5.5,3,128,4
4.763936527436116,1.769185275063477,1.522440214852172,9.640373182540545,5.5,3,128,5
5.764071089158493,1.682118124171383,3.428461830399903,9.897948852310533,5.7,3,129,1
4.616489067189179,1.7780876311813851,6.403544345182906,8.164419049376255,5.7,3,129,2
6.063898046218631,1.7029684301210255,1.4899914686049858,10.342539309822138,5.7,3,129,3
4.64789248489432,1.7505357940309592,3.7422940867266257,11.96321881785524,5.7,3,129,4
7.790977746607496,1.5737522180488617,2.800017385993627,12.51252338105061,5.7,3,129,5
5.267652117417574,1.737752487998488,3.011994841189872,9.766912918642603,5.9,3,130,1
4.287904964738821,1.7402935226758849,3.525324499962209,9.399989488201989,5.9,3,130,2
5.504880659134544,1.7088600941795475,1.7514526533382968,9.23370473058874,5.9,3,130,3
4.98325794339199,1.7758638753935343,1.1578323218806867,10.450284596173152,5.9,3,130,4
4.685436843419682,1.7938555078350336,4.469900135676201,10.235960800479926,5.9,3,130,5
6.619369182871807,1.6766591437984566,2.1231366434472863,9.85687838105795,6.1,3,131,1
9.138275714344038,1.4279653424200005,2.097279769819575,10.551828554361364,6.1,3,131,2
7.293477822675185,1.6039678400305912,2.9601011133196686,13.483656665105515,6.1,3,131,3
6.271728541526207,1.6635043349289456,7.737490820971769,9.142789065520368,6.1,3,131,4
4.533078759822107,1.7868153247778849,4.6765694724829086,8.297009532562763,6.1,3,131,5
5.9671737664297835,1.6868816772524184,1.3518467886512713,8.734525210760056,6.3,3,132,1
5.34397631403156,1.7505088246007745,1.507926677331076,11.062008261714922,6.3,3,132,2
6.945828369476325,1.669541329982477,1.6368274110187984,11.249449492425567,6.3,3,132,3
5.028736660497969,1.7223084259291617,6.599826873337406,8.831294680045856,6.3,3,132,4
3.835843338922476,1.8191718814609417,5.1341670978512,10.107384713000874,6.3,3,132,5
4.410914853912478,1.7488860009772031,3.6883924365515264,9.082758361171985,6.5,3,133,1
5.012065395464561,1.7803861397245122,6.2106572208227115,8.248374033874525,6.5,3,133,2
4.802928164090321,1.7785109401821946,4.98921274928831,7.749101003944171,6.5,3,133,3
4.899014073035415,1.7521510578382615,5.599454663622123,10.41482869731382,6.5,3,133,4
5.137776050013344,1.760866286465496,4.266897875643321,8.969135068954099,6.5,3,133,5
5.771175661720685,1.710062459589189,1.579321652151014,9.944687760427808,6.7,3,134,1
5.294086053617497,1.7489376996146884,0.964645386438401,12.03769736125536,6.7,3,134,2
5.677748489618943,1.7066209282966525,1.3370626837853186,9.05169787139024,6.7,3,134,3
5.699955057263577,1.6926568121604462,5.036687650561313,11.829213896444012,6.7,3,134,4
5.2722914032122175,1.7195658317213467,3.662082472473498,11.821773020954357,6.7,3,134,5
5.35564565760599,1.746381783948911,0.7929344427350211,11.695733051258646,6.9,3,135,1
5.082187479725806,1.7450380308995286,4.815339094526501,10.236839800837272,6.9,3,135,2
4.943602840022957,1.7436765106559968,0.734009003340586,11.097915068405271,6.9,3,135,3
6.279712854619787,1.661392503530454,7.3711974129630145,8.050835233484065,6.9,3,135,4
4.971185005586639,1.7649141694149204,1.7308709516743868,8.638557608305181,6.9,3,135,5
5.104964207890257,1.7087608637298648,3.8484230311165857,9.467951525601665,7.1,3,136,1
4.882632571107595,1.8020394687699872,4.0001074439044055,8.251014158071879,7.1,3,136,2
4.2958195278023386,1.8003993180600883,0.8697899235217884,8.522107294258252,7.1,3,136,3
4.702378209769777,1.747479253870727,2.415729809520336,11.005250047760493,7.1,3,136,4
5.503230835609155,1.736220946305549,1.6294647881490918,10.755815828408329,7.1,3,136,5
5.368367423583014,1.6949417024128004,6.174114980777315,8.921419332768693,7.3,3,137,1
5.2281238131221945,1.731993147707166,5.238248429386894,9.274529738765906,7.3,3,137,2
5.429926842356739,1.7511566379065753,3.439205373875801,8.03944328464064,7.3,3,137,3
6.331441329218765,1.6607239185402816,3.93968309961681,12.844327330286768,7.3,3,137,4
4.395762664004353,1.763995493116154,3.0269551824232024,9.92722140030616,7.3,3,137,5
6.208353646977309,1.6600050684455536,6.5531443627996575,10.72318950694376,7.5,3,138,1
4.642555429628493,1.7771137108211637,7.676295224837102,8.387268456188824,7.5,3,138,2
4.393872565799773,1.7485018727785082,2.30209303846312,10.559360947019377,7.5,3,138,3
5.53664162816869,1.7235585718983748,5.393450451163223,9.242814616260578,7.5,3,138,4
4.455366654466009,1.7758138000194204,2.1696524781190143,7.931262209548088,7.5,3,138,5
5.4666690638157265,1.7179203144227224,4.308749939968373,8.600436222635725,7.7,3,139,1
6.45948281314267,1.7029118952344109,1.545379020933677,12.01457589381421,7.7,3,139,2
4.538990231830509,1.7436671713777707,3.816196662182539,10.384876781826105,7.7,3,139,3
4.76622232189627,1.767381440112102,4.573568891775186,8.610476862421123,7.7,3,139,4
4.924545709222682,1.7550441456753256,0.6368922958021335,9.37013775590682,7.7,3,139,5
4.477652740237776,1.7622954181407706,4.264360865751982,8.6954622996963309,7.9,3,140,1
5.32176008239919,1.6883179920950062,8.870694989849595,8.25869363157997,7.9,3,140,2
5.356699371490188,1.7482464907919295,1.670539658250758,11.113624840838815,7.9,3,140,3
4.39429714111734,1.7593815096930587,2.4537861772753566,10.609054978363316,7.9,3,140,4
5.438354965976816,1.7451867147527458,5.654652672809107,8.208862441341696,7.9,3,140,5
4.926936328416713,1.7237414509117073,4.4278885072091905,8.996043682469455,8.1,3,141,1
6.179557655554811,1.667010476160503,7.69714331569088,9.2993876599592,8.1,3,141,2
4.096142938678444,1.783425599086033,2.4503076182672583,10.766882570448304,8.1,3,141,3
4.5945711033475805,1.783489391124902,4.499732760646742,8.649873279644716,8.1,3,141,4
3.974757441490448,1.7892757278960123,2.5665679917200164,9.236252301903624,8.1,3,141,5
6.141507751298159,1.6897916897260643,4.039292787374518,9.083329762598304,8.3,3,142,1
4.621153205839415,1.7670145056163655,5.020567314632959,7.580869377097176,8.3,3,142,2
4.586511700948345,1.7916136083398762,6.116466066556942,9.60558645183881,8.3,3,142,3
6.47276939318809,1.6827311498512905,8.611570067023429,7.298243484935925,8.3,3,142,4
3.5546911536138612,1.7963315165901304,3.9687905268055945,7.977182017803861,8.3,3,142,5
5.21324634684348,1.7245452027701191,6.079577331350607,8.934621036695667,8.5,3,143,1
6.251396930971832,1.6568972834560678,3.290550371106442,12.435363740341282,8.5,3,143,2
4.278361906027458,1.7853143867153276,1.2643644212141802,10.270321780782805,8.5,3,143,3
4.788022918840099,1.7717061814425985,6.76103962771216,7.8050264716496525,8.5,3,143,4
5.44326281652097,1.7330709114780722,6.297681190121473,8.773023330351798,8.5,3,143,5
5.742978759584956,1.7363666263209545,5.317100427818232,8.968916813827727,8.7,3,144,1
4.853141224518481,1.7725815303807473,9.252764932042536,7.478111341174866,8.7,3,144,2
6.212191535071483,1.6801394694209888,6.4124172535152235,9.297137155112829,8.7,3,144,3
3.9157416224985178,1.8156507402033788,6.082699374591336,7.85935492248214,8.7,3,144,4
5.405686123400258,1.695569329264482,2.1737764594575193,10.262985576084398,8.7,3,144,5
4.8846539138982354,1.7204221160964015,1.498570458882064,9.436455969574356,8.9,3,145,1
5.0158691375381075,1.747085387614672,5.062884513224454,11.151283380629213,8.9,3,145,2
3.791551318347964,1.800883022768277,8.431824017443617,8.313087065259008,8.9,3,145,3
4.170513524549181,1.7876950005353518,3.5653996529173417,8.315376472351709,8.9,3,145,4
5.2374474530787465,1.7573156270676311,1.811548818973324,12.817489397759426,8.9,3,145,5
4.9890045775164715,1.7212267026441894,1.1237990856841833,10.65530233022791,9.1,3,146,1
5.031471396298733,1.7157217043711743,1.7195650541643996,10.00637159505252,9.1,3,146,2
4.976031182750871,1.720338290089837,3.5305820796343563,8.554428130652623,9.1,3,146,3
4.1165826407792965,1.769849855404921,3.988719288926198,9.161758808731028,9.1,3,146,4
7.446845581426835,1.5961701040894534,7.111878170683021,9.779093161079198,9.1,3,146,5
4.326011370008477,1.806483351366979,5.870133620882152,8.595521182339517,9.3,3,147,1
3.1060254253966404,1.8397412074573667,4.876480684260813,7.917013045169374,9.3,3,147,2
4.887140667426819,1.7626432960962517,3.139553497423423,7.8226473481381005,9.3,3,147,3
5.299973794591987,1.7225490358688385,6.031773863820976,9.720486875440658,9.3,3,147,4
3.695543011091047,1.8215212777729897,1.0785476953735171,10.375557567074791,9.3,3,147,5
4.277376724763851,1.7425950245017794,7.132825378127754,8.899265905062574,9.5,3,148,1
4.7789563793902685,1.776912452060183,8.413365441050054,8.754695844677526,9.5,3,148,2
3.990550438313539,1.79551803485662,7.315180700560702,8.540212639394126,9.5,3,148,3
4.117404212900166,1.8137857533699724,1.7155216762067755,10.7564369486868,9.5,3,148,4
5.818857460934529,1.70997449466865,8.781330365141786,8.38856954472913,9.5,3,148,5
5.725891990295378,1.723442872797985,1.5898802469642022,11.4197059689255,9.7,3,149,1
4.499098261297345,1.7448696612376904,5.095422172447553,9.731783838417654,9.7,3,149,2
4.5630762134272,1.7297612369627675,3.760404819178092,9.499654844187466,9.7,3,149,3
4.675491985553328,1.738058265820617,3.287119130790601,8.774136852652614,9.7,3,149,4
5.516594600526176,1.7132642762250525,1.0783764233344977,10.00730356054179,9.7,3,149,5
4.891945527610257,1.775594018254944,1.9037441619450783,9.165085223856178,9.9,3,150,1
4.035717254196737,1.8215355822421833,5.128905656475881,7.617917560001096,9.9,3,150,2
5.621708561677121,1.7481389579813378,6.258245859106439,11.38255162933637,9.9,3,150,3
4.9892372517132095,1.7208302840847522,1.293590849833182,8.975842517843123,9.9,3,150,4
6.276608793404045,1.654542360962256,7.311435203914459,10.652152492054,9.9,3,150,5
0.773027277205754,0.20752022476304144,0.23529060565099572,0.8025226298268123,0.1,4,151,1
0.8820703969876806,0.19227127332341865,0.3021939030688434,0.8488161786131536,0.1,4,151,2
0.806535935450442,0.1984892513595677,0.2557375964935342,0.7672444454396095,0.1,4,151,3
0.7808785282579601,0.1911507570010218,0.25834051268450386,0.8013448519204516,0.1,4,151,4
0.9216651909273078,0.10094508850301136,0.22096273771015057,0.9200018458016112,0.1,4,151,5
1.4261251319429404,0.05788616699945979,0.12268615692317894,1.1272688943778704,0.30000000000000004,4,152,1
0.8396243121226064,0.0449567276815333,0.04496205544366033,0.7549771881817003,0.30000000000000004,4,152,2
1.3384397840641291,0.1173282685509294,0.14919468694942073,1.195905693078591,0.30000000000000004,4,152,3
1.14247445645934,0.04312952617633269,0.0719424831282407,0.9349788856976486,0.30000000000000004,4,152,4
1.27357157682321,0.07606614997874445,0.09238284785987792,0.8597356577979824,0.30000000000000004,4,152,5
0.8601267934771244,0.27241273226070034,0.6809572493106205,0.3916025150376496,0.5,4,153,1
0.8745761993090742,0.12570701612229215,0.38626804007090143,0.3561485436300921,0.5,4,153,2
1.1497714116888251,0.09688049080291138,0.3105057822386312,0.4101333244446228,0.5,4,153,3
0.5325799487694167,0.21148110540032725,0.4745202350968471,0.31240600555023085,0.5,4,153,4
0.8644373955440191,0.07610502422038148,0.2994394215154782,0.177854740099963,0.5,4,153,5
1.8842384758916595,0.342916739921284,0.7816141155238154,1.2483554003924062,0.7000000000000001,4,154,1
1.696154474328678,0.3357931195813381,0.7992684615422422,1.1298632129459936,0.7000000000000001,4,154,2
2.1083542359482523,0.2368550273720676,0.6998897881010061,0.9655110438220748,0.7000000000000001,4,154,3
1.4597173357418844,0.44518508750239766,1.0661102641060762,0.8918119432423601,0.7000000000000001,4,154,4
2.1549657204383124,0.3585678137664238,0.8177940969223942,1.3219701373791972,0.7000000000000001,4,154,5
3.2098650024292783,1.886561978400223,2.569941338439115,3.454301961931019,0.9,4,155,1
1.6258624135591495,0.8519376838622479,1.8592913861705915,1.5471992552097575,0.9,4,155,2
2.8257106317701117,0.3211966498341668,0.7799095527700673,1.6955692745447437,0.9,4,155,3
1.5818661376169885,0.6642222285789914,1.407198032145358,1.6168975985113014,0.9,4,155,4
2.405060607814385,0.5270991445293215,1.2279825200846295,1.7280304937264173,0.9,4,155,5
2.5536157581832533,2.5692159571429274,3.4785744738459163,4.652839359362866,1.1,4,156,1
4.287048709461249,0.4644905160988953,1.2121610302729302,2.848119603212146,1.1,4,156,2
2.1248282292631706,0.8962712480885597,2.0019924721176494,2.267534449274086,1.1,4,156,3
2.7813251076076826,0.809592064170384,1.847226428442392,2.8954813480746227,1.1,4,156,4
2.627755925872954,2.8718827292246507,3.809915148211942,6.23004306762265,1.1,4,156,5
4.11508365830191,2.8272018960263106,3.8414849499822417,7.435179628892606,1.3000000000000005,4,157,1
4.771162678927458,2.727148447426309,3.892295087322414,8.731946144563647,1.3000000000000005,4,157,2
3.4920767558229393,1.0017849465151802,2.1235957966245556,5.777572557244522,1.3000000000000005,4,157,3
1.2543882609285562,0.6799718204156419,1.2737196413295764,1.0106626647540935,1.3000000000000005,4,157,4
12.80322888838478,3.817990277099931,4.814214348705103,9.082287389845868,1.3000000000000005,4,157,5
2.9750715482351366,3.565591131962899,4.785898678323386,6.244138582039346,1.5000000000000002,4,158,1
2.1248699492196397,3.1059321274938165,3.747587972009491,5.035368452702675,1.5000000000000002,4,158,2
1.513947157938254,1.2880582592434335,0.8324776203222973,1.4906124814749586,1.5000000000000002,4,158,3
2.915770522782964,5.4189931839394765,6.669471083027918,8.861664625999595,1.5000000000000002,4,158,4
2.6042187601271887,4.2864696436586955,5.274011552065477,7.024238704977466,1.5000000000000002,4,158,5
1.5435287757674143,0.9960119713319564,2.799451915325084,2.193815347588514,1.7000000000000002,4,159,1
1.6637437198661271,0.9681622760943984,2.706477734658269,1.8269614280768152,1.7000000000000002,4,159,2
4.4229942330521865,2.0006433492625595,3.9992077660783143,1.6849583630911689,1.7000000000000002,4,159,3
4.130355588752594,2.0001153953289195,3.999827328518172,1.6985877336294104,1.7000000000000002,4,159,4
1.5895943155702337,1.3041524694587725,3.1797051088280943,2.1953237033581936,1.7000000000000002,4,159,5
0.9640099799800528,2.121637320020324,4.053292053824236,1.9170859048317543,1.9,4,160,1
2.015658175902349,2.193063553171999,2.9409754651717113,1.788238730638198,1.9,4,160,2
3.954703885895875,2.2968704362396943,3.597571581060307,2.327950415046401,1.9,4,160,3
3.3854946953051313,2.3500551025168614,3.1361927547248434,1.9664885883751655,1.9,4,160,4
2.3429058990081177,2.071800694476368,3.830722636279271,1.972102506380526,1.9,4,160,5
10.466057365153876,1.5615274903839318,1.7466282202831769,14.830749889971736,2.1,4,161,1
1.032230522548908,2.3786271431117547,2.0700579949680646,1.921075747252208,2.1,4,161,2
1.1296861443683897,2.306541633736573,3.981463672267456,2.293717803761133,2.1,4,161,3
0.8689895753718454,2.2245258851706646,2.828556163509325,2.671338225043169,2.1,4,161,4
13.142357016686612,1.3556027113092637,2.1446078172851313,14.903309034404176,2.1,4,161,5
9.160012258046647,1.6311421840931737,2.797728265035184,15.944634182600495,2.3000000000000003,4,162,1
10.38022922919909,1.5284006803085648,2.1267857642861645,14.370818350241194,2.3000000000000003,4,162,2
7.029882169478158,1.7264110333393596,1.2412349585499176,12.74422124639479,2.3000000000000003,4,162,3
16.947025757282148,1.2246803019286177,1.414510759991252,16.84710396800138,2.3000000000000003,4,162,4
15.78978459166811,1.2048223024837017,1.5278249652892697,15.451505429656422,2.3000000000000003,4,162,5
9.8015097526217545,1.6353454019755602,2.5707303471227205,16.359516984704076,2.5000000000000004,4,163,1
11.3615947082109,1.9911616122033111,2.306069200103344,14.556225447468936,2.5000000000000004,4,163,2
10.825888640768412,1.533096831056667,2.2190826619759014,14.978167559137692,2.5000000000000004,4,163,3
2.222717613910046,2.308161361750923,2.5373519408353493,2.309448208497748,2.5000000000000004,4,163,4
9.741666874377485,1.6170591704643438,2.9007658241710725,17.323856671646457,2.5000000000000004,4,163,5
3.867509275843532,1.8430541610469484,1.0552736570681358,10.12090460746813,2.7,4,164,1
3.529457391102837,1.8459293598484765,1.2677778337934549,10.48669030564194,2.7,4,164,2
5.155181992126241,1.8335166678725976,0.8333864113941187,11.703927647919004,2.7,4,164,3
2.862354086113045,1.871722526559173,1.6209977181426152,9.34044058925454,2.7,4,164,4
3.2865966077826845,1.8658053678281488,1.3674750348498637,10.240831226199075,2.7,4,164,5
3.161496152814543,1.8408934953005889,1.95862391182856,8.824857092776014,2.9000000000000004,4,165,1
3.954087957710765,1.835981151423572,2.9896482986297586,8.178541728407545,2.9000000000000004,4,165,2
2.866977162781114,1.8541498739481836,0.958176379291798,10.55999206565066,2.9000000000000004,4,165,3
9.78699275184244,1.6763530854038144,2.296715782865701,17.63815622910729,2.9000000000000004,4,165,4
3.8537273001113705,1.814821950059422,1.7586130540219442,8.59274307247607,2.9000000000000004,4,165,5
3.7499960780738086,1.8310140876192025,2.5053934527521182,9.814360841860635,3.1,4,166,1
3.431759580808527,1.8568732791800573,1.7746752262588397,10.99903134157837,3.1,4,166,2
2.346897546121438,1.866357539869507,2.73438034583901,7.772751647541842,3.1,4,166,3
2.7477128147723495,1.868020702921843,1.1879873584692702,10.357356784920109,3.1,4,166,4
3.701256405476336,1.8291504163791403,1.6156526020631128,11.522495097897217,3.1,4,166,5
3.569482745514501,1.8413835538089232,2.425770995678962,8.714479415521383,3.3000000000000003,4,167,1
3.3461061080194043,1.8505633378197568,1.0874722820232228,7.98198070699504,3.3000000000000003,4,167,2
2.758683099774808,1.88289964098097,1.6449013283552705,9.015861883691109,3.3000000000000003,4,167,3
3.694257090801444,1.8420907069285604,2.026891424599647,11.785462754752327,3.3000000000000003,4,167,4
3.624861941757507,1.8439767936449627,1.9809079567948416,7.701688440502166,3.3000000000000003,4,167,5
3.2546028719825473,1.8530953025751753,1.3745474892037657,9.24618402101712,3.5000000000000004,4,168,1
2.8301559433823145,1.874328876427493,1.0752739761039427,8.058866780928629,3.5000000000000004,4,168,2
4.432768965727575,1.8002485670442754,0.9156741929859988,8.962290033785662,3.5000000000000004,4,168,3
3.7147249158534095,1.851180363725319,1.7294175714917963,9.046844289809588,3.5000000000000004,4,168,4
4.419544631532229,1.7979509227400117,1.8441741950035833,10.844302055432625,3.5000000000000004,4,168,5
3.0787003677868747,1.8508287370256544,4.830408300775591,8.214087151164232,3.7,4,169,1
3.224823864553389,1.849065488930252,2.6713316334852713,7.835802218827391,3.7,4,169,2
3.1908342091628557,1.8660018982167976,1.646791196378418,8.868691217460253,3.7,4,169,3
3.0979104199999177,1.8583953532726087,0.9590786845639854,8.19494339214334,3.7,4,169,4
3.5822326872028087,1.857066799496468,0.925272583103193,8.604099053812803,3.7,4,169,5
4.517013204625,1.81809861883658,3.2777310923778886,9.204953306592332,3.9,4,170,1
2.8414466826588844,1.8738941391644723,0.8503981925405016,8.201496492807282,3.9,4,170,2
2.30221729610396,1.873802431492429,3.5770571264378255,5.257077416183383,3.9,4,170,3
3.817714747586334,1.828108768077572,1.7149435659814545,9.952841068572614,3.9,4,170,4
3.9107200824082184,1.8258271956059708,2.825095113098582,7.708872402642043,3.9,4,170,5
2.1620214756930443,1.9447313037923375,3.3760589513506165,19.38539907658194,4.1,4,171,1
2.514261961244794,1.8674833727115905,2.217659705544033,8.14475111453422,4.1,4,171,2
3.671587379017205,1.862243783335474,0.7325867202243389,7.942679065588248,4.1,4,171,3
3.7540824432227873,1.8322929685736056,1.886579991672152,10.600984688112057,4.1,4,171,4
3.1902569168255335,1.85252308252958,1.5141068337441,8.955876074991854,4.1,4,171,5
3.2366219903619515,1.8555670841608511,1.2941087529612598,8.549537004103044,4.3,4,172,1
2.8692146817039492,1.8666801491229463,1.6758530776506733,8.98296889152603,4.3,4,172,2
2.982352075543716,1.9289541612504937,2.9665206513899123,21.86384882644817,4.3,4,172,3
2.6509977083833847,1.8761920048239271,3.731712511306296,8.792292374787433,4.3,4,172,4
2.821014625014437,1.8510528594304392,1.874407089176363,10.15636599608939,4.3,4,172,5
2.8517063726219933,1.8730221011264423,1.2771039241407036,8.142090521075415,4.5,4,173,1
2.854365854392732,1.8736027726957265,1.2838303372272548,9.473111413764666,4.5,4,173,2
3.8148398648121815,1.8197000748205012,2.395429787526471,8.017235811419118,4.5,4,173,3
3.5456615173536883,1.83394394966939,1.0367270863224776,10.242611096820724,4.5,4,173,4
3.3019721966125677,1.837437861824448,4.017916067877114,8.63835027307783,4.5,4,173,5
2.5597498628570143,1.8847240301855837,2.075067167675814,9.781956060123612,4.7,4,174,1
3.456477560908532,1.8603476287559184,0.8740914900450714,8.483077412987264,4.7,4,174,2
3.0207543055695236,1.8718016653118617,2.595620629224225,8.737700362487766,4.7,4,174,3
3.890249140762928,1.8432290195442176,1.3027741727322546,8.393963223025699,4.7,4,174,4
3.4272080774288725,1.8379808495043883,1.2703337979404683,9.951551264512055,4.7,4,174,5
4.18730086890398,1.7779616583738926,3.7694246414991617,12.947175094746177,4.9,4,175,1
2.9044413321580405,1.8769650095452888,1.700560252516016,9.5792810080901,4.9,4,175,2
2.6567057718840505,1.8982885685122584,3.0036955935515506,14.791114310877385,4.9,4,175,3
3.243342410243914,1.8311786278566449,2.038463697872711,8.040147838391595,4.9,4,175,4
2.309853252240287,1.896928589980428,2.640607343106183,11.364314674776557,4.9,4,175,5
3.776855197401166,1.8444886380372991,5.946148557570751,8.711309203737422,5.1,4,176,1
3.00846583533003,1.8771920628746384,1.7529173398041926,10.314538455381538,5.1,4,176,2
3.546792730895747,1.8481545374377628,1.0716846401790292,9.042340589980686,5.1,4,176,3
3.0184916785569973,1.861216699219114,2.7930610155919062,9.24970816704681,5.1,4,176,4
3.408718181414968,1.86270410874819,6.191182807227585,8.183395357270898,5.1,4,176,5
2.3524143239862587,1.922220007425271,2.6112057442258076,16.031297824618804,5.3,4,177,1
3.955304741618974,1.815065590093133,1.3858486114033544,9.656855298170337,5.3,4,177,2
2.4311457131451246,1.903643439113865,1.1668211765227263,8.794809198605996,5.3,4,177,3
3.501332123347687,1.8508944426332237,4.255135504202049,8.985029579563017,5.3,4,177,4
2.866268172109514,1.8343597370613536,3.464298498506035,9.078718465605718,5.3,4,177,5
3.3524033909655313,1.8574445534726929,4.804754094245965,7.660480765716406,5.5,4,178,1
4.8479084113004705,1.7629759776674347,4.625862710724729,13.527476879907129,5.5,4,178,2
3.2056924536997045,1.8476460895445577,4.372322313023187,10.071254433910829,5.5,4,178,3
1.8551275883545055,1.948425503016316,4.881898962000736,18.326454683106103,5.5,4,178,4
5.7686356518553925,1.6913860834348402,2.9443637453932543,12.150030541155555,5.5,4,178,5
4.403519471254124,1.8226150937436556,2.20182510354574,8.750126659873834,5.7,4,179,1
2.6090409219542963,1.8629816423810723,3.0594447332175103,8.685033250634158,5.7,4,179,2
2.682141126835254,1.8796163966320536,1.4330244265298395,9.145211129578176,5.7,4,179,3
3.2502464902713815,1.8454713184209488,5.215998438235146,8.885863551996172,5.7,4,179,4
4.112999744829515,1.816420999270613,1.7644132457361357,10.426001363582946,5.7,4,179,5
3.958668080867467,1.8038526900593077,4.180985718613314,9.711578131042186,5.9,4,180,1
2.804654313659665,1.877872298148045,1.5752845593868627,9.240313210900146,5.9,4,180,2
3.025566099712594,1.8757762150124235,2.467442075771898,8.975395162591745,5.9,4,180,3
3.0964209295630485,1.8428616993135856,1.494190979915403,10.18912284689168,5.9,4,180,4
2.3859535542593746,1.8857153641951672,2.5373709941555966,9.294650681214462,5.9,4,180,5
3.419722413826477,1.8307566205537236,4.899517123902186,9.399820825947035,6.1,4,181,1
2.988271908169419,1.871636039863466,1.107558277203415,9.05959816412869,6.1,4,181,2
3.080661356837467,1.8509128130040888,1.910682062934936,8.439857543783013,6.1,4,181,3
3.1683095260667864,1.8641828878391071,5.028586195938106,9.353110784701046,6.1,4,181,4
4.3084462163137704,1.7855309413944085,7.123136261453097,7.580863598984867,6.1,4,181,5
4.616771727316701,1.811114246752371,4.85960384076849,8.17947461132889,6.3,4,182,1
2.432624994037502,1.89651000616604,1.501282920150872,10.08384525559641,6.3,4,182,2
3.30006152118505,1.8671856549261792,3.8202338838718735,7.975087925695818,6.3,4,182,3
2.629345658792982,1.8887700442021849,5.399738316936868,8.276734721376467,6.3,4,182,4
3.779068032260392,1.851437604450913,4.4190489496744885,7.431224094963644,6.3,4,182,5
3.860222072439693,1.794904473261437,5.0294702688308375,9.67662632446799,6.5,4,183,1
3.185691699806398,1.887808229137368,2.5614516554872933,17.164828755914936,6.5,4,183,2
3.683295432772295,1.8299040877394992,4.5354832023712435,9.72722632622326,6.5,4,183,3
2.9964198825865487,1.838594424290726,6.1532615667089425,8.350443924596028,6.5,4,183,4
2.851748921475429,1.8590715591571376,4.937279808960435,8.26442629042358,6.5,4,183,5
1.7672700839477151,1.9522971121176629,4.984766236179602,21.2749203639262,6.7,4,184,1
3.634916905685689,1.828617704022054,2.9110465211893457,10.27228956641576,6.7,4,184,2
2.75691165769746,1.8927008403919177,4.871633392868934,8.283007669848931,6.7,4,184,3
3.781419598729436,1.8579994218395404,8.566414355597022,7.735315990923655,6.7,4,184,4
4.03621775044637,1.8227607061854851,6.609583391191343,7.670587935931305,6.7,4,184,5
3.719789993875447,1.867708845448632,6.052138320710001,6.876324636429289,6.9,4,185,1
3.5308861914226553,1.8250333357743589,1.8003883946466686,9.920167181718789,6.9,4,185,2
3.3806359916529094,1.828528466532064,1.754009979203766,9.813438758170449,6.9,4,185,3
3.175272012642603,1.8430473953865405,1.4997375336787333,10.085482671913455,6.9,4,185,4
2.252328973912753,1.8766614635539205,6.3748791338365,8.052912161571104,6.9,4,185,5
3.5213664471417485,1.8529417634092664,4.964161140040183,7.554435847850462,7.1,4,186,1
3.6073796971474374,1.8612450267882612,4.811731792203653,8.241925017351415,7.1,4,186,2
3.7338089456851566,1.8392226982826232,5.80244595058216,8.895699676204663,7.1,4,186,3
3.23172770407491,1.8472192312674551,5.742805190832061,9.125492649708624,7.1,4,186,4
4.230253550528801,1.7945182986199997,5.9493216897699,10.017175624244436,7.1,4,186,5
3.6667204119487815,1.847711894261412,9.849895477307394,7.33208854738507,7.3,4,187,1
3.050832908445512,1.8331344915102572,3.657292458315723,9.575171998957844,7.3,4,187,2
3.3880665138155597,1.840870927289696,4.317786466321459,8.524844395378736,7.3,4,187,3
2.8244247076853948,1.8742001473035867,6.895397435286092,8.516554248453374,7.3,4,187,4
3.5243529020534843,1.821668902186927,1.150115836522619,10.25807963963988,7.3,4,187,5
3.0618807634071135,1.8532835581835707,6.319710144656304,8.363844502161639,7.5,4,188,1
3.0937763843104458,1.8555557443906403,4.057784557708451,8.51896841713528,7.5,4,188,2
3.5962187568797326,1.8312755633682316,6.807261698283804,8.79702147799796,7.5,4,188,3
3.613888863937416,1.8339639450150889,5.01170575854477,9.30130063213956,7.5,4,188,4
3.130113028196028,1.8175127612064703,4.143865577112912,9.20582955692816,7.5,4,188,5
3.7514461015980767,1.8484096085126849,6.274322738727114,7.848073146301117,7.7,4,189,1
3.867975021349921,1.8392901188444952,7.200550031855169,8.011636113381538,7.7,4,189,2
3.288012510737232,1.8319138360017695,5.990438342885615,9.265298696289564,7.7,4,189,3
3.457963994064664,1.8275721905730855,6.8324295685782275,7.506614400977171,7.7,4,189,4
3.41323817546834,1.8567150074259864,1.9767426894670723,9.698269039878586,7.7,4,189,5
3.620912562484457,1.81840890486866,4.1440727000085085,7.536315847259829,7.9,4,190,1
2.837793811476502,1.85998545917944,0.9942510699028604,8.131539180488398,7.9,4,190,2
3.310475251879484,1.8601276463442624,2.0361118343152715,9.830668137084812,7.9,4,190,3
2.638057238073204,1.8890819017266631,1.85624407072008,9.684876712547377,7.9,4,190,4
4.083142433708813,1.8037617577140643,1.9194671488676631,9.90592401297499,7.9,4,190,5
2.7533826394722136,1.881923166693238,5.931628415435852,7.45858481536994,8.1,4,191,1
3.246615199933826,1.875875379323846,6.197927352354666,8.095561914145287,8.1,4,191,2
2.912025390975991,1.8705151751833669,0.94681975457282,9.858677868660296,8.1,4,191,3
2.6120148496383004,1.8888288329326728,6.615971620909461,14.29585969938516,8.1,4,191,4
4.93795448904112,1.7158325980301443,2.1199656057921037,9.388450280120471,8.1,4,191,5
2.9740145987367788,1.8922837165088215,8.169172044183528,7.828536215198493,8.3,4,192,1
4.524134307386169,1.817074601160251,1.209647513379294,7.860477971047901,8.3,4,192,2
2.778216671081188,1.8508656996491657,6.942080908817156,8.285989481562046,8.3,4,192,3
4.705214949656031,1.749884058093157,3.710549814838216,8.804685962764895,8.3,4,192,4
3.1200738529830994,1.8477733728046315,5.701715080543955,9.212440824619764,8.3,4,192,5
3.4453809687669086,1.799898685544603,5.054569261095356,9.191820681766997,8.5,4,193,1
4.5299956414277345,1.793981948957492,3.289731869126871,11.453849028072046,8.5,4,193,2
5.95034689494622,1.6930686034415297,2.9265740403449723,11.627342830000169,8.5,4,193,3
2.9153554148480945,1.8590273270343731,8.007569776822752,8.080754654822005,8.5,4,193,4
3.857776597354888,1.845588340950812,2.4656431536136454,16.671000402723358,8.5,4,193,5
3.3411354707426284,1.8583233108085215,6.472846273390148,8.299643186702204,8.7,4,194,1
3.406962231141252,1.864465416878089,1.9907924473024092,13.757833671295645,8.7,4,194,2
3.3551299630575215,1.8383658473969984,5.056300877428224,8.768823083699315,8.7,4,194,3
3.161602771936378,1.8739185660130004,4.885268269697055,8.470272667857197,8.7,4,194,4
3.1530954462469074,1.8255473494021537,5.93812825958135,9.234607931075208,8.7,4,194,5
3.420670188336598,1.8207600514966615,2.657714654169688,10.297360865159725,8.9,4,195,1
3.2123791873479632,1.8636684786654745,0.9696889602542886,8.463633649521825,8.9,4,195,2
3.7398372896324568,1.82168109593055,2.0577627734149524,11.565474290155542,8.9,4,195,3
2.5233008013331895,1.8946703598982793,2.8035260824080477,15.727018816519456,8.9,4,195,4
4.263927490286155,1.8232103935717467,5.503481048254812,9.93727467709688,8.9,4,195,5
3.6911170562884257,1.828822922870228,7.0262091274679435,8.584418428206343,9.1,4,196,1
3.406031366172591,1.858568914769525,6.9770551871642,7.794610355628983,9.1,4,196,2
3.4011955529951123,1.8566870318573123,6.772388027002673,7.57235709727972,9.1,4,196,3
2.976319330900961,1.878951980059404,6.627523889010517,8.209060223090257,9.1,4,196,4
2.9348473864889915,1.873599197394892,7.198949215755782,8.722074531419775,9.1,4,196,5
3.633165932760591,1.826871193865081,3.0693741355559947,8.279747723865961,9.3,4,197,1
3.545927676312824,1.8283360155910584,1.0708384498876635,8.234793646686942,9.3,4,197,2
2.9158117995905046,1.8323555053439833,5.050465333897585,10.284079740744192,9.3,4,197,3
3.23171651395133,1.8527671774754504,5.630249665228474,8.40941881902929,9.3,4,197,4
3.732315027214234,1.8282914466368936,6.4373820764465295,9.157066620387438,9.3,4,197,5
3.555396579203275,1.8219506894257755,1.1288751951232712,10.585230207711255,9.5,4,198,1
3.140321360594892,1.858882489786332,2.6469471804185627,7.791569796522861,9.5,4,198,2
3.248578178226798,1.868997738719788,9.103171003526862,7.664069040629058,9.5,4,198,3
4.22198803964607,1.8000991908593378,1.603099095072499,10.048628696267349,9.5,4,198,4
3.1271971740009685,1.8707957812828893,2.848693241937005,7.801940255650444,9.5,4,198,5
3.436004710496068,1.856891013642084,6.456688229694664,9.891074258175257,9.7,4,199,1
3.633051166128507,1.8241158523633696,6.084142859953889,8.075231145537462,9.7,4,199,2
3.8135520035511465,1.8441002207194064,6.450122712677907,8.826295955966206,9.7,4,199,3
3.676627387509192,1.8324780564495928,8.809692548114588,7.963798868716845,9.7,4,199,4
3.513478398739217,1.8275593197319375,1.5505004840340828,10.771740193777202,9.7,4,199,5
3.6686186630849607,1.8126744692112184,0.8073480888395821,8.838088916022715,9.9,4,200,1
4.103381007896897,1.7929941290160751,1.426872865606444,8.85414026997618,9.9,4,200,2
3.4661893205242196,1.8438415058039404,1.2013815700466677,8.579014840913878,9.9,4,200,3
3.4509009134153796,1.8345288842708312,3.611563667348003,11.745762871137387,9.9,4,200,4
3.6104836206961304,1.8447277985551855,6.679896932897772,8.542145370001938,9.9,4,200,5
1.145620708142145,0.06630180319444018,0.1862270009950484,1.1459547729987647,0.1,5,201,1
1.0936770422442603,0.10184826921406416,0.04671207868341542,1.1145027697905965,0.1,5,201,2
1.0753992758553597,0.05683582519118903,0.04048517625386916,1.086288415154265,0.1,5,201,3
1.110594234723271,0.10865457893298062,0.0999028376662138,1.1493497932084076,0.1,5,201,4
0.9832342967371324,0.08308639322864288,0.18164365447156916,0.90851888862772,0.1,5,201,5
1.6822543598019564,0.10221324416110478,0.15183566982246874,1.30193644326699,0.30000000000000004,5,202,1
0.9543833382065774,0.04955835850937238,0.05754266512621181,0.8278111530943297,0.30000000000000004,5,202,2
1.1445273838766126,0.04767584161187787,0.07220633873323083,0.9650734044552878,0.30000000000000004,5,202,3
1.1481654165691977,0.08718575309598738,0.09057639565116064,1.0564598500730704,0.30000000000000004,5,202,4
1.128754933720697,0.03814083239752281,0.04000287127361583,0.9023362203231856,0.30000000000000004,5,202,5
1.1825852717056462,0.2225568258447952,0.6663329789102468,0.467661483893705,0.5,5,203,1
0.872664240672262,0.21735333787560993,0.6343762467674775,0.31144642904345365,0.5,5,203,2
1.177197721160128,0.0904945250685585,0.394834226295279,0.22092267318957917,0.5,5,203,3
0.9601448940238402,0.04916744190817199,0.28505895370972767,0.19873308675209067,0.5,5,203,4
0.6510831539359719,0.25579829901951534,0.5863081565600108,0.2955647798226142,0.5,5,203,5
1.940867391987808,0.4443034370608354,1.076965968025877,1.3393546718544556,0.7000000000000001,5,204,1
1.9018740824432008,0.4447574315082433,1.0262690727941954,1.3076135550522354,0.7000000000000001,5,204,2
2.123633511163295,0.35335920558854006,0.7711221074446593,1.462512027848167,0.7000000000000001,5,204,3
2.578214438553335,2.4512108833467865,3.155151740969637,4.072190043135716,0.7000000000000001,5,204,4
2.0871706835190755,0.34103110446978663,0.7753202084542222,1.3673897024887656,0.7000000000000001,5,204,5
2.447904926669166,0.42283387388579,1.033758173135192,1.4411504755806106,0.9,5,205,1
2.5617751591141538,0.4043365008296373,1.0760867526118505,1.3878086156103826,0.9,5,205,2
1.743008959143962,0.753249968331213,1.6512842765166649,1.7129743645665645,0.9,5,205,3
1.4573662394022056,0.8545805145323181,1.7294228856757838,1.9829909162766255,0.9,5,205,4
1.4332083661052963,0.8624086783056558,1.7483279965781084,1.91406026265486,0.9,5,205,5
2.278033923868785,0.9820571884345022,2.1567708641505807,3.0042046841691796,1.1,5,206,1
3.0637571537056587,3.99417685811036,4.913536383890479,6.971265051709801,1.1,5,206,2
3.508394855423507,3.6466738284674385,4.589280998225543,6.239695392891138,1.1,5,206,3
2.1800626134871446,1.0056728158344694,2.1091171060329197,3.578200255292321,1.1,5,206,4
4.017986608702788,0.6860063974086558,1.4096634947649307,3.8613472255236623,1.1,5,206,5
4.41066788184838,1.0349899431896037,2.171146199029649,6.761586545329849,1.3000000000000005,5,207,1
3.2027485323847142,4.633559315857285,5.899506548553924,7.735385491582122,1.3000000000000005,5,207,2
2.8154517726281156,3.6697896057782415,4.751270945797687,6.170780984189225,1.3000000000000005,5,207,3
3.215069342303322,1.189178708122976,2.6050899542913784,5.610711815811726,1.3000000000000005,5,207,4
2.1485824404014866,2.7154336909930383,3.5257313609421668,4.48220041335171,1.3000000000000005,5,207,5
2.123270405383401,2.998342059378672,3.769067291323744,5.179011072812187,1.5000000000000002,5,208,1
2.8813158905847622,3.68620338467278,4.826296102620548,6.292169460025359,1.5000000000000002,5,208,2
1.5215004698325625,1.3132053210452346,0.8132399853184002,1.4931590885248536,1.5000000000000002,5,208,3
2.11149990475568,3.0217504060619755,3.757502758444456,4.955846019743845,1.5000000000000002,5,208,4
29.796479830080074,0.04857628516643369,0.07465945380058,16.15998543126561,1.5000000000000002,5,208,5
4.240390180415234,2.0000031100407907,3.999987531034011,1.7170658580920897,1.7000000000000002,5,209,1
1.9254858733790023,1.3972751522509614,3.2646579114244667,2.41451432109872,1.7000000000000002,5,209,2
0.8226884320652351,2.0352116214429037,1.697912227787973,1.6903046197984453,1.7000000000000002,5,209,3
3.35806815577935,2.117163487565406,1.7088523075847009,1.6853411929731206,1.7000000000000002,5,209,4
4.608862020216617,1.9999775847472168,3.9999868930132383,1.696014107522865,1.7000000000000002,5,209,5
1.5769328677745895,2.2722429432966686,4.109931364005621,2.211949931753985,1.9,5,210,1
3.1420918902316335,2.176774748665931,1.900077132172329,1.8910364274251432,1.9,5,210,2
3.2079833486958806,2.27051082190542,2.954154110371508,1.8659201951214648,1.9,5,210,3
3.964852156060464,2.225650741930243,2.4105876415479868,2.3739885532390437,1.9,5,210,4
2.6333358588594686,2.233121286130845,1.9046370686556309,1.8833504151517375,1.9,5,210,5
15.50874387200651,1.4112423788164268,1.7148381243283777,18.83991521377312,2.1,5,211,1
10.057426081573231,1.6738764188193809,2.450918515487517,18.164030484937467,2.1,5,211,2
3.7146543113999426,1.9998277108578353,3.75298668861944,2.4749403428964114,2.1,5,211,3
15.291644451447503,1.617795599831884,2.2611044453506595,21.882625112655266,2.1,5,211,4
13.315505674285768,1.599140709222043,2.1375597458582,21.49058115297447,2.1,5,211,5
5.772985085921082,1.764991479301205,3.229418671569476,12.477533123640024,2.3000000000000003,5,212,1
3.5270442111703337,1.8784392358160913,1.7897415160297738,11.237497378306204,2.3000000000000003,5,212,2
12.772124279133015,1.638104113987087,2.3327130445665087,22.921391046254513,2.3000000000000003,5,212,3
8.021908381610368,1.6538233783609069,2.5298222901153924,13.02903792486838,2.3000000000000003,5,212,4
7.816468753294262,1.7387075637512013,2.346666214516772,15.867093644836384,2.3000000000000003,5,212,5
1.0015590580308802,2.258259334392321,4.1485552321711046,3.4615449912784215,2.5000000000000004,5,213,1
2.228503140213066,1.8865873132408328,1.6405194004596888,8.439070057703203,2.5000000000000004,5,213,2
4.90054069124654,1.8173076346177264,1.304694425811561,11.953920552980554,2.5000000000000004,5,213,3
3.861812929319808,1.8108657070697949,1.7299944511641183,9.950367888445513,2.5000000000000004,5,213,4
1.3277118914267536,1.9314093915808388,2.487640318736177,2.4747352747318145,2.5000000000000004,5,213,5
3.664543296775526,1.8519075422715507,1.8327775506263,10.077147745918046,2.7,5,214,1
6.644463733055915,1.7098973547856895,1.7427110819694962,12.28439149197438,2.7,5,214,2
2.811638123355527,1.9284622814661432,2.023693830150192,11.62934964796391,2.7,5,214,3
7.44011779316484,1.7322063888263035,2.5912076298474638,14.976767385399516,2.7,5,214,4
1.3029269739352136,1.9350627505213285,2.7170511949227274,2.671022341663454,2.7,5,214,5
2.2490424376372657,1.9024724407973324,2.418966418730535,7.830964819137251,2.9000000000000004,5,215,1
1.9194271390909887,1.918791207569833,3.139176579634066,7.313865044015687,2.9000000000000004,5,215,2
1.933899309786976,1.921006904244806,1.066659196299153,9.394633183052925,2.9000000000000004,5,215,3
2.263200420708944,1.8919940208641235,2.963130867985032,8.735705180182547,2.9000000000000004,5,215,4
1.606570823783115,1.9246469204863097,2.8764927834930183,2.935585689327729,2.9000000000000004,5,215,5
1.534590581976828,1.9359256362161552,3.1045642595510916,3.6895170686989225,3.1,5,216,1
2.124586629683276,1.9156430905428583,1.9822794671148776,8.991955358097128,3.1,5,216,2
2.0373335276418305,1.9184936988248111,1.449120569902036,7.726633022121671,3.1,5,216,3
2.019712950098775,1.89438032961712,2.2265424660305753,8.445357258188835,3.1,5,216,4
2.0420265408670795,1.8695208695965548,2.276308097782448,7.667623051368193,3.1,5,216,5
1.7428382677504644,1.9099366195876537,3.293743396077764,3.2787267143476204,3.3000000000000003,5,217,1
1.7527611231900413,1.9194339899863575,2.97207134977079,8.430910128463829,3.3000000000000003,5,217,2
1.6714097656774771,1.9157930090454105,2.0319162786004097,7.972307002776224,3.3000000000000003,5,217,3
1.363327614065538,1.9628491035672735,3.641895244268803,16.172367518772433,3.3000000000000003,5,217,4
1.7128392800437988,1.9605644754884628,4.121091655777794,20.196330532035415,3.3000000000000003,5,217,5
2.555817077323855,1.9027463624316951,2.59049809799318,9.591323290093053,3.5000000000000004,5,218,1
1.8183906011445137,1.923022701879272,2.2830006999051196,8.38595914388338,3.5000000000000004,5,218,2
1.574802818674363,1.946569581097718,3.724076096357788,14.817151129585469,3.5000000000000004,5,218,3
2.248730817014708,1.8969687654830796,2.1572511530095744,8.00314540694311,3.5000000000000004,5,218,4
1.850048845630045,1.9148640515315576,3.432770935896014,4.139534349969129,3.5000000000000004,5,218,5
2.5196160957639746,1.887981022170556,2.101336345694186,10.884834449564131,3.7,5,219,1
2.028664420683904,1.97929887299753,4.361646490031774,21.73105898360781,3.7,5,219,2
2.262753770491154,1.9222283162342555,1.8124922947024027,8.212276393283203,3.7,5,219,3
3.573747048812592,1.8496618340899085,1.9786505227747893,8.621680170008442,3.7,5,219,4
1.7916514043710186,1.920834922579144,3.281662283195359,8.595834586142457,3.7,5,219,5
2.0736098602588604,1.990829476481093,4.5193804011346606,25.81719844974724,3.9,5,220,1
2.3297736928095576,1.9204134131098676,1.799144691097596,8.463554561069445,3.9,5,220,2
2.119664483312596,1.9050213969039052,1.7335544220701755,9.267414245887151,3.9,5,220,3
2.8880056644095644,1.889907954288404,2.035757863697482,9.88885712614397,3.9,5,220,4
2.1957678588293352,1.9211176862883004,1.678439907133716,8.252919575574712,3.9,5,220,5
1.767569374197005,1.975665018381355,4.395037532801879,26.232253161153963,4.1,5,221,1
3.146138942723846,1.8759231185494107,1.883737677893684,8.443607921467567,4.1,5,221,2
1.4202630883499436,1.935068225750144,4.030390302057666,4.06516371493563,4.1,5,221,3
2.752167614014017,1.9086890713589104,5.1080892118684,7.864310772984331,4.1,5,221,4
2.5307586948100087,1.8994574029169375,3.566274925169731,8.125446304159444,4.1,5,221,5
1.6639644425039437,1.9721399288714576,4.304592470235244,22.777266355478982,4.3,5,222,1
1.926600300578726,1.9135591345167688,2.0431283781825544,8.610442150375352,4.3,5,222,2
2.4834231109895324,1.924269226559409,5.151766696884001,7.977856916641958,4.3,5,222,3
2.4606032289577007,1.8774165715050697,3.113914085794022,6.993776554575368,4.3,5,222,4
2.2213360285975665,1.9917087277574257,4.568459658972156,25.99138034841958,4.3,5,222,5
1.9133016709403945,1.9219911974326296,1.815144649097176,8.359771675173352,4.5,5,223,1
1.9293915177788392,1.9190211785470863,4.40074231772614,5.1329233346683605,4.5,5,223,2
2.9418571897452255,1.9012168956434092,8.110663529594193,7.134035214234239,4.5,5,223,3
3.111768093587954,1.858450993170768,5.375184831663552,7.573534871760386,4.5,5,223,4
3.063604376169946,1.8687894504738625,2.1649066655563223,9.129670071600804,4.5,5,223,5
1.5175618329266545,1.9679692025412772,3.970758438178733,21.196213085161222,4.7,5,224,1
2.725283923191008,1.8953506350774096,6.0031636859229875,7.495092024168986,4.7,5,224,2
2.3491772596841076,1.9966934097475588,4.6054420616990175,26.29154290168874,4.7,5,224,3
1.2214675920771785,1.9797860911235683,4.480139184380375,24.65808653788188,4.7,5,224,4
2.832589693108159,1.9091473102455745,5.9354904281310805,7.157786642598846,4.7,5,224,5
2.3831301153736333,1.8969476071297455,4.650151218173679,8.616883617027469,4.9,5,225,1
2.4298466784201582,1.8934056159221864,2.0359616372520333,10.814441492136272,4.9,5,225,2
2.2294986018634835,1.9031843376933024,4.105311219976372,8.459015305129336,4.9,5,225,3
1.8818848333891336,1.915947358833035,2.1456624652989436,9.771348085126489,4.9,5,225,4
1.6640495455230486,1.9509105800345252,4.635756755261509,19.00163226171567,4.9,5,225,5
2.0053205857117806,1.9101903470560544,6.335292799849947,6.9248390989833855,5.1,5,226,1
1.9757099735262624,1.900699000098692,4.4211188907367305,9.109788000661824,5.1,5,226,2
3.046290763873433,1.8585790812908471,1.23697337195816,10.178042779681398,5.1,5,226,3
3.194986744284686,1.8644551418282584,2.0996557280010757,10.31001061208216,5.1,5,226,4
2.7048799443924643,1.867291980804267,3.6790318947759255,9.641920822897749,5.1,5,226,5
3.028487158060575,1.904948776572716,6.1157665877710725,7.26635315110496,5.3,5,227,1
2.919905510936991,1.8667357787807015,3.474353084016448,8.79876274072201,5.3,5,227,2
3.075380693382426,1.876906040784651,4.824840473810148,9.571253328142944,5.3,5,227,3
2.614566997701176,1.9129212683408112,1.853478171799278,8.246784864009385,5.3,5,227,4
1.7934178743542972,1.9379894926261456,2.735357794834578,14.590501264137137,5.3,5,227,5
2.005779204834002,1.9172389211200975,2.289620824110255,8.82321946875726,5.5,5,228,1
1.7260386575729063,1.9812367504068984,4.343284625733982,25.23099665708203,5.5,5,228,2
2.5474782194989327,1.8963594902665488,4.71908815710969,7.962534149997723,5.5,5,228,3
3.473184800424681,1.8541799762985791,1.7929965256277278,8.559151695872586,5.5,5,228,4
3.834075630293413,1.820771979156912,3.268385561612174,10.334819181236549,5.5,5,228,5
1.6797006981413327,1.9473426321163412,2.488020006921606,14.821519101157447,5.7,5,229,1
2.1674471677405913,1.9031607433216944,2.210495262835804,9.273523294215538,5.7,5,229,2
2.671828635916587,1.8817288870232551,2.0240122191866123,7.998538452163341,5.7,5,229,3
2.789064455348125,1.9199990478531408,5.456757983947328,6.978491774363314,5.7,5,229,4
3.129869171283308,1.880559937433619,2.149295241482742,13.40331684593447,5.7,5,229,5
2.3971560612266294,1.9229076583461469,8.515720390724363,7.520895109220544,5.9,5,230,1
2.3903726102443117,1.9940754972093344,4.562085118051757,27.366511044894217,5.9,5,230,2
2.4107661431431255,1.911972147250922,5.084868907155672,8.451651159185852,5.9,5,230,3
2.6193964807859533,1.906186303320831,5.7684751736876825,7.275442957348525,5.9,5,230,4
2.1113110821013437,1.919560586431787,4.774242546402319,8.155625996190942,5.9,5,230,5
3.2675452217731964,1.8926361458053136,12.211633130867911,6.562239287098837,6.1,5,231,1
2.6187042690883455,1.8661304562856365,3.2426272937748672,9.462729896059338,6.1,5,231,2
1.6938300859976894,1.975662089332875,4.855769747260419,22.645471106976192,6.1,5,231,3
1.8186818518354064,1.919733860307213,2.233457806188234,9.238806678883131,6.1,5,231,4
2.370852554722953,1.9029322652943512,4.937274789155258,8.209059246502427,6.1,5,231,5
3.513050970986277,1.8657906902253676,4.651393563869617,7.815783797639133,6.3,5,232,1
1.7961126870280386,1.9861266957577557,4.4137257596941994,26.301721582774285,6.3,5,232,2
2.9780591692664355,1.8868552115122983,5.869795934695061,8.90393770255298,6.3,5,232,3
2.9744765544780716,1.897021981299453,4.931916580764942,8.355589553405999,6.3,5,232,4
2.2358236094633983,1.9158762064204256,2.197976253750968,9.2107124286134745,6.3,5,232,5
2.6475308013774974,1.8835084834452351,5.289869999221171,7.399813067196971,6.5,5,233,1
2.3451402021300085,1.8891344664413343,5.402277267660905,8.809644979113548,6.5,5,233,2
1.3891384455272258,1.9546995519151795,5.148612468981098,20.449295036360628,6.5,5,233,3
1.9998896621408824,1.906410657764372,6.553656480013666,8.021669963930234,6.5,5,233,4
2.0745328151275895,1.8964459691550593,4.5821758023249375,8.755463506274975,6.5,5,233,5
2.5197797222177742,1.8833003723175652,4.19441487411188,8.059879034973934,6.7,5,234,1
2.3419772010560793,1.890173295959768,2.401146731304992,11.89305014530629,6.7,5,234,2
2.090986095868195,1.9200067311034856,4.977574675612451,8.721125449039372,6.7,5,234,3
2.8123160844265698,1.8800844669576688,6.294362149863708,9.217650278781512,6.7,5,234,4
2.781333567129705,1.8947837273872616,4.92590244643343,8.613861094864529,6.7,5,234,5
2.1872163539370804,1.924821639487972,9.029512716462364,7.642050111314129,6.9,5,235,1
2.6674031035637142,1.877966574541824,5.2670377828053025,8.965162818092862,6.9,5,235,2
2.295724254875153,1.9091810848158175,6.2598488701349035,7.577122204469699,6.9,5,235,3
2.0469947553152883,1.9162409550438273,0.9464818461264062,7.899625125408397,6.9,5,235,4
2.9866496866331196,1.859051912193497,6.356856626016605,11.045766228460955,6.9,5,235,5
3.2039320141108347,1.8971876841479285,3.756494336709715,7.496819214805455,7.1,5,236,1
2.6158491548928477,1.9950565946791576,4.499630148438402,31.538925803289036,7.1,5,236,2
2.367748652470143,1.9099365674350737,4.084116437021309,8.659722417959443,7.1,5,236,3
2.8421231676101524,1.888976981563786,5.903642409137793,9.07867810372788,7.1,5,236,4
1.616905827892657,1.957415284771985,4.048468030015058,19.03991986575138,7.1,5,236,5
3.216748590340604,1.8570441966185305,3.0804620840584227,10.411229986935238,7.3,5,237,1
1.7150403463625812,1.9212122187862428,2.319718565431612,8.918068152502487,7.3,5,237,2
1.832312267035742,1.8974099765386592,6.935171437142605,7.352236903103937,7.3,5,237,3
2.342654264988783,1.9689864165807789,4.042564574526156,24.61350458618637,7.3,5,237,4
2.5352864185302852,1.8836048435481203,4.244720585207257,9.034789555738868,7.3,5,237,5
1.9980724026002847,1.9898909070895183,4.322678107261309,29.148122723224432,7.5,5,238,1
3.637752933320789,1.8228313906333231,4.525943342732461,12.029996976850285,7.5,5,238,2
3.00207312164664,1.883177824346283,6.43748911970045,9.021867773848069,7.5,5,238,3
2.1613983315554433,1.8858983928724788,7.128092008656504,7.323926849288931,7.5,5,238,4
2.115008977752344,1.918472055761054,6.721255175523291,9.102217772997442,7.5,5,238,5
2.4852502752974264,1.867743562953993,4.364826569704168,9.834145867830191,7.7,5,239,1
2.1295084836561817,1.8994629222225776,6.11151353174733,8.655593120655645,7.7,5,239,2
2.4954832838499157,1.906415557529047,5.1336619752568415,8.299001001771172,7.7,5,239,3
1.775406993503367,1.9230920141207892,6.934471809738972,10.173490429318576,7.7,5,239,4
2.9064268048682163,1.872884557918645,4.5970032024164675,9.293748916070813,7.7,5,239,5
2.776225745457233,1.912087816508228,11.209574312099862,7.403029806404355,7.9,5,240,1
2.9794883562915913,1.897228431372523,4.618314872291119,8.352593194739654,7.9,5,240,2
2.413302003224222,1.9027466904485089,4.249683243866049,8.103020133104764,7.9,5,240,3
2.6727244813168336,1.8804255629531412,1.35518754584252,9.12230542791028,7.9,5,240,4
2.751785988992358,1.883951301039432,5.245139491517486,8.216348537035875,7.9,5,240,5
3.116564250408121,1.867651292611574,10.158208311330837,9.059706603106346,8.1,5,241,1
3.4031232767393993,1.8957939814161575,4.30369968490441,8.00647019425561,8.1,5,241,2
2.2697024258957583,1.9028072749582792,1.1206240703479309,8.34012853811185,8.1,5,241,3
2.7368776212991657,1.9188683289124624,7.830482838040117,7.282324429982777,8.1,5,241,4
2.648334889968655,1.8984466268630191,5.04748406460132,8.482832575798305,8.1,5,241,5
2.285569096037669,1.917446047888032,1.918188334684406,7.87547194986769,8.3,5,242,1
2.1189705044420313,1.8803201074618696,7.418716287216108,8.038439310540697,8.3,5,242,2
2.2865935834200783,1.899689218642996,1.8299217581274296,8.141952020142027,8.3,5,242,3
1.6022068746050906,1.983647506028984,4.609091961239081,24.0380159974809,8.3,5,242,4
2.3153241814862997,1.9196706847842364,6.412006627935473,7.934735816420509,8.3,5,242,5
1.8240020593123845,1.9186698707575391,2.168359628783954,11.969616131823146,8.5,5,243,1
2.2502913254284893,1.9028053749495797,7.191126817337911,8.546959156419007,8.5,5,243,2
5.480172416493999,1.7568259417029204,3.4371312685228252,13.518858230802827,8.5,5,243,3
2.778782392249819,1.8834959417174957,2.8161154991913446,16.878963803322197,8.5,5,243,4
2.9767002597224756,1.879133337715801,7.264297113534757,7.920166217270433,8.5,5,243,5
2.6102339279065876,1.8676515527474613,5.305586196763656,8.782592948208487,8.7,5,244,1
2.583801414401981,1.8874357362637817,3.84210821378464,13.733179309987474,8.7,5,244,2
2.4710397251291862,1.9143597564864692,6.836869023684365,8.236391304224906,8.7,5,244,3
2.220696458475986,1.886580437370656,6.449115434317027,8.316710986769813,8.7,5,244,4
2.1740163259718432,1.9243775894219912,8.703027225123869,7.661333803618066,8.7,5,244,5
1.8710812106887864,1.9293483552398347,3.768571638722419,10.384713422967843,8.9,5,245,1
3.1248965248394787,1.9034457829485985,1.5911812762023163,7.3199257410658785,8.9,5,245,2
2.7796649398046176,1.8705500879891912,5.438689608567856,9.013823450108676,8.9,5,245,3
1.8309814077137463,1.9209968394283463,2.8744679328938547,7.993671680039648,8.9,5,245,4
2.42151873022519,1.882011182402271,5.655528165813262,8.882171278438582,8.9,5,245,5
2.670630899796965,1.8724023329672128,1.8195598134071205,9.45915799641769,9.1,5,246,1
2.3213117194768462,1.8904222273600708,1.895894672842356,8.287533041974536,9.1,5,246,2
2.7588354107723077,1.8653386389454507,4.350464730646696,10.110753275656952,9.1,5,246,3
2.4030792577183373,1.879840244338495,2.173931999423424,8.625975308906513,9.1,5,246,4
2.7860670554577247,1.8821608787562976,1.956240500027212,7.454045317829509,9.1,5,246,5
2.344325618317193,1.880623872054139,7.999325710466206,9.762409378394846,9.3,5,247,1
2.0174096508000834,1.886492961683792,6.575783944928537,9.271887388900744,9.3,5,247,2
2.668272030585094,1.9063977260054683,5.204379877653862,7.979488485709885,9.3,5,247,3
1.4861962045496484,1.9398688451432005,4.807827851529251,21.11967823378528,9.3,5,247,4
2.45311737813022,1.8933529230270567,5.796667396933795,8.239731090480023,9.3,5,247,5
3.1537731167436927,1.896410450356247,4.553800410221645,7.706242295504715,9.5,5,248,1
2.929894042192541,1.99871209541346,4.3306421006360285,31.746518850130578,9.5,5,248,2
2.120835328160714,1.8969283279260811,1.8567119908787757,8.970512864742926,9.5,5,248,3
3.0999035654361995,1.8704530777926591,5.2256706307184855,9.925035216002554,9.5,5,248,4
2.7403282569944873,1.873506732356982,2.1004602937130645,10.486372739877057,9.5,5,248,5
2.187783178154783,1.9259970435787952,7.553164570319761,9.673522219194563,9.7,5,249,1
2.6547958371725384,1.864778470475948,1.1158986785339744,9.666512995513653,9.7,5,249,2
1.9544258116803737,1.9087204136367608,8.798392997684573,9.636165293081245,9.7,5,249,3
2.245715217155461,1.8994957988615069,1.3075222760227398,8.420324238771602,9.7,5,249,4
1.678514231474544,1.9144568931077584,7.697558531951047,9.7341763025907575,9.7,5,249,5
2.555866756144412,1.9930829657104323,4.585398252224651,27.64640809407876,9.9,5,250,1
1.4421877727898074,1.9013829269965823,9.627904707516564,10.37678403776691,9.9,5,250,2
1.3868356441374492,1.9440012387537309,6.912388966680765,16.017655148506247,9.9,5,250,3
3.3646717499230494,1.8686265283123975,8.514034232090417,7.615122334036316,9.9,5,250,4
2.2860065206488955,1.9092074737459568,7.5568909857800435,8.730046824035679,9.9,5,250,5
1.0507784471129458,0.03614328099096454,0.05950478080194978,1.051087857494723,0.1,6,251,1
1.076838747903924,0.06817557606169657,0.04472725447318516,1.095954923873202,0.1,6,251,2
1.0859683573907,0.03358480408174705,0.06001976958868615,1.0758833391410083,0.1,6,251,3
1.155550095173409,0.08437872156874605,0.04651541242400744,1.1528854817098262,0.1,6,251,4
1.0893946513318382,0.10362940655453756,0.09218504963572048,1.105485792673068,0.1,6,251,5
0.7713841656358323,0.03459103770544073,0.06102407119095422,0.6503136284331829,0.30000000000000004,6,252,1
1.5243896382906403,0.04800951094403071,0.04308828383540811,1.252066926312572,0.30000000000000004,6,252,2
1.339092985467586,0.09694704975519047,0.1345808309580496,1.124091727031978,0.30000000000000004,6,252,3
1.4731672203544512,0.10094192415036132,0.1099342703428318,1.2365010044144311,0.30000000000000004,6,252,4
0.8551905232483502,0.08083985776971353,0.06307352398348767,0.8779856776081795,0.30000000000000004,6,252,5
0.9290930483771016,0.24698461048596285,0.7031156214087267,0.33447201263407333,0.5,6,253,1
0.7139794853896344,0.19903363874619132,0.5484399534371982,0.32235022261911567,0.5,6,253,2
0.9702453716246376,0.17497907596502713,0.6269925672641299,0.23081469531572424,0.5,6,253,3
0.5980645206973791,0.23746003572350552,0.5991100549303121,0.2096278018758331,0.5,6,253,4
0.7535368994126912,0.07456999325367865,0.1820760237804133,0.1489976703232343,0.5,6,253,5
1.761239954178193,0.2899680915270518,0.8358983874008294,0.7761167493542028,0.7000000000000001,6,254,1
1.961796745029292,0.1919605177848887,0.7346892676917969,0.6425315555245453,0.7000000000000001,6,254,2
1.6149916722467546,0.4522170347345197,1.17596306493293,0.8297497225125854,0.7000000000000001,6,254,3
1.312765646920387,0.742819184770831,1.6029623390125014,1.3538064617024057,0.7000000000000001,6,254,4
1.5573159852689278,0.404996376535832,1.1174946497091318,0.6667798881602899,0.7000000000000001,6,254,5
1.9819162671226604,0.7081410554844404,1.6241602040397671,1.553435221408597,0.9,6,255,1
1.8529815586163871,0.5477564611662487,1.3790137730944694,1.0824466564528192,0.9,6,255,2
1.930982220176364,0.5246799612320417,1.3618920559737238,1.1470441125460005,0.9,6,255,3
2.6950849354402653,0.3727411864098605,0.9190349550726804,1.4951473337587968,0.9,6,255,4
2.421480390360556,2.651207808257392,3.5233666593187243,4.385412652173878,0.9,6,255,5
3.582305757385687,3.669576783338898,4.609980322890162,6.268670301125803,1.1,6,256,1
3.2434817328543906,0.5315622323243594,1.505431419013557,1.789927161739398,1.1,6,256,2
3.0577025068970287,0.5667810035492292,1.5235367590657496,1.6557231153219767,1.1,6,256,3
3.4970482590857177,0.6372465366353257,1.5905863670465965,2.707957705757903,1.1,6,256,4
3.488815380265276,2.6869266617110203,3.4760605575681445,5.095922103703789,1.1,6,256,5
4.32337527928061,0.8664959296520883,2.0104186459585436,4.376680583705822,1.3000000000000005,6,257,1
3.6026177125296157,0.8568082568817872,1.8152790095764724,5.623261727447791,1.3000000000000005,6,257,2
6.404573710769966,0.6605726702812383,1.6785391106976573,5.051475490860599,1.3000000000000005,6,257,3
1.3576528744499423,1.241795983186968,2.3149579717372912,5.486758883420421,1.3000000000000005,6,257,4
4.184774375228511,0.9028871772332052,2.134464829558359,4.191836540503634,1.3000000000000005,6,257,5
4.375740556162498,2.213650054320326,1.4997904781669864,1.5112401175203578,1.5000000000000002,6,258,1
2.7525436461619845,3.91208597628739,4.951735499569387,6.532917314236986,1.5000000000000002,6,258,2
17.452163538285223,3.749813879365282,4.818577305913636,10.661466342115393,1.5000000000000002,6,258,3
2.068718980597907,3.4170198689022797,4.023668012638872,5.7980756273863845,1.5000000000000002,6,258,4
2.8192802757728184,3.851600145577996,4.9166309660459975,6.445049615148385,1.5000000000000002,6,258,5
1.6821387928644571,0.891032964567821,1.529229534221,1.3395621272757476,1.7000000000000002,6,259,1
0.7507614060721078,2.1164525848386964,4.009696774831108,1.7163228854429575,1.7000000000000002,6,259,2
4.048441137409231,2.0001164077382327,4.000197405057724,4.281186901826318,1.7000000000000002,6,259,3
4.952746459946726,2.000297064974772,3.99990232130355,1.704508183364235,1.7000000000000002,6,259,4
1.7039454208363634,0.838332433872186,1.8612182686924064,1.5037486239758164,1.7000000000000002,6,259,5
1.9792030505781264,2.0910812504911296,1.9356506965611984,1.9156030172841136,1.9,6,260,1
1.2420585373166089,2.200503661593336,3.738440431304936,1.9401284422450096,1.9,6,260,2
0.9209712173404382,2.0949764033307035,1.898784759813332,1.880428315205812,1.9,6,260,3
3.5752015533103503,2.2504852677629863,1.892564237621548,1.9351274299593095,1.9,6,260,4
3.248981116391466,2.217976597954683,1.921073666471074,1.9080512829586491,1.9,6,260,5
13.11581486349026,1.6059952706944924,2.3432713704565535,21.95495703055954,2.1,6,261,1
1.4082961504365406,2.331068611514717,4.264302774567447,2.418953400715588,2.1,6,261,2
1.0357929049835897,2.2400504379860378,2.066608608225105,2.02949031754891,2.1,6,261,3
6.971366791395686,1.775982944209611,2.9832122496225364,16.244183050841485,2.1,6,261,4
3.0802549484214694,1.8892877712598592,1.607323882430593,9.003804811252401,2.1,6,261,5
10.190178288038496,1.6438749387878868,2.224781861836356,16.598767404124807,2.3000000000000003,6,262,1
6.618570899452649,1.742905999139357,3.216528197080499,14.198810530946998,2.3000000000000003,6,262,2
1.1092515016475313,2.2471804744735486,2.26631826368713,2.2935994071785033,2.3000000000000003,6,262,3
3.46553915493246,1.92284016326221,2.1100784803997743,7.586280370953386,2.3000000000000003,6,262,4
7.775401817121174,1.6947771101631428,2.7225615188214474,14.07114862716032,2.3000000000000003,6,262,5
7.055228630928521,1.7783797397240804,1.1203509045777311,13.839960892439796,2.5000000000000004,6,263,1
5.564391433078675,1.8407053781420553,2.9367920191256833,15.853220527411247,2.5000000000000004,6,263,2
8.668898242691704,1.7873549616471494,2.276309297204177,19.6299348327216,2.5000000000000004,6,263,3
6.348550036906052,1.762720350950681,2.775773384754213,12.500711382101752,2.5000000000000004,6,263,4
1.363086770438573,1.9455512266052593,2.4921744948098263,2.5365957130521744,2.5000000000000004,6,263,5
6.109204677747274,1.7825496471641151,2.6496715223720866,14.207597900690413,2.7,6,264,1
1.8785560307008968,1.9037546655191164,2.566797682109841,3.535829763520718,2.7,6,264,2
0.9692901095111344,1.968018149642836,2.720334089851099,2.552255053127312,2.7,6,264,3
1.8903908951786097,1.9477279886007175,2.4970880974052454,2.673668799413701,2.7,6,264,4
2.0192408466465643,1.943306081507552,2.2848298864952787,9.80855867178475,2.7,6,264,5
0.8719974362311215,1.976825673212596,2.8812625657935045,2.8132481590987317,2.9000000000000004,6,265,1
2.213317945475716,1.983599692994144,4.18380469842569,24.155808278007548,2.9000000000000004,6,265,2
1.8615872985571729,1.96181904464164,2.924989924233733,2.8025334919157276,2.9000000000000004,6,265,3
1.221419641367627,1.970358634721299,3.385048634268873,13.94787290977428,2.9000000000000004,6,265,4
1.641290986357561,1.9231504896796576,2.4353213599437034,9.83020744410035,2.9000000000000004,6,265,5
1.9082021991254232,1.968582007351144,3.1012858623688926,2.9900886694360005,3.1,6,266,1
2.181809622887735,1.939823102433564,2.690176916244286,3.454873620261321,3.1,6,266,2
1.979175350491339,1.9329006161273603,2.385121385510196,8.696684172019907,3.1,6,266,3
1.2988164199589398,1.97085814925908,3.090937924410398,3.06009447723669,3.1,6,266,4
1.4127744096066206,1.9529406924998312,2.778492070708784,4.926124993543843,3.1,6,266,5
1.4958227323768722,1.9485121437742496,2.089162875789017,7.384708298078541,3.3000000000000003,6,267,1
1.372752677460009,1.9711655712760576,3.274844238649473,3.2103776389098395,3.3000000000000003,6,267,2
1.8487476861176373,1.9798028758830943,4.3338714548567765,22.63570873282247,3.3000000000000003,6,267,3
1.4204315025010728,1.9786018358729884,3.799154639719616,3.2694225906685395,3.3000000000000003,6,267,4
1.5754430830584374,1.985333766762618,3.9330883350907113,17.48639155114668,3.3000000000000003,6,267,5
1.7349950132023713,1.9143175991926884,2.483749302745852,9.678896909033986,3.5000000000000004,6,268,1
1.877825535546334,1.9328734175255364,2.2721041849757837,8.728910955137207,3.5000000000000004,6,268,2
2.6631148170902073,1.9960051795500957,4.680094642455947,26.818140285788186,3.5000000000000004,6,268,3
1.8379339662590919,1.98457452540847,4.2793935415857245,22.166796530259973,3.5000000000000004,6,268,4
1.5903883981389026,1.939380527272248,2.371107954418252,9.1433647715194,3.5000000000000004,6,268,5
1.5979368485830592,1.9359096320204343,2.8413492143251933,7.770052150811976,3.7,6,269,1
1.4373719572635777,1.9705728300945748,4.049171567858621,18.356798694139233,3.7,6,269,2
1.9055462470302555,1.9916970697668963,4.508256456757987,25.949790354373594,3.7,6,269,3
2.3245962545456336,1.993515435405597,4.565819340371465,26.284214744169063,3.7,6,269,4
2.384241381141523,1.93244914701356,3.436891555543288,3.741930115261096,3.7,6,269,5
1.2285157864192844,1.9817989891394112,4.5172018990624165,21.183651053324297,3.9,6,270,1
1.1026191744754916,1.9650718428056728,3.869653769297788,20.184732139897495,3.9,6,270,2
1.6673834438499648,1.9829312639929233,4.543541453722199,22.14205403939712,3.9,6,270,3
1.5708347044901332,1.9582776731209808,2.5831878133195705,14.062264755077576,3.9,6,270,4
1.527770605564156,1.9542949177218336,2.2135233006188506,8.115499152990507,3.9,6,270,5
1.827973849597486,1.9926694007663013,4.489542830742532,25.99563509066193,4.1,6,271,1
0.9810945615733636,1.9559962649221496,3.8604425331218657,5.67146383919266,4.1,6,271,2
1.188333359455346,1.978882102947756,4.373579046380337,18.50477673313847,4.1,6,271,3
1.990982773584573,1.992317078098859,4.471032661362413,25.791601342562647,4.1,6,271,4
0.9682877824841528,1.961969428078185,4.08135605420048,15.284301507292652,4.1,6,271,5
2.0820048387664176,1.9932317718699912,4.468746922292926,26.651144410247458,4.3,6,272,1
1.813271551290407,1.9885330348163992,4.4870774185175355,22.36664484659713,4.3,6,272,2
2.494012338950258,1.9988254013445932,4.614913660690824,26.05410599792915,4.3,6,272,3
3.1791250285488815,1.872532801238073,2.268220204629084,7.948417477917675,4.3,6,272,4
1.4682304672130673,1.9758528497506944,4.407330247105515,24.214751821805702,4.3,6,272,5
1.7788113582310827,1.9865876139208296,4.396469292554363,23.052823755153774,4.5,6,273,1
1.3484670456530248,1.9609813833029743,3.1752129491668177,15.23317243441276,4.5,6,273,2
2.044328230923547,1.993601984754229,4.289216990641184,29.912577855747003,4.5,6,273,3
1.581324477223404,1.9877296827593376,4.474581918963721,26.3681132364202,4.5,6,273,4
1.3683633627740386,1.9458505082910045,4.49025848757737,4.313070940390652,4.5,6,273,5
1.3680072855877088,1.9425471930812763,2.378876946378894,7.903865563661167,4.7,6,274,1
1.2283721151244764,1.941281191865702,4.195946896665991,6.596442920236562,4.7,6,274,2
1.673742571875548,1.9820149716368411,4.43137863592824,21.658629319372483,4.7,6,274,3
2.0998339143387477,1.931441246761165,2.3109007382522675,9.005502141236455,4.7,6,274,4
1.8701740332827477,1.9382883362835377,4.8996581702337085,8.223788865830974,4.7,6,274,5
2.1034991640237877,1.8986056160772184,5.649341995367917,7.227345622785508,4.9,6,275,1
1.981248863924392,1.9910631627766928,4.498553529301071,25.970543297978196,4.9,6,275,2
1.692556179121666,1.9816923003597475,4.562470791568949,22.563397855665027,4.9,6,275,3
2.315235345366259,1.9944220532440011,4.490979069606583,28.65529256592164,4.9,6,275,4
2.164118428995837,1.9424515413670016,2.0226730981461283,7.356508311123425,4.9,6,275,5
1.9656066580680924,1.9910195814675156,4.570327126642108,24.50921730727987,5.1,6,276,1
1.7655882190383918,1.9307548208616123,2.7869821457076047,15.01501685519468,5.1,6,276,2
2.486917565653955,1.9956227235545596,4.568884014697438,26.883736366011657,5.1,6,276,3
1.5428644828119524,1.9851823426479975,4.378980189325155,23.751946105997774,5.1,6,276,4
1.82562658513492,1.974785731868572,3.910721350637574,23.881396635980003,5.1,6,276,5
1.7621738677001717,1.9430076212733,5.096564667412744,5.130781913907857,5.3,6,277,1
1.606570555084375,1.929096357630521,4.42136425447769,6.576383953080012,5.3,6,277,2
3.122907281781163,1.9233358794847497,4.329402244660517,6.874564807809009,5.3,6,277,3
1.941056131498888,1.935532147414459,2.4235445166733833,9.16250752185364,5.3,6,277,4
1.2898629469848268,1.9459697033855987,5.244085388703932,5.762683254414587,5.3,6,277,5
1.2803771409790434,1.9442909811813545,2.2125476662492103,9.135015015224884,5.5,6,278,1
2.3566608547958894,1.9913737438162644,4.65658262888093,25.03233092948711,5.5,6,278,2
1.6795308569509122,1.9142341765920752,2.43200208333981,10.758718607597997,5.5,6,278,3
0.9292219685209124,1.9800902629373784,5.293083811405426,5.491823424033872,5.5,6,278,4
2.894360495591772,1.861749913644695,2.221264184345034,8.732232599115228,5.5,6,278,5
1.9164669933874312,1.945254531371277,5.1791146070031315,7.757460204657178,5.7,6,279,1
1.7480940676853438,1.9570130856711323,5.92386516479961,16.016483619074414,5.7,6,279,2
1.623567438302558,1.9786780223367448,4.552628847075391,23.073393907587423,5.7,6,279,3
2.2173537291918173,1.937854753603636,5.964693703747776,7.42837116388481,5.7,6,279,4
1.8982822754473987,1.976732944028378,4.557022127042088,25.342862220756754,5.7,6,279,5
1.697926450131034,1.9124130347807828,5.417548567926845,8.192215210485683,5.9,6,280,1
1.2942608573650585,1.973753727602952,5.806375029439901,5.639796469977677,5.9,6,280,2
2.188408303677089,1.99351363371516,4.596062583489064,25.58916830357028,5.9,6,280,3
1.2893300609084068,1.9473656306948972,2.0353137463526183,8.58668852120548,5.9,6,280,4
1.6308588791628715,1.9747774359269377,3.749622087688086,18.868853370030827,5.9,6,280,5
1.69344610140741,1.919455959389134,4.083800105034005,9.047862984853568,6.1,6,281,1
1.5737414700093533,1.9602817245370767,4.734336805394509,19.718633419129063,6.1,6,281,2
1.6279103321197423,1.938178046116641,5.847901854238895,11.289155538775493,6.1,6,281,3
1.6400566515799164,1.9389582172964497,6.0995647666215165,7.330149904443433,6.1,6,281,4
1.2674741329145598,1.939307790229521,5.362173838587735,6.912637577033219,6.1,6,281,5
1.75716876900561,1.9855074177834071,4.307402293739688,27.148799636089525,6.3,6,282,1
1.5858352399428364,1.9228895200801868,4.214474869731526,9.118629925378777,6.3,6,282,2
1.2178636161912637,1.951293897332104,4.6557547779108335,19.945908367608705,6.3,6,282,3
1.81226993438285,1.9273941627229063,2.493041106893436,10.145555371020505,6.3,6,282,4
1.2099022958458872,1.9484148974835376,2.359963090724761,8.52489483891789,6.3,6,282,5
1.4289047763863263,1.9479345276871671,5.252978997616504,13.241182580014016,6.5,6,283,1
1.9174785678431647,1.917551406428146,4.819105959995286,7.384926090645815,6.5,6,283,2
1.8042871610721551,1.9161883015843408,5.982257944310502,7.883959860233311,6.5,6,283,3
1.725255983617218,1.989853242279784,4.348949496770103,27.85472763430069,6.5,6,283,4
1.6680148482185653,1.9236173766344136,2.3284631440306582,8.673007632258534,6.5,6,283,5
2.9654396479468703,1.8994297424709916,7.154932644878163,7.095127293703259,6.7,6,284,1
1.0946609307369657,1.9348250358239656,5.824009916203782,11.71678825117301,6.7,6,284,2
2.243011447780473,1.976807719218774,5.003015922710209,24.45853512359345,6.7,6,284,3
1.9956101308965064,1.9374654344351936,1.9004890886916437,7.2008984691548426,6.7,6,284,4
0.9817008136097932,1.969396036707409,4.911753184524464,22.51986796170675,6.7,6,284,5
1.5034691297861311,1.9415316357243384,3.170260674462977,7.8957697590829214,6.9,6,285,1
1.942331901565004,1.9279763987230547,6.322276871949539,8.592747293155252,6.9,6,285,2
1.412173190806283,1.9246300748452336,6.148574225619189,7.691056794898652,6.9,6,285,3
1.9323323359337607,1.911235229715171,5.464744313310533,8.905267663095065,6.9,6,285,4
2.0093413406806797,1.933628173932303,5.370537107431711,8.350984220501742,6.9,6,285,5
2.1442525911104524,1.9836053506747011,4.976902099093964,30.064342953495167,7.1,6,286,1
2.0204975039708404,1.9304199621031193,4.960079685585759,7.256567005340905,7.1,6,286,2
1.4036648998850618,1.9583633161611205,6.68474981362466,15.817406243883902,7.1,6,286,3
1.1144962582632254,1.952348871700344,2.3637821979260263,8.931350465083442,7.1,6,286,4
1.1889117156203612,1.9632838252503757,5.98154663243317,15.005884480792124,7.1,6,286,5
1.9698525126555135,1.946668623051193,4.2225988814552675,7.837187539016544,7.3,6,287,1
1.8623384200392556,1.9781435696584884,4.64141833466374,25.070432041982837,7.3,6,287,2
2.300500474782422,1.9031538947584952,4.91598199124937,8.408678347643965,7.3,6,287,3
1.9907849573477507,1.9910234374655804,4.537078047144401,25.33026254045652,7.3,6,287,4
1.13625350807377,1.9421929885053104,4.884233019743425,7.458970344813229,7.3,6,287,5
1.0941299983298427,1.9691355343043715,5.10343228430366,22.26437025656899,7.5,6,288,1
0.8964586091418622,1.985932829418112,7.28943379736646,7.385988679384357,7.5,6,288,2
2.262961842922581,1.9079617937869713,6.31084010083616,9.10518356272315,7.5,6,288,3
1.31874827064206,1.94040169381738,6.6270277005306255,15.134285388509038,7.5,6,288,4
2.412406089559064,1.9217245968635992,6.108822872070598,8.211004305149114,7.5,6,288,5
1.4576442722908796,1.9137564719110605,5.193092726927382,9.382318673511676,7.7,6,289,1
1.1111799563938545,1.9552481435702056,6.381043314272308,14.64176376093483,7.7,6,289,2
1.055251239386837,1.9557264860719348,5.440110272428823,17.98512958074941,7.7,6,289,3
2.3816093715794566,1.896741113501752,2.405905169345429,10.755372508756532,7.7,6,289,4
2.442714310488958,1.9936864568716997,4.684792421674311,25.946056629811864,7.7,6,289,5
1.7698696178269946,1.921961628041,5.845108212296955,8.243304483684165,7.9,6,290,1
2.566753134018966,1.9970389812205984,4.677417425116084,26.521552149170677,7.9,6,290,2
1.7599799641436236,1.932074016669704,5.975455160927977,8.300285538639423,7.9,6,290,3
2.033428143006249,1.9239976077659933,7.3509879478580995,7.836985736722429,7.9,6,290,4
2.5397461068393627,1.9951346056648445,4.371932069147843,33.32448696443173,7.9,6,290,5
2.4834904947538865,1.896967536007668,2.1950521205030262,9.552784005028068,8.1,6,291,1
1.3355013873722024,1.9389309762044429,7.416763706017248,8.216299952267736,8.1,6,291,2
1.0121046572313392,1.984765782102379,4.3086962824641635,28.07961741371552,8.1,6,291,3
1.6455428302366886,1.956022538681414,6.442736665885416,16.044375108081244,8.1,6,291,4
1.524487216014331,1.9505731813638132,4.976273336560434,15.356298818197452,8.1,6,291,5
2.064945602424875,1.910633128801612,6.596974829144751,8.099243307768242,8.3,6,292,1
0.7952164975592453,1.9733067194827156,4.991870553091938,20.36752901089932,8.3,6,292,2
1.2160760807063609,1.961169922653973,7.29638815555132,15.256941554734158,8.3,6,292,3
1.475999751284763,1.9338807106337428,4.706530522945336,8.78288079113968,8.3,6,292,4
1.2638524733330478,1.94663673078627,7.1790983031465325,8.322236620150989,8.3,6,292,5
1.0334885975270691,1.938187932828228,7.454627722253955,8.467625880257684,8.5,6,293,1
1.235906505579446,1.9825649050983392,4.450581211237393,23.89074229414552,8.5,6,293,2
1.4050365282769417,1.929219927941592,8.117486286565862,8.035815904473727,8.5,6,293,3
1.3970562591809528,1.9434915040012757,8.380842104897058,8.651551395140658,8.5,6,293,4
1.410718716277824,1.9342565612937208,6.597116076676917,14.898124361537326,8.5,6,293,5
1.804267987737508,1.9257211058447683,7.6306954578732284,8.14966900339091,8.7,6,294,1
2.038378358650932,1.9282032972363143,8.145728067563171,6.8539433418327675,8.7,6,294,2
3.8719934609988527,1.8697057560640185,7.243930122714405,7.561439809541143,8.7,6,294,3
1.7977357678962436,1.95563163670502,6.783247111763365,21.77123204428392,8.7,6,294,4
1.2204916534392158,1.9443726976492288,2.3595210072638144,9.526173165066009,8.7,6,294,5
1.335449037238816,1.982264254649712,4.374206143457558,25.18445648231564,8.9,6,295,1
2.247531104117083,1.8926115815285431,7.616257087615438,7.752323239774396,8.9,6,295,2
0.8660107629475976,1.963424081777146,8.650193444034338,9.314622877337811,8.9,6,295,3
1.3321263286730682,1.9658592153442016,5.455237623328597,22.652228779749642,8.9,6,295,4
1.987071290657256,1.9502404256715136,5.218615043690178,24.73762595103672,8.9,6,295,5
1.6872741570868386,1.9424249345401352,7.776525221378921,18.601199737319646,9.1,6,296,1
1.921600115040202,1.9891922228393504,4.295500283761335,28.34396665385816,9.1,6,296,2
1.38715648108956,1.984316675728505,4.427180058382278,23.308701616624415,9.1,6,296,3
2.0225848163588527,1.9845918959690567,5.793447627387099,30.846294850757783,9.1,6,296,4
1.8539524742122,1.968889850015412,6.849342863936315,26.027944070634888,9.1,6,296,5
2.235321863520552,1.900337767883807,5.8109832729355055,9.196477068260617,9.3,6,297,1
0.8522607848378958,1.968629949724062,5.4326948763924605,20.51497292762631,9.3,6,297,2
2.517839186934151,1.9951842960731736,4.419867592520128,27.99849715757759,9.3,6,297,3
1.7814567672733863,1.9924256288518591,4.616660522241495,25.21528271013802,9.3,6,297,4
1.4699746097351198,1.972191641235963,7.292498076864153,20.465885019227013,9.3,6,297,5
1.2021504443844595,1.9564834691935091,9.021287305404597,9.839963633376769,9.5,6,298,1
1.82266695839044,1.932717960977836,7.314021347030562,9.10088149703241,9.5,6,298,2
2.0885327604276736,1.897477487266012,7.533788367097717,12.490069367201157,9.5,6,298,3
2.383467078465808,1.9938853346164789,4.436757997066635,27.845531749792407,9.5,6,298,4
3.6560812270366303,1.856980412455019,8.616029013224669,7.63083190281629,9.5,6,298,5
1.4824485463092316,1.9458994630017443,9.133033226540377,13.942176409128434,9.7,6,299,1
1.9279353168121345,1.9423880802375184,4.45373891063495,8.20621628684936,9.7,6,299,2
2.0317017894644267,1.9676211538397448,7.174670771081588,28.93678234941832,9.7,6,299,3
1.0861538595218738,1.9549772420757812,6.248390305633249,18.141797882331232,9.7,6,299,4
2.6098543390293916,1.894510575204688,10.034805556267017,7.046504585833331,9.7,6,299,5
2.3074403316619487,1.9914126046837308,4.368708360096642,27.835290816881315,9.9,6,300,1
2.236911836244562,1.991718117407455,4.342197680712992,29.919396473125456,9.9,6,300,2
1.3455824006524773,1.946815157145915,9.407228542470678,10.49809730399329,9.9,6,300,3
5.199581348226769,1.7897960969076598,2.9569739421863717,11.655185062768442,9.9,6,300,4
1.5921894352389805,1.959506845310248,7.839259964924085,17.164849221456457,9.9,6,300,5
