alpha_rmse,beta1_rmse,beta2_rmse,psi_rmse,peak_rmse,duration_rmse,sd,l0,task_id,iter
0.01326463714233439,0.02715236182613962,0.08469484734760949,0.09400413928411902,0.08031092377317274,0.31483456079816446,0.1,1,1,1
0.0351692773114388,0.03170033152923712,0.0578793696057598,0.09675440228085393,0.08636670041219241,0.21748611342101715,0.1,1,1,2
0.01799277085878831,0.04755531262341563,0.07228726755723093,0.09674914914287389,0.06058216351195106,0.16851491163501012,0.1,1,1,3
0.03368437418983392,0.03173611313253682,0.05471708762811725,0.10256877204232288,0.08068049696894879,0.21626168200124424,0.1,1,1,4
0.0271253317443509,0.04713890936197278,0.06661941492416497,0.09625963442691228,0.0640761607196579,0.15450151164740947,0.1,1,1,5
0.03497448504073757,0.06796195040961366,0.07969757809869553,0.11515983498283408,0.1131975088228988,0.12126244568787203,0.30000000000000004,1,2,1
0.05161808885853365,0.07220381217446654,0.07602207694508076,0.1428529138542077,0.09676903815204084,0.13958606290647205,0.30000000000000004,1,2,2
0.05014990468701601,0.04071429982912668,0.06729809295411844,0.10571597773333584,0.08315115006372432,0.2180122193919063,0.30000000000000004,1,2,3
0.00184094648088162,0.03003064461348537,0.07450179911629841,0.09499121540215556,0.06941083055852675,0.2703487728503026,0.30000000000000004,1,2,4
0.03268249147750136,0.06360390460543679,0.09466520429814013,0.12175590769762865,0.08823204102376388,0.20169976486146432,0.30000000000000004,1,2,5
0.0166823809980689,0.0396998072458706,0.09483739213824122,0.10182184400110789,0.04838935662077487,0.28938165064443716,0.5,1,3,1
0.10550221828199856,0.02511666986550765,0.02637655884528741,0.09318231061436816,0.1390740409479301,0.14912598390182716,0.5,1,3,2
0.04294323360853366,0.0634640444085939,0.07174907870081597,0.11179421340270168,0.10460324123945156,0.11443305408030018,0.5,1,3,3
0.0259783668114007,0.02435491284653191,0.06311153108710943,0.1110037682708882,0.13182721891244353,0.302713226094171,0.5,1,3,4
0.04970713837858555,0.03806839939288983,0.03679709651524454,0.09348770435781294,0.07961280232309459,0.11237871918903744,0.5,1,3,5
0.00664982362815488,0.0460354808336112,0.07007054141382285,0.10926513264040098,0.04502069778748517,0.19297883985272368,0.7000000000000001,1,4,1
0.039900379577988,0.05262545196649687,0.09445387618115653,0.09965853666426731,0.0801339281157056,0.21750239100844324,0.7000000000000001,1,4,2
0.06097382430077536,0.02286671760352145,0.02433285380010506,0.1363981841737543,0.22199989098403028,0.2428469868450958,0.7000000000000001,1,4,3
0.08964743798459031,0.02692077799662239,0.03869626886941013,0.09412183306270744,0.19396842566530265,0.11483236692804907,0.7000000000000001,1,4,4
0.03293614637595096,0.05175774188470025,0.0788653501810621,0.11271578319199324,0.06462074516151958,0.1988369380235893,0.7000000000000001,1,4,5
0.03686987153056163,0.03771352366346554,0.06156220505068448,0.10144461284712748,0.06744743398546107,0.20229867568630455,0.9,1,5,1
0.01979566394459445,0.03394008157464862,0.09260217335719204,0.1003070546814412,0.05958687556960096,0.3104301064164407,0.9,1,5,2
0.03001044221587065,0.04373199122691038,0.0857443320879328,0.10734774473616077,0.06364579936708097,0.25535669208795303,0.9,1,5,3
0.02312635176425827,0.05699839105381029,0.08113733043387664,0.10959262314231456,0.07166144954743674,0.16595346170426792,0.9,1,5,4
6.165774473540953e-5,0.03774469525507257,0.083135933708687,0.08933857210978507,0.05144085809564912,0.2484882518934889,0.9,1,5,5
0.04656360756808676,0.04956187376124593,0.08377434858841265,0.14092189480445494,0.07700739356382925,0.2820303598033001,1.1,1,6,1
0.00267240571720696,0.04968926281708858,0.08183844969754958,0.09224466314142968,0.07161520048479542,0.1756686277370038,1.1,1,6,2
0.11518862961227296,0.02722142413573458,0.04379799517680494,0.0897862762478874,0.10345382947271003,0.1906222064120204,1.1,1,6,3
0.12316207972209496,0.02485468249396816,0.03590509101651393,0.09727963715864588,0.21228994580625576,0.14188822067628773,1.1,1,6,4
0.01444086809956146,0.02652823638992535,0.06840719781679674,0.10668033822017846,0.10808716824251496,0.29587137868503777,1.1,1,6,5
0.07166256626973508,0.05845128643054526,0.06515884001882682,0.08780097303868001,0.1229059376276126,0.08124889369404653,1.3000000000000005,1,7,1
0.07387499393355546,0.04631443986781077,0.05858433152637803,0.12302209606256416,0.09899091548722928,0.19603116458989275,1.3000000000000005,1,7,2
0.06008986841990472,0.07971712286323565,0.04668441518195875,0.13447105043789387,0.14111665121208733,0.09108616494682084,1.3000000000000005,1,7,3
0.03190963841922884,0.03990792596830622,0.04839174030246859,0.11220270750144087,0.07177790969708814,0.16857310046884252,1.3000000000000005,1,7,4
0.00409608994917055,0.03605169671981742,0.07654217856363456,0.10363636328371588,0.05726957138872955,0.25696354218689055,1.3000000000000005,1,7,5
0.02888270013820289,0.044188830758234,0.08296176225192807,0.09572780201123,0.06962694744716738,0.22420951945886883,1.5000000000000002,1,8,1
0.06774036828251957,0.03971535056948344,0.07223920640131505,0.10799527372840798,0.06693055732387404,0.23589659066743449,1.5000000000000002,1,8,2
0.10615555864909652,0.03052891851081804,0.03081769278460832,0.11191864243215524,0.16308363400526316,0.09834848961182774,1.5000000000000002,1,8,3
0.06165775614906584,0.05913969096188462,0.03289227685777513,0.164679561946447,0.11456022634200332,0.09663708986280543,1.5000000000000002,1,8,4
0.01539921407128223,0.03465358663990128,0.07029820600662012,0.09948257016917889,0.05202787156226647,0.2352781941538416,1.5000000000000002,1,8,5
0.05031980414185445,0.05337857206367589,0.05356907910440087,0.13332290115866302,0.08643481276111631,0.15426921103358696,1.7000000000000002,1,9,1
0.01619771829175418,0.03671702669917101,0.08103385805084586,0.09732509617748876,0.04759701978187852,0.25413398268917076,1.7000000000000002,1,9,2
0.05234162644338967,0.04960322024660856,0.02373724823255189,0.148319651111523,0.11216930758783604,0.08070053223919882,1.7000000000000002,1,9,3
0.02066939227580265,0.02581683363771722,0.07552655527453729,0.11196233440448476,0.11728798583263345,0.3289862214700713,1.7000000000000002,1,9,4
0.0125120759515867,0.03561592716157089,0.08137211171776675,0.0951926200943502,0.04670976279822206,0.25578710162177476,1.7000000000000002,1,9,5
0.00367068610023093,0.04249801467019414,0.08231454930553807,0.09693149451203048,0.04526452314095255,0.2259723991692072,1.9,1,10,1
0.03597667277692373,0.05516364689562468,0.07038753193563567,0.11164150770460704,0.06748063224078486,0.15095836470530524,1.9,1,10,2
0.07178649717442263,0.01921367304364515,0.02241157792730691,0.10111757596344684,0.2167516847719366,0.22997651614421283,1.9,1,10,3
0.00622689205640758,0.03887799432391907,0.08148303154471344,0.10860670217986398,0.05118332043751211,0.2646012488931414,1.9,1,10,4
0.00575613804876765,0.0359204129628124,0.08102178686309601,0.08399040707419793,0.04629396143337329,0.23364228780937515,1.9,1,10,5
0.0950130571389812,0.06424168734926722,0.09387362736471767,0.13189429694319363,0.07666088355163919,0.2147814720684936,2.1,1,11,1
0.03400109917677428,0.04180895255026233,0.05040824944672888,0.10966179527997276,0.06677271022261226,0.15974685862737786,2.1,1,11,2
0.03347978181590946,0.03254070849842314,0.06668303950757877,0.115523292023609,0.11168480039785028,0.27963782103449725,2.1,1,11,3
0.01941426076274803,0.05399846202318181,0.07608815998226871,0.11740300702440652,0.05723193792048607,0.1860372512518242,2.1,1,11,4
0.06787172881819489,0.05585725704857408,0.03277654791783611,0.11973429876593396,0.10832961032177509,0.10575085948955502,2.1,1,11,5
0.01870686744592944,0.03408781294258482,0.05396841245371454,0.10376921657896904,0.07258743203644787,0.20168551148215227,2.3000000000000003,1,12,1
0.05194547261895631,0.04475757582139983,0.0310780275017867,0.10945702214789171,0.08833790982635475,0.086680493731735,2.3000000000000003,1,12,2
0.04182280636644056,0.05532454690338882,0.03689565048464959,0.1140186676079495,0.08180455465019056,0.07257243319993334,2.3000000000000003,1,12,3
0.041305830767887373,0.03880261393303914,0.02083069663397188,0.13314035688823128,0.11910534434585592,0.09911876132858435,2.3000000000000003,1,12,4
0.02254931905825919,0.03543828715673543,0.07406299668601328,0.1028294143952246,0.06954158074220639,0.2550665875059619,2.3000000000000003,1,12,5
0.01736069220745385,0.05168169867825133,0.07425364250286538,0.11017387684469206,0.05455799900283997,0.1759763010547894,2.5000000000000004,1,13,1
0.016779482956301,0.0306941928684191,0.07468233223166888,0.08896111145098881,0.05526346536696382,0.25208812727591506,2.5000000000000004,1,13,2
0.1570461061235742,0.04609953067405412,0.08708874779312671,0.12921186131247095,0.449008070875757,0.21864056282879393,2.5000000000000004,1,13,3
0.00403379974199504,0.02579570315751269,0.08378022561616325,0.10234307493465952,0.09820376355105465,0.3353925910320965,2.5000000000000004,1,13,4
0.00519605836798647,0.05600506406196806,0.08189217095135465,0.10849371304770283,0.06767837269817377,0.17191544343937215,2.5000000000000004,1,13,5
0.05390910947482012,0.07075941737101701,0.06841311843126885,0.11762055594288018,0.12448250869575105,0.0855798193622303,2.7,1,14,1
0.00123781561973088,0.03032846606159468,0.0920526243948962,0.10863087569672218,0.08762725940541513,0.34604324569090583,2.7,1,14,2
0.07520478937669062,0.02758206882178915,0.04586339104254385,0.07648911965280351,0.08131491940567422,0.16927384387643973,2.7,1,14,3
0.04643659749871503,0.06428810850785668,0.05212848819521769,0.1464059631917895,0.07760653778986298,0.11204898815368508,2.7,1,14,4
0.13284089563108428,0.10781767173944652,0.09680600351442384,0.1633719159347562,0.20329929804157384,0.06821915807815677,2.7,1,14,5
0.06828358792206068,0.05445096074464899,0.03547800952204992,0.15329305867972054,0.11992118581157912,0.1191770913883526,2.9000000000000004,1,15,1
0.02160074454215487,0.046719712022997,0.08331986054453787,0.08378865947884939,0.07887498442776794,0.18340516937469853,2.9000000000000004,1,15,2
0.01274918767404403,0.02295773875836773,0.06430195861716738,0.09185272556057653,0.09464776081562969,0.27285974815558706,2.9000000000000004,1,15,3
0.03892027801233413,0.06302045731999517,0.05413790926982882,0.11907428620389064,0.09234887860985552,0.08663960701062878,2.9000000000000004,1,15,4
0.0182214679145606,0.03778331773465218,0.08174231493644103,0.10702111499138676,0.06495142813984668,0.27298926651203753,2.9000000000000004,1,15,5
0.12142835160389384,0.04448203562472495,0.08339011439978,0.19259367405556865,0.2749106867553153,0.09049583978641208,3.1,1,16,1
0.01427592185561328,0.02829738166382963,0.07013520020337018,0.09422192417477092,0.07318041173100527,0.26276765188191875,3.1,1,16,2
0.03519681682104598,0.04603264726490228,0.07612406696094487,0.097966833784444,0.06473016823090107,0.19159463478689828,3.1,1,16,3
0.1503308168530829,0.10482409358277782,0.04829835336226642,0.1799326638867537,0.17556458177595488,0.15370201617413515,3.1,1,16,4
0.0366634919415846,0.04431096467338463,0.05498325159075614,0.12912287125514552,0.08695087751358542,0.19955152634983184,3.1,1,16,5
0.00509225181278788,0.05094663794338928,0.07974558393000943,0.0995244683802608,0.06656624455829106,0.17823620641506965,3.3000000000000003,1,17,1
0.01758791986721633,0.03564696803474054,0.07902204946100982,0.09524606000940208,0.05069753673721169,0.25063764662553467,3.3000000000000003,1,17,2
0.01447223279819605,0.04968090580276732,0.0809686290514394,0.0984656147846351,0.06452000817295303,0.18668231988596437,3.3000000000000003,1,17,3
0.00128918313522693,0.03655987965115682,0.08173554210144432,0.09390666532881026,0.0421736398121354,0.2489973262617422,3.3000000000000003,1,17,4
0.08035569535048154,0.04194072097029866,0.03703843800122408,0.1276358311057045,0.15471016249334335,0.0809175918401867,3.3000000000000003,1,17,5
0.06761298260352498,0.05931521449075573,0.06911049892783035,0.13992209883671256,0.07826411657711352,0.1822169978244776,3.5000000000000004,1,18,1
0.05130274549966075,0.07682700372472824,0.08309589251808358,0.1316141605385398,0.12471308827295637,0.11672832440339356,3.5000000000000004,1,18,2
0.0502487219985068,0.0821462484841708,0.08424505376941532,0.1411977009723201,0.12792410359875395,0.10544732171172708,3.5000000000000004,1,18,3
0.0245032732729372,0.02955187349367051,0.07219875296128941,0.09885202240600038,0.07395393402251028,0.27015688894282086,3.5000000000000004,1,18,4
0.03113884257349905,0.04796714962600462,0.0689823014059248,0.11146989600604848,0.0612056606187391,0.18737336684202835,3.5000000000000004,1,18,5
0.00648442602566744,0.05467237359494847,0.08447044314086388,0.09967109170417196,0.08005519570625406,0.1728441080260105,3.7,1,19,1
0.01953466364465808,0.05548721950465093,0.0832578461792546,0.10177897403045812,0.08297791984521648,0.16964905266508742,3.7,1,19,2
0.01986998045678334,0.03307089682739149,0.07284145960812305,0.11665229054314434,0.09918519652416084,0.2928127668835169,3.7,1,19,3
0.08443277530599974,0.02105323073869466,0.04066829233983642,0.09421312458636542,0.1400508584012723,0.2344444283621012,3.7,1,19,4
0.08797305388282278,0.02874597775251792,0.02828468690968861,0.09772801319634876,0.28993062123772645,0.25630024935655416,3.7,1,19,5
0.02997483415793587,0.04234901966064376,0.07068019401895417,0.12038459156451677,0.07306044028136292,0.24112059001548355,3.9,1,20,1
0.03285205414445695,0.05431367583941859,0.09144420608723072,0.10502975242644091,0.07683108704610052,0.20748436897259992,3.9,1,20,2
0.0517919417485151,0.0724112403261885,0.07934576678442516,0.11714309029535344,0.13225222649928373,0.09996387624393135,3.9,1,20,3
0.02214616721560034,0.0332841727474765,0.06646855928600792,0.10585595205271904,0.07783236219529407,0.24787455763368943,3.9,1,20,4
0.06975422103657743,0.07533328829619934,0.0507035417423184,0.14844994452878266,0.11530618854049549,0.07877597553410626,3.9,1,20,5
0.07901272715910408,0.06846344298474387,0.0949159949154292,0.09909801888331096,0.1477183435331269,0.1341753685220104,4.1,1,21,1
0.07216495997584789,0.04929373937544808,0.04304116061955933,0.15297815331984105,0.15238971184968442,0.07768414818965876,4.1,1,21,2
0.02600714908273402,0.03392344609522431,0.06124155704878045,0.10459660667753488,0.07018690175432082,0.22451065674639556,4.1,1,21,3
0.01826483980768902,0.03689097279490485,0.06321726772708136,0.08676659798976741,0.04953308361991589,0.17993269255329783,4.1,1,21,4
0.01975041766246891,0.03860574876024079,0.07394773787318236,0.1032097331001298,0.05379667339452764,0.23557338278134615,4.1,1,21,5
0.06432925949895676,0.04517818189066396,0.02698342414457485,0.11021331529633434,0.0988777984113323,0.0694528161482074,4.3,1,22,1
0.00635568601270076,0.03218173751956051,0.0771287413519064,0.09925866145148014,0.06315858055204422,0.2708633220297768,4.3,1,22,2
0.02589822650215867,0.02079314990048637,0.05900269801881377,0.12378772171458444,0.1770854459713865,0.3400810115270154,4.3,1,22,3
0.00684203748979198,0.03705704655403027,0.08292608185981183,0.11920322028004247,0.0816140016540099,0.30425818183487513,4.3,1,22,4
0.07416045609899932,0.07446660312836578,0.07333055202141901,0.14143471970241725,0.10235339615950392,0.11460220167865244,4.3,1,22,5
0.01748400265932386,0.02768613664570015,0.08812291706904127,0.11861318878194962,0.11983846076153684,0.369430152224371,4.5,1,23,1
0.05017594286090972,0.0300777657767294,0.029132275502032,0.11057934047222444,0.11228072898815827,0.15785265474096144,4.5,1,23,2
0.06740615189957896,0.0239558949061893,0.02952675551911806,0.0563333693850703,0.1478067374406874,0.1675548206535265,4.5,1,23,3
0.01284684129854718,0.04568395994955732,0.07669086769813956,0.0901717855463625,0.06266208738165568,0.180176778586757,4.5,1,23,4
0.02453263637149565,0.02699640266563941,0.05646039117498936,0.09287687038187484,0.0845698452935713,0.23078350077494705,4.5,1,23,5
0.04728934300866559,0.07940559634399424,0.07200451835331484,0.10595848771662517,0.18530746085048097,0.06520242976992925,4.7,1,24,1
0.00794795895560535,0.04391941645689382,0.07177071055570342,0.10960661010277307,0.04881181272929678,0.21244782523959313,4.7,1,24,2
0.00997580586110556,0.04055978776068682,0.07847001251555175,0.1147394650252697,0.05810658999408272,0.2599464746479493,4.7,1,24,3
0.04160315465368269,0.05312040492259084,0.06042661308309683,0.11307966327399356,0.0792251941638773,0.13945309403222833,4.7,1,24,4
0.09372709465950664,0.08510647826807388,0.10218093424098566,0.12555423506287,0.17213373793632128,0.1170775022252428,4.7,1,24,5
0.00794936216899266,0.04547958743148993,0.08753158325736364,0.10962594823655644,0.04553075473991434,0.2507345732231997,4.9,1,25,1
0.03615914087621168,0.06763702488671484,0.0787010741443133,0.10118700187267528,0.1367725707867311,0.09591303269682296,4.9,1,25,2
0.00403221577933959,0.04544083874294648,0.0733856382973307,0.10885522609507411,0.04213772615243211,0.2050296226355462,4.9,1,25,3
0.04060195839898213,0.05326073413912524,0.04712921531159798,0.1230541772845751,0.07221294574941421,0.11315082190434268,4.9,1,25,4
0.03827787252297422,0.03658960580572258,0.03969589435721545,0.10110315903963442,0.0818852725072013,0.14227867666278857,4.9,1,25,5
0.05554394400029283,0.02883512159542655,0.06250480032556592,0.09684477151707442,0.08787053291818096,0.24636017615302547,5.1,1,26,1
0.04775080707006701,0.03740574754404528,0.08295884206146267,0.10564559561576572,0.07629024353230916,0.28132732416701284,5.1,1,26,2
0.02603808558660068,0.02744944268885597,0.08172501931570715,0.10511235246832876,0.10357112836664392,0.3290901904568409,5.1,1,26,3
0.03339542405451668,0.03787424714705242,0.05264602108681712,0.1158062540701648,0.07914192210798825,0.1975172327209953,5.1,1,26,4
0.00107682346938742,0.02932570850474189,0.0932556385404091,0.09759262730602863,0.07450919786858563,0.3352236537069262,5.1,1,26,5
0.0507913463253277,0.06965656388101348,0.08738655468756865,0.11060682728878989,0.13267673235205416,0.13048209337273453,5.3,1,27,1
0.00821030386536729,0.04529038210639166,0.08756357868682131,0.09960003881027688,0.04753810997593913,0.23092554633743012,5.3,1,27,2
0.06824452714221646,0.02067256524151995,0.04004430058061962,0.08473888513496927,0.10421623780825962,0.2030172482028792,5.3,1,27,3
0.0484147118820647,0.03783482668606651,0.04226656424865125,0.1118129030967542,0.08120980531105786,0.16130945262789262,5.3,1,27,4
0.0585525268888914,0.03062980417009226,0.02999939526491463,0.11368355417925144,0.16916008338661723,0.15710178274875536,5.3,1,27,5
0.00323195103212776,0.03540273868806285,0.0754021433981467,0.09102423113524404,0.05094993404333074,0.2352500692616031,5.5,1,28,1
0.04174831241400256,0.03821396443291602,0.06074234774468251,0.10459907975354664,0.07614193959443685,0.20383245611030504,5.5,1,28,2
0.0637124086635398,0.033766711332697,0.03894853278696671,0.1118677082058256,0.13222311078365986,0.18241054287535088,5.5,1,28,3
0.0132999346541247,0.04710877063135721,0.08156422780994867,0.10144917161473452,0.05801568148519161,0.2107647610681935,5.5,1,28,4
0.03874077864642465,0.03777838026083863,0.09172743392310632,0.10085315045809236,0.05491797015508598,0.289461025035077,5.5,1,28,5
0.03714176573939602,0.05128346341002962,0.06588306607926821,0.10932179485211324,0.06421901843027915,0.15760247732748944,5.7,1,29,1
0.00267472602195147,0.06494899447345849,0.07871131202834238,0.09092039122549976,0.14209575704180563,0.08961558562797194,5.7,1,29,2
0.05562488495657217,0.02741300427962577,0.05028462795633568,0.07813641211467381,0.0849829161381847,0.189319097701953,5.7,1,29,3
0.05394659123865032,0.06363748824887927,0.09477554505483936,0.12552678247638763,0.08358942674999165,0.21007898149684692,5.7,1,29,4
0.05103471765487915,0.04157815873813084,0.07750821843149107,0.10930301796140562,0.07063555826308386,0.24640865122673863,5.7,1,29,5
0.01043743794918436,0.04382154240260044,0.06838340967190307,0.09277922199950853,0.05370596840407901,0.16940560194781826,5.9,1,30,1
0.06023930711751399,0.05230417669654884,0.06631002353010233,0.09987852551214632,0.0985176148425756,0.1415177912742305,5.9,1,30,2
0.05052450231936822,0.03219824791291634,0.04127082942571934,0.10580031268586632,0.10712196019110204,0.18149890618233636,5.9,1,30,3
0.04933869766832632,0.02270292141556303,0.07591110295439624,0.11765152538433332,0.15507887612957075,0.367343349483671,5.9,1,30,4
0.06600393477058486,0.05872203836027991,0.034029044342695,0.16947648562908366,0.13260973647356328,0.09934996958687715,5.9,1,30,5
0.03834260311463123,0.0249040367183731,0.05336059011495641,0.1158859616467494,0.13356228612392762,0.27561373647400833,6.1,1,31,1
0.04159184961807271,0.02898259312006543,0.04554239990719636,0.08635419237944685,0.08288438533888151,0.17613447364737825,6.1,1,31,2
0.0056700809560627,0.02991198220561347,0.07790053647725037,0.10107196133717727,0.0765605750033185,0.29078762174028133,6.1,1,31,3
0.001367607295558,0.06090384034507903,0.0811311469698879,0.10786228680346588,0.09096607232358604,0.14573956729302268,6.1,1,31,4
0.00182056395330666,0.03114241257280925,0.0895023260451156,0.09328642770795088,0.06131153026863791,0.3044793782627291,6.1,1,31,5
0.03942116938841017,0.05494985150149672,0.05124970179755029,0.12592069798126665,0.05677399813779905,0.11826786887755998,6.3,1,32,1
0.02491088425791735,0.0442441242246261,0.07029609432016733,0.10187397344605544,0.05113886495485176,0.1900602813091405,6.3,1,32,2
0.0610407382856217,0.0496671223101114,0.0516952455392713,0.12938894620434785,0.08472224448766524,0.16041302582416817,6.3,1,32,3
0.00770303468699914,0.04821894456981224,0.08340029597275085,0.10741236418596568,0.04551648486002545,0.2169447302234347,6.3,1,32,4
0.01430800330818483,0.03846790045194992,0.08708855460923434,0.10265412945321582,0.05120388382874737,0.27408021602635724,6.3,1,32,5
0.03912669119876248,0.06177111493903269,0.10196041899930004,0.1343029324397922,0.07393812121515564,0.26055659747884397,6.5,1,33,1
0.02820871223412299,0.03931670494763957,0.08592876140395694,0.11751721554589024,0.07757710837985417,0.29872957443890047,6.5,1,33,2
0.07797943228779339,0.05383106128824767,0.08955523377035857,0.12958458520521232,0.0744569256465258,0.257259068504288,6.5,1,33,3
0.01005981773581991,0.05262629573077794,0.07950995700436789,0.09458404081498682,0.08026941960202404,0.15935376658591782,6.5,1,33,4
0.03157684012217339,0.01931321307859779,0.0564082708625362,0.08748937805473735,0.12271880708924422,0.27466759075302116,6.5,1,33,5
0.01387515962076807,0.05137554756042057,0.0862491240128698,0.10746634512356935,0.05419744041215354,0.208015312384483,6.7,1,34,1
0.01494200923053824,0.03241040079980958,0.07919021937385948,0.0910402426138102,0.05491921445776242,0.2612872179979623,6.7,1,34,2
0.03656674197229828,0.07621894710308794,0.08450968070912374,0.1488561489325426,0.08803261908502148,0.15072857335869033,6.7,1,34,3
0.06788090744476191,0.02595852161826169,0.03019052118707881,0.1179071852548443,0.15809334067350292,0.20411051574441932,6.7,1,34,4
0.00700206684120359,0.06022217134775566,0.0735498010084784,0.10310592204399886,0.09874054011423664,0.11952308467753824,6.7,1,34,5
0.01434447603448093,0.04919947997595524,0.07615578065744344,0.1180708892409603,0.04577585624758713,0.21236731270257456,6.9,1,35,1
0.02441834174811343,0.04614869044021563,0.07318443878280223,0.11616487946508386,0.05208935573439701,0.21548169929738228,6.9,1,35,2
0.0022273579289291,0.05197289213085818,0.07289898548340788,0.1114680443302502,0.05493073012054766,0.1774874848351222,6.9,1,35,3
0.00204917604775129,0.04779441181488563,0.07390667738759463,0.11319369880062492,0.03973030127580426,0.20128540044069607,6.9,1,35,4
0.03358352192110447,0.03626348182748113,0.03664803594765653,0.1291363964656472,0.1138302895739497,0.1838947918940141,6.9,1,35,5
0.01848389803391799,0.05589236215531229,0.0816632404784584,0.10265132641898296,0.08017908546672312,0.16352578038971477,7.1,1,36,1
0.09993869270763546,0.03086866251549419,0.03869465844023997,0.14038827706968457,0.2396056368978012,0.1533237307373197,7.1,1,36,2
0.01130862328016712,0.03485182298624735,0.07740464102547466,0.1010526775126008,0.05826885823550261,0.26148490179536854,7.1,1,36,3
0.08917130084699634,0.03699910383518686,0.03504922066755504,0.11211783678373848,0.15376223433279004,0.09269311820007564,7.1,1,36,4
0.08138380817314658,0.06879067492482932,0.10888361868916312,0.11102264887536284,0.12423322054850548,0.1953109619544522,7.1,1,36,5
0.11344007996565444,0.06343043234598805,0.08082270820422843,0.14426289682096172,0.07487568938452727,0.20360714555912487,7.3,1,37,1
0.00241249507661281,0.04010059599079988,0.09325516927827464,0.10449578949282044,0.0427137823629604,0.2854132040870706,7.3,1,37,2
0.01661837786736392,0.02723859740536603,0.07077496513498367,0.08851880569899682,0.07455392716518461,0.2627724217624455,7.3,1,37,3
0.01201732429501446,0.03093524304070691,0.06314372609628281,0.11140643689423904,0.0907678321937274,0.26011546302303207,7.3,1,37,4
0.00653908414423137,0.03753164766436479,0.08672346703850664,0.08851736941333006,0.04947882921575554,0.25223748734213336,7.3,1,37,5
0.01954726867831691,0.04952988635131115,0.0975894350811422,0.10991388929226097,0.05654660924682966,0.2620006902098759,7.5,1,38,1
0.03443604393636437,0.0522275842558663,0.08016461413697398,0.11520129591008142,0.0609977859377851,0.20287435249389657,7.5,1,38,2
0.04568422211620595,0.03510518888440557,0.07922175882546362,0.09493865005331512,0.06928836932825802,0.2610858190491608,7.5,1,38,3
0.0284863057723691,0.03969805163267262,0.06614127770143738,0.12690415081427073,0.09473865849347296,0.25559043641297385,7.5,1,38,4
0.01203352941803186,0.03972611451597833,0.08103904888928867,0.07154053726864712,0.06746154110495577,0.18882946920393368,7.5,1,38,5
0.00482248459164626,0.04189572121196952,0.08965037186950522,0.09681956198019433,0.04633645910629074,0.25144245338900795,7.7,1,39,1
0.06611975426489597,0.0344602363390925,0.05005283439747204,0.10604338731892043,0.11176261272109568,0.20681823836347907,7.7,1,39,2
0.04823598179295952,0.02243414143629085,0.05939872955729268,0.09249195270941345,0.12845413594128058,0.2822202444833505,7.7,1,39,3
0.02351890998768206,0.0433214251830971,0.07879640636849243,0.12746791857863868,0.0742595846588179,0.27280097097347217,7.7,1,39,4
0.01031766404532383,0.03887919253631725,0.08450183970395708,0.09850285514445112,0.05046367530014921,0.25670813518295,7.7,1,39,5
0.0058506723595123,0.04765200869841114,0.08193387898221458,0.10325406160028326,0.05134866027703165,0.2096603779729723,7.9,1,40,1
0.01499102582055485,0.03646021026062258,0.0641649127744169,0.09122536312722124,0.04909126622818866,0.1945515851385567,7.9,1,40,2
0.0136934613759099,0.0537416470654585,0.07088170944535371,0.09432037764250208,0.08574631211948949,0.127026185388744,7.9,1,40,3
0.01669468421683487,0.05705246638287512,0.06518230041046791,0.11778355033803928,0.06328101318708501,0.13604684565817862,7.9,1,40,4
0.0370375448565999,0.04896938498674883,0.0741272154226941,0.14197081186457286,0.08707325533770711,0.2578282530582692,7.9,1,40,5
0.01446490534047867,0.03529921261176794,0.06682910268984424,0.0965702768379083,0.0526734544809779,0.217205594010945,8.1,1,41,1
0.00812661645330629,0.037825874897296,0.08531093406916077,0.09140021698620218,0.04475317671057978,0.24991875065104024,8.1,1,41,2
0.00333299764177316,0.03606397159873917,0.08077299384835428,0.0853969090560431,0.04466904585728024,0.23415610713188492,8.1,1,41,3
0.02086169496164435,0.04208958888511455,0.07556656205136449,0.09931304240230585,0.0471606257543156,0.2121487426963353,8.1,1,41,4
0.00358571572250196,0.05071400734233547,0.08418645647629412,0.09913689637170914,0.06580900618987905,0.19211363789830296,8.1,1,41,5
2.742614890105175e-4,0.05228731325704797,0.07617143305566898,0.10753850408379018,0.05753297756163412,0.1759893927618557,8.3,1,42,1
0.04278501669268106,0.04150375973524489,0.05152531414608568,0.09671043019515718,0.07510969205301644,0.1451388370859995,8.3,1,42,2
0.02459630083697816,0.04176123052660142,0.05818995154981111,0.10562214880204931,0.04812265713870094,0.17269036734991583,8.3,1,42,3
0.01419654213139466,0.02999855434633953,0.07807352523987984,0.1134540417997144,0.09767431239858984,0.314431498867156,8.3,1,42,4
0.02737663186884923,0.0393080219361638,0.08129045640309397,0.10597153540536784,0.05334837594202477,0.25812760925378536,8.3,1,42,5
0.01919343177918103,0.04505139469560186,0.06781276655360002,0.0982773685756042,0.05141037572272421,0.17065738590765425,8.5,1,43,1
0.01345166603565092,0.02992978178506478,0.06875413715716351,0.0920459272115262,0.06506078536454514,0.2456320719607298,8.5,1,43,2
0.00263765671211582,0.04381084646647158,0.08722718572646938,0.0990187539896787,0.04390012996679113,0.236790820985497,8.5,1,43,3
0.00302170872602522,0.03928521231564769,0.06896478589711426,0.11608474766132328,0.05783986413923846,0.23798798720114892,8.5,1,43,4
0.01227654702119261,0.0245544078572776,0.07194741884221548,0.09718217139894476,0.09732750381917243,0.2979198565630112,8.5,1,43,5
6.324622513033452e-4,0.04203375110074691,0.08341655690863617,0.08648874959089835,0.05461162544144389,0.21309695982335564,8.7,1,44,1
0.02388781052418344,0.0397829790136379,0.04251166633873201,0.10771080269102053,0.06435301666775547,0.14345343335557603,8.7,1,44,2
0.00400451232137569,0.05092714731880056,0.09869082346984875,0.07518036672239996,0.10629782636291658,0.185030444180966,8.7,1,44,3
0.094707095759381,0.02872669108570323,0.03491247556318536,0.11557819767716183,0.19395450487238855,0.12516753326553481,8.7,1,44,4
0.00401623422599731,0.05553072778782306,0.07190000462133832,0.08016801838989304,0.11973438573113972,0.09704410839223487,8.7,1,44,5
0.03784461869519891,0.05510004408853108,0.07474630161622262,0.1457736733247841,0.08060912407609377,0.23557774356392977,8.9,1,45,1
0.04055831196888419,0.02253305690087176,0.04991376321740287,0.09485706916628624,0.11843101203597592,0.24627529038695684,8.9,1,45,2
0.01203701848228197,0.03273749946167276,0.07805901944053238,0.11370069672357726,0.086974639910114,0.30017206659168394,8.9,1,45,3
0.1072254169566085,0.06955374763030554,0.05208697044350113,0.1736117340804977,0.10952620822907086,0.13693136255916477,8.9,1,45,4
0.00667982042666999,0.0442308933747966,0.07880172021931638,0.11774903680392725,0.04912099246158324,0.24602752441677317,8.9,1,45,5
0.07622636550507886,0.0580609839979919,0.04169593415651349,0.13978605736015387,0.12660486214368602,0.11342427347472736,9.1,1,46,1
0.114060355555435,0.03849885702094487,0.07252558178091138,0.10797910030231772,0.334945857442636,0.1504532615100437,9.1,1,46,2
0.03932222540049178,0.06551750766048428,0.1054955395238579,0.11140382829641586,0.11025346587299854,0.20379420981881124,9.1,1,46,3
0.02525537053423613,0.046347294297598,0.0719350960739823,0.10453893843274002,0.05823089389982011,0.19159274132491175,9.1,1,46,4
0.05673759861278851,0.02920194915880293,0.05462551144793321,0.11424680041469688,0.1323082491764538,0.26322626562700235,9.1,1,46,5
0.03565662173223499,0.03866011067356322,0.07006009604943211,0.12897459925949228,0.10745484201568996,0.2795149476443038,9.3,1,47,1
0.00959379225018204,0.05085086563212857,0.07513124389549056,0.10170315305013336,0.06131200130278187,0.16764435177440845,9.3,1,47,2
0.04171637129051683,0.02808912986093787,0.05254343044028934,0.10980228224618088,0.12798243414588975,0.2536953956907134,9.3,1,47,3
0.02869046032285156,0.06533048971837199,0.10102256438538113,0.10719756459551012,0.11498444875569172,0.18305962280719423,9.3,1,47,4
0.0144885692327203,0.03966203077408206,0.08126981068946502,0.09339582688709694,0.04327831254094139,0.22995218173533608,9.3,1,47,5
0.05292568594909264,0.04137438179781914,0.06944918584577697,0.09857906384009912,0.05320845235385116,0.195815786421496,9.5,1,48,1
0.00340623516955556,0.04208843824586913,0.08007459940770509,0.10873753361200816,0.05028267444343996,0.24613614592022,9.5,1,48,2
0.00675642522303308,0.05229382133547677,0.08948711856953756,0.09295162047002424,0.08184059987077945,0.18751033424128624,9.5,1,48,3
0.00981573952567685,0.05522840252400415,0.09056745852271302,0.10341688322794323,0.07802205344257179,0.19603844925363015,9.5,1,48,4
0.00406194075293207,0.05074726175071709,0.06776809535560879,0.09831068983192806,0.06664432507500583,0.14068626543034007,9.5,1,48,5
0.05739446715071713,0.04825172596913905,0.03740277186368819,0.10927662933970132,0.09366547989876137,0.08900610561785742,9.7,1,49,1
0.03113328950320742,0.0279893292992775,0.06774120214915695,0.08071510265646684,0.05971176892647038,0.23250197123549493,9.7,1,49,2
0.0249064509686955,0.06846481396500363,0.09266467824242518,0.12875433044798393,0.08912895417185508,0.18031915346542104,9.7,1,49,3
0.04153627019291089,0.05997987829862301,0.09984823945764258,0.11737846264690156,0.0791293265688659,0.22597970214201096,9.7,1,49,4
0.04633566323299412,0.05898974978602412,0.04232575979234116,0.11113702832617352,0.09474167680365309,0.0677704229178584,9.7,1,49,5
0.0055494410223286,0.03556850158615222,0.0938465897138834,0.1048498192449066,0.05809730100777747,0.3135676370246923,9.9,1,50,1
0.03292256351461826,0.05236384029706359,0.08163460841913385,0.1001248045109262,0.074614770055729,0.17859363316912602,9.9,1,50,2
0.04152086558098353,0.05630037012098529,0.05956225594904426,0.1087205969335246,0.0860795303048939,0.11218722743633423,9.9,1,50,3
0.02087027548271458,0.04343854834406831,0.07813911065834303,0.09745545718031788,0.04656894964935905,0.20909704741268448,9.9,1,50,4
0.0062658011260462,0.03605435656424287,0.0848845685796778,0.11219682266778119,0.06817837155619366,0.2986994141345393,9.9,1,50,5
0.675942728532841,0.04146545158155238,0.03311138752045155,0.518112630243734,0.8868271206695933,0.8863345535214642,0.1,2,51,1
0.5843271386355501,0.03261305345704321,0.06701726819215918,0.4660256049742429,0.8211866524237457,0.9776562221005828,0.1,2,51,2
0.531091139439709,0.0550664584028225,0.05100023064234341,0.4738274312618018,0.7172891964468673,0.8087695401343871,0.1,2,51,3
0.7131824134417871,0.07147184945134419,0.07002739987161187,0.5555463020840559,0.8040417575721724,0.9493675209807728,0.1,2,51,4
0.6262044143046878,0.06420175609742478,0.07272721621563934,0.5217416479813197,0.7821010322877668,0.9242320068273698,0.1,2,51,5
1.0231184759634926,0.0477388966227853,0.06997476654118899,0.6143421053937849,1.0223986697213348,1.1919484293123754,0.30000000000000004,2,52,1
0.8937440896009698,0.04893979391021754,0.03762980305568141,0.5522481799063317,0.9132496271048444,0.947745208884741,0.30000000000000004,2,52,2
0.7675095765377619,0.04736869098480718,0.04948525320341794,0.5445711217831788,0.9389345438486096,0.8390172545722047,0.30000000000000004,2,52,3
1.0488062014417616,0.02153092958244949,0.05724709949159006,0.6109642643086232,1.1990884326027007,1.3394010862966823,0.30000000000000004,2,52,4
0.8986852648119797,0.04841739805825686,0.08691222360202529,0.5640460780406443,0.9174429790731938,1.1375988302474649,0.30000000000000004,2,52,5
0.936337628564602,0.05518018774574021,0.23814451969903933,0.6012997050267959,1.3490827280175994,0.6354053102203053,0.5,2,53,1
0.9965062551778908,0.02726100018865881,0.039471642059146,0.5647641240034452,1.1089496001551131,1.1476047482268317,0.5,2,53,2
1.1864621844123755,0.04569480663178912,0.10830623770378896,0.6947486025789273,1.1989734195175497,1.4745356788317998,0.5,2,53,3
1.1054805364271754,0.06674232995502774,0.07333959433431261,0.6746158548878075,1.073844210343971,1.2251393646404891,0.5,2,53,4
1.156380875360903,0.04476576996979735,0.07938502838368065,0.6675185354376733,1.146211208696969,1.3429937680868358,0.5,2,53,5
1.0450419632270875,0.02306384828144777,0.05502525143755055,0.595092037178383,1.1034712945326557,1.2445977101855303,0.7000000000000001,2,54,1
0.99498261324292,0.04744032921336749,0.07859602093507642,0.602417068652294,1.0098036004440418,1.1990589402852925,0.7000000000000001,2,54,2
0.8780574674247811,0.03667553157362688,0.09530851273178442,0.5266685251985423,0.8927952989686601,1.146642542705451,0.7000000000000001,2,54,3
0.9359691836615506,0.05666190057608288,0.05953217454919204,0.5975424987229976,0.9678509005555824,1.082286618414708,0.7000000000000001,2,54,4
1.0052000241082468,0.02949355577780552,0.06976868902733813,0.5758787698345529,1.0393891274589746,1.217765444690439,0.7000000000000001,2,54,5
0.987645618942467,0.03676697696263689,0.05951822602765314,0.5825262045229136,1.023074716631358,1.160904987805133,0.9,2,55,1
1.0931925452294915,0.03545767061554704,0.08960283720322379,0.6646101126351084,1.1803607662014028,1.411951114652158,0.9,2,55,2
0.90661018844915,0.03212231707215373,0.08352581683479889,0.5395881845675705,0.9427848199422788,1.1641436670778185,0.9,2,55,3
1.0502108529035494,0.02765224212336673,0.05993543856100575,0.5916416231879519,1.07761618734501,1.227240044750895,0.9,2,55,4
0.9226391064084318,0.03828521315082255,0.07819365762698337,0.5279742074908278,0.8919432284455836,1.094138154384068,0.9,2,55,5
1.01979405686748,0.02695077975638525,0.04752284727731828,0.5755175741230233,1.1223674102795491,1.0199457287081384,1.1,2,56,1
0.9399625794896026,0.02465256711718532,0.05957472243520377,0.5409971516258235,0.991459252268998,1.144871264400063,1.1,2,56,2
1.089816105053978,0.03234703325109589,0.04954936305093584,0.5607176087848417,1.150152383460814,1.082154231656609,1.1,2,56,3
1.1075790553468647,0.03594813052391757,0.05472028192946833,0.6206411603172658,1.110691626194669,1.2299905825470652,1.1,2,56,4
1.0766455720596984,0.01795514432744548,0.0728095225646477,0.5537596989097096,1.0904422226776014,1.2837034532418308,1.1,2,56,5
0.8992988384374415,0.06645370832373097,0.03653585703740422,0.5749120550105902,0.88482734695536,0.8537592095010282,1.3000000000000005,2,57,1
0.988734889878545,0.03819849768221906,0.07738541571222694,0.5961914336200611,1.2877757734887605,1.1054894125287642,1.3000000000000005,2,57,2
1.023143324748672,0.0264680302281349,0.03965516282282113,0.5774409783590353,1.1707747781047924,1.224800474883484,1.3000000000000005,2,57,3
0.9441586372908138,0.03266303078305048,0.05744858211699759,0.5757360819200948,1.024321534636364,1.1619418502581196,1.3000000000000005,2,57,4
1.0563238367815757,0.03361605911279173,0.05884090048706126,0.6050475960462081,1.0926929110036254,1.2234007747976987,1.3000000000000005,2,57,5
0.9666048122818848,0.03152591839344364,0.06724933003372617,0.5517379721510416,0.9922040866712106,1.1554023482535076,1.5000000000000002,2,58,1
1.172974977823422,0.04143174680137346,0.07493130546891176,0.6812628055206719,1.1954735233958398,1.378233695766261,1.5000000000000002,2,58,2
1.133243944569291,0.04797950084148455,0.07025095035688401,0.656695761974566,1.1137152790701204,1.2800188546946178,1.5000000000000002,2,58,3
1.0286367233298672,0.04235142150565414,0.0630223700713852,0.6186169406030433,1.0668581802373591,1.214593421066451,1.5000000000000002,2,58,4
1.0674366485013738,0.07831379962207731,0.07258044603270633,0.6802216103411975,1.043172781670248,1.1737610280793769,1.5000000000000002,2,58,5
1.1286225516025772,0.05279245076768658,0.0775444916324563,0.6506570171327437,1.075910687300427,1.2623863110429203,1.7000000000000002,2,59,1
0.9137699464664144,0.03690145707968521,0.08439246786805511,0.5300059194684894,0.9051702141264548,1.1239348431068137,1.7000000000000002,2,59,2
1.139794532757544,0.02233928011220641,0.0313774181003077,0.6132217381174137,1.2248102978671669,1.2420148772230128,1.7000000000000002,2,59,3
1.2032739876205054,0.01572489420509207,0.02667446424176675,0.6389776451756994,1.245055377820361,1.298468324787721,1.7000000000000002,2,59,4
1.0405060549468454,0.01884303896524015,0.06917918879498548,0.5964486546813347,1.125019618512773,1.3100140483075264,1.7000000000000002,2,59,5
0.9680695291373036,0.0576845791013627,0.05614833413940686,0.6038234652942845,0.975389736051369,1.0726066689732323,1.9,2,60,1
0.9977682747053224,0.03734491315230971,0.08644351214845253,0.5857537052435159,1.016757369079226,1.239320622896003,1.9,2,60,2
1.0898711568217294,0.03162550162902588,0.08473765522828297,0.6083122717451073,1.0910854133557997,1.3121062847566518,1.9,2,60,3
0.8926932981046295,0.02672113313127269,0.04199335395092089,0.5042300601606122,0.9239961350299402,1.0098818551572826,1.9,2,60,4
1.1167302561006425,0.03945411269265381,0.0845034855827778,0.6470376550593829,1.129568264012055,1.3449480536426748,1.9,2,60,5
1.1748514549428826,0.02049181661300602,0.06021788938343694,0.6465984918449292,1.2302098665758283,1.385695729526946,2.1,2,61,1
1.103523369062038,0.02644948867197954,0.03360336171949205,0.6240339652968242,1.161179172220706,1.223479765929384,2.1,2,61,2
1.222399165648567,0.03642541540552184,0.06269339245003505,0.6795281219395348,1.24753952821483,1.3806697255943454,2.1,2,61,3
1.1569415180127207,0.0238961418410196,0.03048547735517689,0.6945598605596146,1.3482123216237831,1.3092471158974095,2.1,2,61,4
1.011377157702238,0.03728249229745629,0.07508527631065333,0.5936936106404045,1.0295945711057244,1.2209889220047343,2.1,2,61,5
1.1293569484273982,0.05746492210107467,0.2130815381069839,0.6862610823616725,1.5382637461036726,0.9317222939020776,2.3000000000000003,2,62,1
1.0483806605367558,0.0269472066488342,0.0521799406569958,0.589035409638394,1.0965508506598118,1.217154402840667,2.3000000000000003,2,62,2
1.0271279231467425,0.04128441932412571,0.08838618733574581,0.6040718148470507,1.031486768644515,1.2584358821423005,2.3000000000000003,2,62,3
1.0263345087667348,0.06828475255946245,0.08986920617935383,0.6056896623577019,0.92153770929869006,1.1301301608636565,2.3000000000000003,2,62,4
0.8418026332616898,0.04072809064485195,0.06341635442226994,0.5337519820173275,0.9579830782420928,0.7818107949413267,2.3000000000000003,2,62,5
0.9337468468759632,0.04515631991418585,0.08949934625020131,0.5607339137461463,0.9274446481951972,1.157090236278622,2.5000000000000004,2,63,1
0.966181468109466,0.01609589846426694,0.0374652824062372,0.536175258805772,1.076952654492788,1.1724780680498972,2.5000000000000004,2,63,2
0.8887402300177837,0.02998791606920021,0.04369708582713322,0.5222821193659862,0.9273552552363924,1.0265219728235588,2.5000000000000004,2,63,3
1.099853370187751,0.03384374863885486,0.0972111060560741,0.6239768244400661,1.1065529637182934,1.3614085010659849,2.5000000000000004,2,63,4
1.00660005796837,0.03800160112888053,0.08310102045421025,0.5682282066481411,0.978475619048504,1.1921323159025874,2.5000000000000004,2,63,5
1.0117606409531623,0.03338628661515621,0.0657731812259672,0.585322177036918,1.03021506013438,1.1972254057066232,2.7,2,64,1
0.8587831735887824,0.04850264519192138,0.08532190925214703,0.522893301951601,0.8344144799202117,1.0513280961729472,2.7,2,64,2
1.1558923397725271,0.02734260030449648,0.0699906114407214,0.6453088134127303,1.1815308788676966,1.3633179447299637,2.7,2,64,3
0.9589909105265764,0.03329893560805623,0.06096417074485726,0.562456806592435,0.9929830696847262,1.1454340947772803,2.7,2,64,4
1.0461909276039651,0.02179495114923325,0.05141428430483641,0.564310557671066,1.0590918117364168,1.1907494929458926,2.7,2,64,5
0.944078627804568,0.03849195540567706,0.08261440733994763,0.5587693856398024,0.9530179933403164,1.1672044913457889,2.9000000000000004,2,65,1
0.9969403030421252,0.03453295523484432,0.04789763280230063,0.5788680626267056,1.0206203151298692,1.129039117462832,2.9000000000000004,2,65,2
1.199017077078881,0.04855440626445692,0.07619873088925552,0.6968368390673102,1.2026018268265295,1.3794359896363169,2.9000000000000004,2,65,3
1.0303263066697812,0.02982525853963381,0.09907807109358982,0.6162987462739664,1.1116966767410388,1.3745301028974408,2.9000000000000004,2,65,4
1.1578921944338283,0.02617068884768851,0.03529441405773264,0.622251386077678,1.2607968366113105,1.260805540135424,2.9000000000000004,2,65,5
0.900097799428543,0.03746576415100861,0.07428345531180901,0.5605863454697828,0.9618011439417204,1.1522250631676716,3.1,2,66,1
1.0326187299378546,0.0787869715751341,0.2026118873300148,0.5824050218249278,1.465446964429325,0.920713920019996,3.1,2,66,2
1.236916679129757,0.03142228246553722,0.06181349933653925,0.7048971889900216,1.3214123257394164,1.4567821172561302,3.1,2,66,3
1.0052246737833432,0.03811179123090234,0.07729193818978235,0.5740132262551235,0.9838558319021924,1.18193421482392,3.1,2,66,4
1.1091603417079468,0.04753986041744271,0.06066489754194992,0.6524534237781087,1.1088135571816842,1.2435803286985527,3.1,2,66,5
0.9546914730423997,0.05055184683425978,0.09997174163042744,0.5833929784311963,0.9516523758085512,1.206397723503862,3.3000000000000003,2,67,1
1.2799996628049086,0.02753909598255373,0.03199768139229083,0.6076425975821915,1.2942709345799095,1.2560102719869566,3.3000000000000003,2,67,2
1.0865621267419143,0.04028428362933769,0.08157868793167757,0.6232933206681014,1.075256277079856,1.282739366023558,3.3000000000000003,2,67,3
1.2046162933123383,0.02875826845966349,0.06918180853396344,0.6713454648663387,1.2268106517195971,1.4040908560300334,3.3000000000000003,2,67,4
1.0911292258164869,0.04278115227740317,0.0704791982603725,0.6119891435184615,1.0412760965381551,1.2156686939069865,3.3000000000000003,2,67,5
1.0523694506055965,0.02927433567640386,0.05225445021006721,0.5886262265939641,1.0578325944306226,1.186918434859454,3.5000000000000004,2,68,1
0.912984893209294,0.06033387899680841,0.0837399974745915,0.569192769595884,0.8779481663941607,1.079108181512007,3.5000000000000004,2,68,2
1.109773993131571,0.05546586564778795,0.0878259716729401,0.636537792920456,1.0359406940579283,1.2502856779518106,3.5000000000000004,2,68,3
1.0464144620408364,0.02317303649753961,0.02797351802696496,0.574820905632786,1.1896700395328808,1.2088854463172196,3.5000000000000004,2,68,4
0.9500649203646768,0.03294604807912247,0.03894054963893227,0.558399243762493,0.9823572528239158,1.06742566771679,3.5000000000000004,2,68,5
0.996818319228342,0.03751685289958771,0.0772303652851596,0.5767381168965876,1.0016319584567694,1.194924265860216,3.7,2,69,1
1.1782621462743876,0.02652641770214872,0.04615531739178001,0.6346245055510622,1.1733037223793743,1.2809905788154414,3.7,2,69,2
1.0332452801693046,0.04391700769251452,0.09513303287029452,0.6003780772368049,1.0121871450817357,1.2567077522193058,3.7,2,69,3
0.9394790068826846,0.03810110898544661,0.07246159989962837,0.5465197392395431,0.933131895522648,1.1175377559778734,3.7,2,69,4
1.0327485219537151,0.02773691770087606,0.04858343624285788,0.5374240171000898,1.1090090113453617,1.0255065347267966,3.7,2,69,5
1.0158883629893614,0.05178653809454954,0.05299100425753852,0.6231077940248176,1.0424782403736457,1.139961458655005,3.9,2,70,1
1.208057915579276,0.05876843945930325,0.13145711936906518,0.5976459596418829,1.4082876607563448,1.0746947327999326,3.9,2,70,2
0.7914407179931775,0.03357027332751283,0.08437844065052348,0.49523084915531257,0.8457999917607435,1.070331406259582,3.9,2,70,3
1.0574461338806744,0.03837636966127002,0.07848966307398761,0.6075015850095319,1.0526921641525888,1.252723878533095,3.9,2,70,4
1.2486422367077563,0.04038801808821103,0.1002360816253452,0.7031208783829476,1.3911413814142828,1.1241927181465765,3.9,2,70,5
1.07396558596156,0.04391039766375483,0.10635103377012851,0.6208813274196623,1.0541264808861774,1.329108114487493,4.1,2,71,1
0.9845681090285552,0.05022277747123339,0.06613028615399817,0.5869964351136492,0.9635095874788492,1.1137900622829406,4.1,2,71,2
1.0876610352807652,0.02923886340238973,0.05182747832376437,0.6322777347723919,1.17974697078555,1.28659048218117,4.1,2,71,3
0.9200131536344216,0.04440988651076939,0.09350078222305584,0.5405515063537937,0.8941532330675023,1.1338908246887116,4.1,2,71,4
0.9251298846217116,0.04768175239873862,0.04007086828160688,0.5566793835337722,0.9348188540876652,0.9729862437153278,4.1,2,71,5
1.0165433354062503,0.06839656346672429,0.08043535687225713,0.662566151275104,1.0371481823834257,1.212932220247812,4.3,2,72,1
1.0462704569726862,0.02129669833835944,0.03838833836287828,0.554481936214732,1.0541952609987002,1.1345018322054887,4.3,2,72,2
0.9471101345867344,0.05970545693892159,0.0767521156439338,0.5554807821873112,0.853933746035222,1.0341170409969027,4.3,2,72,3
1.2033588140572042,0.05669251948280796,0.09495195831323146,0.6378431660163749,1.4619349221494031,1.2550942537650822,4.3,2,72,4
0.9644811230857038,0.03662197396865604,0.04716342380348331,0.5515190486959811,0.9641991033200318,1.0614363032438616,4.3,2,72,5
0.9197608364471324,0.0450958679689855,0.09270270086476971,0.5530637604555746,0.9113680453591294,1.1504649557601327,4.5,2,73,1
0.8913448433144786,0.03521079520234214,0.04358590055685531,0.5030316007826143,0.8781389576661607,0.9567938336188584,4.5,2,73,2
1.1756319192680058,0.0534345653702781,0.0799929401320629,0.6742660637543153,1.1212276006297974,1.3129304718744876,4.5,2,73,3
1.0317035688218403,0.03998152912894145,0.06411538015634051,0.6088299852351334,1.0524427212645415,1.2071797779208775,4.5,2,73,4
1.0042451386915985,0.04401512924571633,0.03784634189782554,0.5655695797956423,0.9580256606927288,1.0189058591472735,4.5,2,73,5
1.0572419258524517,0.02903147026892526,0.05516280390013086,0.5990846160942328,1.099803889121852,1.2278105655192706,4.7,2,74,1
1.13752629710047,0.03305221327865519,0.03131931037195221,0.5733544686671879,1.2563923943162958,1.2886920299934113,4.7,2,74,2
1.1045942287972803,0.03202441730530708,0.08125608955089943,0.6417072470467471,1.1579336449364146,1.3675457695076676,4.7,2,74,3
0.901595623278968,0.03982891175462465,0.09191780837020444,0.5278816464858707,0.8836996694688202,1.123956456553426,4.7,2,74,4
1.090823720248105,0.04117991115827587,0.03662215814480742,0.639839874595601,1.1169777809618178,1.1693043820542663,4.7,2,74,5
1.0416486862006973,0.02709386186425538,0.08269106697924927,0.6076743786060704,1.1026626834436608,1.3215262587369438,4.9,2,75,1
0.9982038369852142,0.05542671617474247,0.04897125959184311,0.597924058056527,0.9881485918087862,1.0455672885124756,4.9,2,75,2
1.044065710067455,0.03926316862720694,0.07365908179817024,0.612740217577885,1.3190878158746389,1.1578296306953613,4.9,2,75,3
1.195512039285392,0.01607108693590815,0.0484060670935877,0.6772700401692404,1.316785625139366,1.4422916415968454,4.9,2,75,4
1.227889896841534,0.05969976078617956,0.07763604061315425,0.7202688346868666,1.1894896973051576,1.367472815958641,4.9,2,75,5
1.0474055246425902,0.04291923514385086,0.09071509147202256,0.6227430934858448,1.0696107126426948,1.2982094013968768,5.1,2,76,1
1.0172649838148986,0.04890580968580006,0.02720728970692394,0.6256389302867028,1.0632522395903428,1.0151024260597368,5.1,2,76,2
1.024426474267545,0.03729297430357597,0.0626434779899179,0.5992268311670774,1.051968761768402,1.201584181042493,5.1,2,76,3
1.0062807926995865,0.03089922217568155,0.04645734626386672,0.5443114902347405,0.9994549717663906,1.0727459428745985,5.1,2,76,4
1.0227259176435608,0.04866084456515172,0.08932282414316052,0.5647173761892743,0.922705919513368,1.1477580860932215,5.1,2,76,5
0.9948678920840652,0.03243386225971041,0.0429045533128629,0.573664272107627,1.0480423358689657,1.1132659195206958,5.3,2,77,1
0.993179236092903,0.03704094691429195,0.07246672521747612,0.5682825115056246,1.0022329610337957,1.1762441085959014,5.3,2,77,2
1.0808889931092949,0.04547346583679795,0.0699474542166719,0.6356220730401494,1.0851436554519245,1.250537909433345,5.3,2,77,3
1.2199502213094635,0.03367409731439954,0.03822023720860527,0.6734106792126225,1.2340194499904713,1.2869468366872976,5.3,2,77,4
0.992146594884134,0.03403600703786432,0.05338841797912187,0.6110061766471093,1.0959284736611343,1.2148866538429437,5.3,2,77,5
1.0663154890317983,0.02070224489862242,0.06808659443516625,0.6123410351098518,1.148390395394474,1.3292396676165823,5.5,2,78,1
1.1605139721229014,0.0225599385915378,0.04417289779307148,0.6267947552414196,1.2337309186689442,1.3245481806562205,5.5,2,78,2
1.2832631026379224,0.02087586364740955,0.03043051855330189,0.6972639700952061,1.3924156063342108,1.3581895387557243,5.5,2,78,3
1.0248732474711038,0.02036706291131199,0.07403699307137923,0.6151013338387596,1.1479351842376064,1.3467093619443828,5.5,2,78,4
1.0971998779042598,0.02819282970886969,0.0535380016227926,0.6244177791763917,1.1657727021871684,1.2811130051292574,5.5,2,78,5
1.100791722715515,0.0468115692050564,0.06793452230761009,0.6383877073433272,1.082676127973001,1.2411264741401524,5.7,2,79,1
1.066634669933349,0.04625126088338844,0.0775359747281925,0.626592801931488,1.0616426701877233,1.250658469328833,5.7,2,79,2
1.21640365394649,0.04470134834327125,0.07666616961700627,0.6927895164988928,1.1969225763520823,1.3847588873370715,5.7,2,79,3
1.0896776775879702,0.04652225808403996,0.08724040104066837,0.6064645329166605,1.01608696374528,1.2350694518622811,5.7,2,79,4
0.9898765298278848,0.04405597377773401,0.06643806467521851,0.5680746477236214,0.95052829572707,1.111505764183898,5.7,2,79,5
1.1082368236405409,0.04648611328461664,0.07537708394514418,0.6382665585270144,1.0790370424938878,1.2640465229928786,5.9,2,80,1
0.9970387169076732,0.04701030917354191,0.06248685461728288,0.5861217590301184,0.985056918912911,1.1218316646131834,5.9,2,80,2
1.1350970869529,0.04247683667036523,0.08035493656464061,0.5928037752901723,1.0005112698413017,1.204443870451512,5.9,2,80,3
1.047992958442972,0.03508596345878558,0.03278830329173411,0.5803087260923913,1.0393285630186553,1.060481139565059,5.9,2,80,4
1.1049414007708684,0.04400725946132218,0.0677564795845409,0.6642915613079989,1.217869754647293,1.0443701338085123,5.9,2,80,5
1.0995892028329637,0.03731038313918713,0.06235368734936998,0.6095720817935228,1.0663902085096937,1.2174774602577847,6.1,2,81,1
0.9530416858333352,0.02628600034288628,0.06552057199309849,0.556636459432658,1.0048251809037685,1.176554891522528,6.1,2,81,2
1.0389480151706767,0.04563300857771844,0.0803076844501744,0.6229226797510801,1.0518744417804815,1.2517464926001205,6.1,2,81,3
0.9823169607146948,0.02133180262255235,0.06048286608204065,0.5496416225192604,1.038373735743919,1.1930746735010709,6.1,2,81,4
1.1166864706525277,0.01895087995627026,0.0432731458526903,0.6168190155534685,1.1905172743278991,1.2966432047167045,6.1,2,81,5
0.9483519061969632,0.01773667379752466,0.04645064353104283,0.459399489414934,0.9412308420064008,1.0615013375527815,6.3,2,82,1
1.063048648863104,0.02833709265437555,0.07492069152042306,0.6147284790761133,1.1168252365187197,1.312193420841569,6.3,2,82,2
0.8674636480509728,0.05850606408693987,0.08450808786323126,0.5347106021601337,0.8172515277209536,1.0228054848922732,6.3,2,82,3
1.1039401210494213,0.02888551671599867,0.05540790189275424,0.5963144461914004,1.233701254372396,1.1173402644642207,6.3,2,82,4
1.0554110408580155,0.04713544007061204,0.05595166778607704,0.6338213141212764,1.071668543508407,1.195008870023066,6.3,2,82,5
0.8549920628918212,0.02900841007641098,0.04322018516940585,0.4847568587108597,0.9509315650565412,0.9900586894564564,6.5,2,83,1
1.036698669564225,0.02281800401826798,0.03083457787371349,0.5938475698375102,1.150132232020572,1.1852921682272406,6.5,2,83,2
1.0455902516460809,0.05490583925920231,0.07939471999699313,0.6082767034737928,0.980183003462587,1.1721890991321198,6.5,2,83,3
1.165209863257225,0.03486792551154191,0.0744510676834554,0.6357340824531761,1.1339934662454636,1.321991859272292,6.5,2,83,4
1.054340963322539,0.04511187752326158,0.06783723999432374,0.6258546499916852,1.0744860121599995,1.2279877507230592,6.5,2,83,5
1.2007247012091864,0.03506681025682376,0.07675121623258978,0.6930560601599602,1.2399255298092942,1.4344293605232727,6.7,2,84,1
0.9157385243334456,0.0320495725131304,0.09070198129025156,0.5338433333196658,0.9310760347379604,1.1727599491483574,6.7,2,84,2
0.996778865242146,0.04804680451556657,0.08091716357689796,0.6045700045199242,1.002712554055475,1.2038216773611297,6.7,2,84,3
0.959700549379391,0.04047859247376989,0.06607932752308641,0.5700462054730553,0.9672440048466115,1.130588257029897,6.7,2,84,4
0.93450171116811,0.02544946128647236,0.06527197615743874,0.5402637373269319,0.9804153161838391,1.15244119701149,6.7,2,84,5
1.0746574706755354,0.02040118722039164,0.04042026875661834,0.5921741127146126,1.1432343196639834,1.2347788499603418,6.9,2,85,1
1.1414491293731113,0.03674125536004472,0.06357289619514617,0.5871109330735876,1.27153207222168,1.1372146376083017,6.9,2,85,2
1.1036828804871737,0.04555317786327426,0.061278505230524,0.5505780662543827,1.263283128905398,1.1527123123838314,6.9,2,85,3
1.0763941083063302,0.06118177880358882,0.08583436641724033,0.6169787627469597,0.970648865754726,1.1762773521677408,6.9,2,85,4
0.9833204975408776,0.04667621378417382,0.04932691887581643,0.5677299766925863,0.9532720535607216,1.0450897572273803,6.9,2,85,5
1.0714115038498278,0.0305451492461029,0.08291024723087617,0.6123295970991921,1.0948450170505686,1.3123719356018055,7.1,2,86,1
0.9796274586065994,0.03453890110420192,0.04961562691936248,0.5423423464169118,1.0671384432365223,1.0263766143986468,7.1,2,86,2
0.9574852455110602,0.03502751766485671,0.0557260184856344,0.5610664859820366,0.9874982748518176,1.1142847931733233,7.1,2,86,3
0.861875415557368,0.04315507032543758,0.07206860273637042,0.5463076676082889,0.915258083673439,1.093293905804497,7.1,2,86,4
1.091573995765719,0.04569994316035813,0.09282045286994252,0.6010905273692082,1.2674914937312982,1.0547541373178462,7.1,2,86,5
0.91519069910337425,0.0280825888136456,0.06683853749743486,0.52684905694035,0.9421290070553388,1.1144509011478434,7.3,2,87,1
1.1391439498547349,0.02890992316402735,0.03938937478473652,0.634449452506725,1.2213083094711938,1.266577160715245,7.3,2,87,2
0.8435661303566209,0.03789029553235938,0.05013844778589459,0.5815649985062098,1.0450618939485348,0.9055795133987344,7.3,2,87,3
0.8491319159558994,0.03413728221674757,0.07035916548761977,0.5269246522645269,0.9112351966222764,1.092888422097126,7.3,2,87,4
1.19626134361121,0.04018809850056971,0.06561548235676787,0.659259286046591,1.4239179630243866,1.3011990077329296,7.3,2,87,5
0.9915461813124968,0.02139127912924175,0.02865273435556683,0.5408417732294187,1.1085548498562794,1.0810884922108988,7.5,2,88,1
1.0573894198535514,0.05422697860160216,0.07518247312758401,0.6090966218725179,0.987474895102798,1.164048335649811,7.5,2,88,2
1.1008957318649812,0.0203818588291661,0.02735242017001651,0.587957520229905,1.203436921478338,1.2432775838425187,7.5,2,88,3
1.0756389560139357,0.02475539819756766,0.04421040341795006,0.6130479137910684,1.1353610036541029,1.23972442756117,7.5,2,88,4
0.9796463761491084,0.04367448992037653,0.09361745375368162,0.5775287749382706,0.9699253564055816,1.2106083564389891,7.5,2,88,5
1.220151414186775,0.03662972087169193,0.06083009032040736,0.6749957497327599,1.1984534991040063,1.3462434588073435,7.7,2,89,1
1.0500328098727816,0.02246320321872149,0.03047633077850966,0.6382818098909978,1.2677901219036178,1.2988601632312868,7.7,2,89,2
0.9640459770807432,0.03587439612858674,0.03917731090634093,0.57272709461522,1.0234795459191883,1.0805729701071425,7.7,2,89,3
1.129611867939382,0.04047300111675288,0.06177729523825433,0.6624796659267549,1.1643941090319951,1.3078513971673655,7.7,2,89,4
0.8868151070966585,0.02675418540043821,0.0286910559083785,0.5204011131681341,0.9761599706864408,0.9613733778458488,7.7,2,89,5
1.0449671494487438,0.04070373809896317,0.07310529213028143,0.6099876893494122,1.054206234156695,1.2345076926155667,7.9,2,90,1
1.114270646559399,0.03609824880123608,0.08672689615023206,0.6570044745394311,1.1685532577588036,1.3901374863104836,7.9,2,90,2
0.9893805144121977,0.0402292275093626,0.07659936665344506,0.5901960101727629,1.0083136208534629,1.2027927154270974,7.9,2,90,3
1.0229032406312597,0.0507371044976895,0.07515945976734599,0.6029271812318581,0.9862679438079236,1.1695634083555764,7.9,2,90,4
1.014298236399563,0.03137666210831673,0.04542582535887411,0.5181179569320556,1.1471025992318769,1.0569513552924104,7.9,2,90,5
1.1034239605582117,0.04515266549328812,0.07035802794244496,0.5914447868183069,1.3298777220825222,1.1888840627109831,8.1,2,91,1
1.11784445550129,0.03219259530281387,0.04906712347804823,0.6257948495332234,1.1250780170345058,1.2358927004517335,8.1,2,91,2
1.186816272003261,0.03437868106164608,0.0910014529111986,0.668867119862119,1.202184316386608,1.4360026021059549,8.1,2,91,3
0.87346509750917,0.030536787764298,0.09116908737492192,0.5417105127921764,0.9573287179314428,1.2002828702333552,8.1,2,91,4
1.1317615367820264,0.03772305000640022,0.09353496416919994,0.6487331012930402,1.1387542729114284,1.380436212579064,8.1,2,91,5
0.9767184703082684,0.0557688371894286,0.06581025111657583,0.6054726246858281,0.9906930053563126,1.1210976796981282,8.3,2,92,1
1.0695477231902388,0.02252327225311,0.08526708200995231,0.6347770145451687,1.1809516083696636,1.4090236549481427,8.3,2,92,2
1.2970866669503065,0.10033619781322342,0.29744811787797365,0.7063119689047596,1.783497693187546,0.958392220665824,8.3,2,92,3
0.8897944310578513,0.06559293118090843,0.03897102656037801,0.5587201510285773,0.8445453088414118,0.8755841495661364,8.3,2,92,4
0.9046505956218532,0.04685568790917114,0.0679008041020087,0.5694448292995229,0.9329508338548506,1.0980055616357571,8.3,2,92,5
1.1327378491648332,0.03021610413360797,0.0683967213122857,0.6224165915501514,1.1202144849002014,1.2948042994601403,8.5,2,93,1
0.9915699842898704,0.03972996525867624,0.09692920954410862,0.5894861692252004,1.0086311115008015,1.2615772501496418,8.5,2,93,2
1.0674105651694004,0.03700790365931514,0.08351371521214641,0.6219943598597136,1.0907695107499675,1.304419717495823,8.5,2,93,3
1.3413708433503588,0.0257456641700279,0.05234688467887105,0.6724300353578864,1.3890788365385198,1.5118025281758436,8.5,2,93,4
0.9180411963753488,0.04282806320250237,0.07621186252573205,0.5913935810891576,0.9992253862411842,1.1881584826137963,8.5,2,93,5
0.9710862197121104,0.06984330402507069,0.0784610233554392,0.6203813510055098,0.948503921492606,1.116462959742058,8.7,2,94,1
1.0351303144699375,0.03183677410813215,0.07852123113240084,0.6011947741339391,1.071433560294082,1.2762977326197096,8.7,2,94,2
1.1185191569999176,0.04100891958539252,0.09287111048695952,0.6188088588823563,1.0611302440945525,1.3012106861827872,8.7,2,94,3
0.9031203282312956,0.03311944606665362,0.04563599247423994,0.5617464893431376,1.0095732724198732,1.0967289768355268,8.7,2,94,4
0.9494591314328628,0.03753269019075836,0.04070812296530314,0.5931035850162819,1.076272879155167,1.0165773317586295,8.7,2,94,5
0.935080381760622,0.02338101315107439,0.06847649955679497,0.5751703352869235,1.066977126442439,1.2455679388636731,8.9,2,95,1
0.8489010633726279,0.02155537139514907,0.07787236712537586,0.510441116062019,0.9364384849948894,1.1489505535070312,8.9,2,95,2
1.045044214138049,0.01816581271261412,0.05834145027646595,0.5639211320731434,1.0891727333146597,1.2433290857300097,8.9,2,95,3
1.1540215395186049,0.03863310900370861,0.05804714381978203,0.6313055189426242,1.103884248001708,1.241347809125792,8.9,2,95,4
1.2561657770165795,0.01858537893620376,0.0298982726290254,0.6565806259854954,1.3387187444636894,1.395138278194143,8.9,2,95,5
0.9362166373929144,0.02582020432096399,0.08013549578547846,0.531337354498958,0.9604231194702688,1.174034803710414,9.1,2,96,1
1.178580653101951,0.02590439440962857,0.03557931142982502,0.6085827079327505,1.248552792992956,1.2156202723350191,9.1,2,96,2
0.9451115320827632,0.05928903752467303,0.09963325580436426,0.5777467741670674,0.907947173564208,1.1527835931068189,9.1,2,96,3
1.0317897960469928,0.03992983517866936,0.07885595573995147,0.617549026011983,1.0643591189747696,1.2647738394562882,9.1,2,96,4
1.0899537677181923,0.04429811810921651,0.08195982528903194,0.6300592573166697,1.0714211685704969,1.2770941067388462,9.1,2,96,5
1.1393962103508266,0.04210112799047388,0.07379108030312118,0.6533056961785264,1.1254359938397245,1.3085130996653296,9.3,2,97,1
0.9775636289926192,0.04584213706205725,0.0700146330127315,0.581570294704358,0.9650492996478716,1.1362251313047471,9.3,2,97,2
1.0573415073420669,0.03685092644510563,0.04999084777397198,0.6289131131515137,1.1483204914716256,1.226297105808711,9.3,2,97,3
1.0357526946960978,0.02478235061624787,0.08437035992018167,0.6124308834475828,1.1415722179090186,1.364240421347606,9.3,2,97,4
0.9451312169251832,0.03215748868036373,0.08744999350200239,0.5662989354084806,1.0018438848562288,1.2317301509426823,9.3,2,97,5
0.9322091413917908,0.04430237324548132,0.07900593433864186,0.5532665544248012,0.9193595139591566,1.118072515870635,9.5,2,98,1
1.0723134850699925,0.04290282982524722,0.06998907534978993,0.6271129564166152,1.071671217360383,1.2438174788855445,9.5,2,98,2
0.9654963205316024,0.04265511939257697,0.08578849009283147,0.6138350102054843,1.0482399965872653,1.2655746174668128,9.5,2,98,3
0.9997308937466324,0.01667270429890647,0.02852857915694949,0.5468498674834811,1.0755478120788733,1.135389057780308,9.5,2,98,4
1.0455359115075975,0.05524460161410147,0.09079651756760404,0.6083859143082644,0.9781086992731322,1.2027107083156052,9.5,2,98,5
1.131984486788904,0.04630450354023061,0.07049925107723125,0.6595084518651649,1.130679119116037,1.2951664616485508,9.7,2,99,1
1.0344031998128824,0.03788879133502623,0.04678126077281489,0.6268410582285657,1.1789822734286983,1.1056872938842082,9.7,2,99,2
0.950046878909868,0.03167442101603746,0.07661708204225486,0.5406903047549748,0.9535829477956062,1.1539143446905544,9.7,2,99,3
1.0730138697393368,0.04278259144246871,0.0567378960166513,0.6262993628359611,1.086997241894098,1.2091595068442271,9.7,2,99,4
1.0130950871073183,0.03227626518327843,0.07596802584429807,0.5980841297716948,1.062085987259298,1.2594886612372873,9.7,2,99,5
1.0260619584069006,0.05162052168263344,0.06563768101729762,0.6124505489014568,1.0084110748482438,1.1555285154722197,9.9,2,100,1
0.93565694353514,0.03345783662288625,0.08326743204029728,0.607620123560217,1.1883982138687,0.9642829557617952,9.9,2,100,2
1.0161722718498978,0.04817266439345469,0.08416940343410424,0.5956275550448147,0.98386005038286,1.194546503731048,9.9,2,100,3
0.9449864370728744,0.04627596888144234,0.06206582845084062,0.58125303905967,0.9724196127399128,1.114039853102163,9.9,2,100,4
1.0412441512206354,0.02723026421828654,0.061066142971398,0.5801067013761539,1.0504356822201817,1.2070507709279592,9.9,2,100,5
0.8502030397992715,0.16123724435719938,0.2182977839388547,0.7928675566804961,0.9403274315303236,1.4133887018506608,0.1,3,101,1
0.7719937449089898,0.1592469539080561,0.13700361186805685,0.7767563526660946,0.9131691858616938,1.1335846962089045,0.1,3,101,2
0.8240712814351773,0.16221366700811377,0.22211392590017415,0.7809816121657821,0.9102631330582328,1.3959060988179244,0.1,3,101,3
0.6813797584896641,0.12882001078564653,0.1932958962281752,0.7007629029832985,0.8893533678679952,1.3174937023259858,0.1,3,101,4
0.8953854767930578,0.16915858002914397,0.2197014462855183,0.8340902113541747,0.9947090434315576,1.46338334039718,0.1,3,101,5
1.8902449606244136,0.02190954249103537,0.0712659072202126,1.1105997638626277,2.1649310722235944,2.3352471843640576,0.30000000000000004,3,102,1
1.555752830971608,0.02617023439648314,0.0383743158798366,0.9716340563199044,1.895064210149639,1.9452569291390032,0.30000000000000004,3,102,2
1.7130922257678551,0.03769316401604223,0.08587583876880803,1.054434644075202,1.9676059288292111,2.170372681102308,0.30000000000000004,3,102,3
1.7093369756198038,0.04002030356555471,0.03453206955006253,1.0199827347494317,1.9103005144676648,1.9394493340651104,0.30000000000000004,3,102,4
1.6744716529678656,0.03402921331617101,0.05398206062390028,1.0158769513278731,1.9508875605186855,2.0412052752882865,0.30000000000000004,3,102,5
1.9501195761987091,0.04607038642368671,0.04393472518924059,1.1082407005820176,2.0860526652861004,2.104664477445495,0.5,3,103,1
1.9368028430978848,0.01838540440949814,0.0667562263661002,1.073035746602775,2.0932358976702123,2.2567756850381073,0.5,3,103,2
1.7593659576707883,0.03290063752327862,0.03261361645768231,1.0070140639730916,1.9276179096174304,1.924386160982107,0.5,3,103,3
1.8057035223005855,0.04246025261053498,0.07625077216103489,1.0160036943007469,1.878941141981309,2.04731448841755,0.5,3,103,4
1.9730791716989176,0.0287999740906059,0.05576375813791832,1.005794261378567,2.074315345755447,2.203068449080988,0.5,3,103,5
1.9920492691825893,0.02977873698664955,0.08236092958261891,1.1435486737138936,2.174168238361538,2.369207883558687,0.7000000000000001,3,104,1
1.9582930028133556,0.0647332954245156,0.1888023021713201,1.1927377460123223,2.3240137404453565,1.8055281407697192,0.7000000000000001,3,104,2
1.99671738560364,0.04513121184076999,0.14358167188006912,1.1287553390638263,2.30281097163811,1.938522615643337,0.7000000000000001,3,104,3
2.030073146399986,0.0292049984582291,0.06354401640485037,1.101271588039196,2.1311877431965676,2.2674558845294137,0.7000000000000001,3,104,4
1.8992233463929271,0.03355511733142656,0.08902837590184917,1.053517289828528,1.9817929855134864,2.1956167155735256,0.7000000000000001,3,104,5
2.1381298100396102,0.05016432828928567,0.04733013764910259,1.1044040920130784,2.352067119027725,2.3412395560574777,0.9,3,105,1
2.0656702562780427,0.0780533159418155,0.15416822411262998,1.2016262216591196,2.269890414142949,1.865958630006749,0.9,3,105,2
2.189712056713149,0.04121902225189288,0.07331333869026507,1.187440158904125,2.223019363968565,2.3854211557697096,0.9,3,105,3
1.9618804396925305,0.02885050703398645,0.07128576603304378,1.0694937453936326,2.033000073903215,2.2025506771143584,0.9,3,105,4
2.105477832557727,0.03816408343559983,0.07728594201070306,1.1440362144544904,2.1470499449492513,2.3237746821995193,0.9,3,105,5
2.353027133771469,0.04697139181153498,0.07278059232519053,1.2225659138444274,2.339901007464674,2.4552748293228666,1.1,3,106,1
1.747851519128597,0.02245129031169234,0.09573500627820676,0.9926607137122004,1.9052165423820984,2.145496176300682,1.1,3,106,2
1.8462017697782849,0.04138853323835967,0.08098860852358249,1.0412189320919127,1.9232861183251788,2.112264630494617,1.1,3,106,3
1.890041761342808,0.03649891411973714,0.05319296203368839,1.0183420789707969,1.913433592942853,2.0155657629942834,1.1,3,106,4
2.019677101082757,0.03351871138397813,0.08277239778134428,1.0998442667970192,2.07504447409691,2.270386069025263,1.1,3,106,5
2.077723880867144,0.02648878672215311,0.03277973734199687,1.0579410745334994,2.129272246473964,2.130637144613564,1.3000000000000005,3,107,1
2.257357932062916,0.02824191428880479,0.06342586563606491,1.1696785561096446,2.255709389759519,2.3965433378556402,1.3000000000000005,3,107,2
2.0550382725863447,0.01549291016453507,0.05557806846552709,1.1167029065177223,2.20444126252787,2.33848200433371,1.3000000000000005,3,107,3
2.08689129004587,0.04078320862770924,0.0461919924640913,1.1728451195361411,2.263940535846119,2.2317263888860284,1.3000000000000005,3,107,4
1.918617249969532,0.05991521217826288,0.07985475090747102,1.067267829620989,1.9195928537249616,2.078606302082024,1.3000000000000005,3,107,5
1.94349155825081,0.02368049297399361,0.0299212701981078,1.0432347411150318,2.043214967708358,2.071824160501625,1.5000000000000002,3,108,1
1.8328078017552056,0.03901657254439014,0.07099601697367774,1.0112238201115602,1.881647908335556,2.038856261877977,1.5000000000000002,3,108,2
1.8680255311795624,0.05513395180118621,0.07975265827322275,1.0346596420655811,1.8591834599549115,2.0301025559430057,1.5000000000000002,3,108,3
2.08713401283736,0.05513819745112011,0.06371646344400518,1.1096608703492434,2.0285395048833736,2.1389273502718447,1.5000000000000002,3,108,4
2.0310932007500018,0.060777496306756273,0.09473424733745588,1.0918670140161928,1.9692210155099217,2.1649031223186177,1.5000000000000002,3,108,5
2.0480518460692276,0.04147257178093893,0.0714933299455477,1.0716583250918956,2.0421794395852007,2.1748363806347175,1.7000000000000002,3,109,1
1.823977998106652,0.06536540590544715,0.0673810204133209,1.0695355836434035,1.9051095128709616,2.0127380369937624,1.7000000000000002,3,109,2
2.0231256176470738,0.01453331627904383,0.0655569369554655,1.086895319336166,2.1495242079712193,2.3122477029267,1.7000000000000002,3,109,3
2.0355691230304767,0.04350590352458333,0.06985741402694708,1.115381608142175,2.0694809152923064,2.222574576945234,1.7000000000000002,3,109,4
2.3550146469003197,0.12708464170735848,0.34225465247689,1.310879839095099,3.0113083210633556,2.1826123128934043,1.7000000000000002,3,109,5
2.2446229338851698,0.03093466393291755,0.0353782066787499,1.1464188610017645,2.3514336295246143,2.382884724213896,1.9,3,110,1
1.9306408562038595,0.02710280287257209,0.0530995515438182,1.0105438023209514,1.9585205065231632,2.064785939939519,1.9,3,110,2
2.013861972882501,0.03267831368714423,0.05731399558964645,1.0774328103345898,2.039353034114807,2.1658914236480697,1.9,3,110,3
2.158061000070584,0.03675016943626079,0.05398904299887475,1.091974712287716,2.181699675533211,2.21527901515931,1.9,3,110,4
2.20637824868165,0.02022748326364979,0.03783303333622209,1.127537113012552,2.2106574074535987,2.2878106463697003,1.9,3,110,5
1.9744050782763871,0.05895076393136166,0.18181781892784615,1.1100535057173038,2.2303284471315576,1.749123814112305,2.1,3,111,1
1.969721967294204,0.03406953668810731,0.06125290823116861,1.052545254159086,2.0279541617156336,2.1418958776303025,2.1,3,111,2
2.0390370302854772,0.04306620627322806,0.07229383203973654,1.0845951350379486,2.0050154492227317,2.166734919396484,2.1,3,111,3
1.8974822457831535,0.05115649772961474,0.08538185829627072,1.0279187061678536,1.857109935414884,2.051462104752634,2.1,3,111,4
2.281777161346213,0.04324572503478954,0.08495358578756855,1.233392908171186,2.32611212792447,2.5075242892973697,2.1,3,111,5
1.915895621512936,0.05379541726492523,0.08008080374216998,1.0672116958525248,2.0022391956296657,2.1176420768562183,2.3000000000000003,3,112,1
2.150715473370622,0.03129657113819933,0.04082939858955224,1.1068118829722045,2.241284112918179,2.2147202305253817,2.3000000000000003,3,112,2
2.064048710207596,0.04224833581824026,0.09050119827678613,1.131021905005364,2.1057641527999347,2.314281665639857,2.3000000000000003,3,112,3
2.095238091626285,0.0342935715274885,0.09793602058682538,1.1484546973725624,2.170608525915727,2.4028455116063605,2.3000000000000003,3,112,4
1.8937746667536817,0.05441124106736332,0.08124761739712297,1.0323959710124817,1.8532098723908677,2.0333713602113557,2.3000000000000003,3,112,5
2.132347466812362,0.0252979690477603,0.03456233848302319,1.1060788593298183,2.1912647684348237,2.2220084889356837,2.5000000000000004,3,113,1
1.7330839073299629,0.02462463091024922,0.08989989612577738,0.93678013749792,1.7905967146399615,2.014707641749581,2.5000000000000004,3,113,2
1.9108737034183367,0.05128819059876127,0.03933296863900736,1.0476512474509136,1.9157141627745051,1.9472681968680907,2.5000000000000004,3,113,3
2.2807947952314658,0.03546430358174399,0.04775819658138003,1.1725608337716686,2.3662653094381136,2.364827776487265,2.5000000000000004,3,113,4
2.274082083940932,0.04336686102615849,0.09611153523856304,1.2219493363659744,2.301504474335394,2.5145944850137725,2.5000000000000004,3,113,5
2.0686354583574262,0.04368214588880861,0.0671048259293583,1.1392203752083043,2.117758272532128,2.261735370803379,2.7,3,114,1
2.1154496521209984,0.03767932805626656,0.06859731279299419,1.1315130904907964,2.1225691502971884,2.277259775571036,2.7,3,114,2
2.17454946503529,0.04577322597853283,0.07864742642037449,1.137607114581368,2.104152582454311,2.2787180187470133,2.7,3,114,3
2.0016398567359572,0.04224144915079116,0.08807175106046954,1.078438037665285,1.996100045194148,2.20072529546075,2.7,3,114,4
2.0867618722212464,0.02072494058656089,0.07411305518179191,1.1070278100030193,2.1685771582102413,2.344647279048297,2.7,3,114,5
2.0516981989766654,0.02383172568006049,0.05430522591203417,1.0818708843762712,2.1047827480150896,2.2224407503582073,2.9000000000000004,3,115,1
2.1429696840545396,0.03436251351003933,0.09540639244186454,1.1658959395099349,2.2100564024971354,2.4332378788698956,2.9000000000000004,3,115,2
1.9133920462422,0.05041322504983055,0.05323704156314953,1.079989979990159,2.022608841587687,1.9204005596635516,2.9000000000000004,3,115,3
2.1162881056942644,0.02823780171350253,0.08370267294621087,1.100722601195454,2.1133423829844005,2.308340284048711,2.9000000000000004,3,115,4
2.0824330531431015,0.04397884994745126,0.05144346916230593,1.0752173880207074,2.2610865372811646,2.257052947681526,2.9000000000000004,3,115,5
2.1699338497775846,0.03410481848981573,0.09543208576280895,1.0959408195057008,2.1256894394138155,2.341676136832464,3.1,3,116,1
2.112318844232491,0.03929414580714726,0.04908090486709093,1.1446541182008907,2.1762561111431946,2.249071734589723,3.1,3,116,2
1.6261346079399654,0.06517241368922154,0.1874903135163827,1.01113309985966,2.092084351462133,1.6217756183103964,3.1,3,116,3
1.9932565651980605,0.0342745767062481,0.08784139098015036,1.0616226505141473,1.995268894237267,2.204048492697604,3.1,3,116,4
1.7463676802548649,0.04228420017421672,0.0659889925761758,0.9751378240351536,1.798572407091269,1.9393428129162589,3.1,3,116,5
2.0595743210413575,0.03725912121599158,0.0748670681258499,1.101398209296187,2.0656971816106178,2.2361329297259163,3.3000000000000003,3,117,1
2.079581244301352,0.02399974334907392,0.0556876465958351,1.0616580508515996,2.111400895230026,2.228231026487482,3.3000000000000003,3,117,2
1.97615173169436,0.05991837728403192,0.04915525177292173,1.09119721937612,1.985301980212393,2.0194960441475542,3.3000000000000003,3,117,3
1.96812246060216,0.0561799491022797,0.05270874123687336,1.120868432880293,2.091118425737672,2.0744867300503267,3.3000000000000003,3,117,4
2.264100361533918,0.05877733600332412,0.06759089260192684,1.2019982002397882,2.187050480969558,2.320150237926836,3.3000000000000003,3,117,5
1.9138325072711695,0.04961875233349259,0.07714775776558229,1.0386659433845165,1.8854059679956896,2.057275202422335,3.5000000000000004,3,118,1
1.9480992571334252,0.03604850101536041,0.03959944536799795,1.0564806699520872,2.014240161567235,1.936017756781205,3.5000000000000004,3,118,2
1.8517350497384275,0.02921929306554771,0.07648403339142085,0.9982718973925871,1.9073426439127903,2.088093435389272,3.5000000000000004,3,118,3
1.829536409430924,0.0467246013602816,0.10220804618833844,0.9696879569623414,1.761883741807149,2.0034186841478663,3.5000000000000004,3,118,4
1.9615248141867312,0.07310736817355007,0.06697127489058517,1.113997182317385,1.9725015079981945,2.058188240218348,3.5000000000000004,3,118,5
2.035384539116864,0.05146692620755543,0.09677371302451376,1.0748695237886927,1.9534212264967403,2.174361114626036,3.7,3,119,1
2.1140961125379625,0.03920979798941806,0.07146008011551487,1.1375971371908518,2.1309190824803106,2.290640337947138,3.7,3,119,2
2.089963297529926,0.07218064955163837,0.17785102782341522,1.235046992714042,2.379700879128222,1.9084150744391228,3.7,3,119,3
1.9845438787407548,0.04221560962190905,0.0837248600533344,1.0259605044643982,1.9081454959299688,2.0949159131419437,3.7,3,119,4
2.184419406361602,0.03242623608706846,0.05075822242519905,1.1560750398520847,2.2512743882950725,2.3309496654123136,3.7,3,119,5
1.8422279795955223,0.0168018769154402,0.05166135775304795,0.9942619645631756,1.988664056679485,2.112880433184024,3.9,3,120,1
1.984577449618901,0.03994454040566134,0.08025150700065786,1.0582249129874253,1.9672272613551656,2.1526451545465934,3.9,3,120,2
2.018481089932173,0.01504664507281096,0.04562358702589222,1.043988239880732,2.0637234906677753,2.174320893367174,3.9,3,120,3
1.7502205249201064,0.03529646209508979,0.07531631174555141,0.9568084157098116,1.7763065610101256,1.956544758986201,3.9,3,120,4
2.035039008406001,0.03733026532556728,0.048433513557939,1.0720962274498027,2.0876719968180906,2.098426198060545,3.9,3,120,5
1.9821162513055872,0.05224397542884505,0.07376387707815188,1.059863893138031,1.918679425538885,2.078871119565102,4.1,3,121,1
2.1427609624619492,0.03695282646155666,0.06036471105189059,1.078390079652915,2.2453434300086035,2.1415807857287095,4.1,3,121,2
2.006680410189419,0.04501733914488774,0.08813058896166616,1.0795956057695228,1.98776421027501,2.191126423263688,4.1,3,121,3
2.2183790848248375,0.03786848119451425,0.05414272209382955,1.1679183172547591,2.2067911764730876,2.314127913273815,4.1,3,121,4
2.3316448978465,0.01955894225288633,0.05492051607258356,1.1613258894340248,2.3435901876591703,2.475842316101698,4.1,3,121,5
2.220981701081761,0.0319804563873774,0.06448721776870611,1.1912585640262592,2.2724481862608075,2.414633761860983,4.3,3,122,1
1.983317488786319,0.04739720249920386,0.07709186120384423,1.0751281280692178,1.9745512165462256,2.1431177843097253,4.3,3,122,2
1.788829070809625,0.04970003973039048,0.06347460033226124,0.9683781339537904,1.7603288650976057,1.8793456106919832,4.3,3,122,3
1.9329010686679189,0.03576945633605236,0.04058511791164334,1.0361386389711948,1.997589163821489,1.964066446979877,4.3,3,122,4
2.0394750868855707,0.03881614665146322,0.09977427545016498,1.0706864683186024,1.9968014159561551,2.2338601982295447,4.3,3,122,5
1.7778988252146402,0.02717314054271238,0.03398680699671743,0.9839604387674694,1.949162297394272,1.9451659025059744,4.5,3,123,1
1.878297749824537,0.02913503452419145,0.09401355712664108,1.006663093828455,1.9086932164022992,2.138847734880728,4.5,3,123,2
1.9699761403200744,0.05019010873848507,0.06118354779577804,1.0568615238002508,1.9248368663823745,2.0488112123039164,4.5,3,123,3
2.188414666880717,0.03107914267763924,0.04375644054443123,1.1426434855108425,2.2658749507011824,2.303937150592711,4.5,3,123,4
2.1497748894259856,0.0450712309062932,0.09590598591167224,1.170975116043241,2.1725535924420742,2.3919739252956544,4.5,3,123,5
2.2445879289342003,0.04175956533811056,0.08095281543725173,1.1687659079636896,2.1838127782169545,2.3654401082535452,4.7,3,124,1
2.1385695573253187,0.03271572091537537,0.066535764558495,1.1380170073710003,2.167905282691437,2.314898521344531,4.7,3,124,2
1.8277323455979568,0.03109122020605874,0.04713319872665132,0.9956300227487094,1.9290667706036184,1.9960758539207255,4.7,3,124,3
1.9848836691891167,0.04875309222897109,0.07737452272244966,1.0737350781004131,2.0796808168503067,1.920704655786221,4.7,3,124,4
1.85537811909998,0.05017883837738201,0.0971729968045392,1.029849269409205,1.866202850456249,2.0915185213972225,4.7,3,124,5
2.1866325750572297,0.06511957767213818,0.21931215107169785,1.2770109363009847,2.62446583984611,2.0588873116507274,4.9,3,125,1
2.18841533164401,0.04997025614546064,0.06948486214325225,1.1501558540589298,2.111919503678888,2.258698133315241,4.9,3,125,2
2.2441349644992292,0.04028724750340712,0.0905956470608111,1.1832414880083402,2.221479801024744,2.428147936506507,4.9,3,125,3
2.3167231862968047,0.01975391466355924,0.04368067946052615,1.2060615866302224,2.423894276156344,2.5140807408992374,4.9,3,125,4
2.147333890025203,0.02629209192138036,0.0776373550935405,1.1535212764045035,2.22411537997068,2.4061895713871033,4.9,3,125,5
2.0672971213406446,0.03555098264272206,0.06253351474246288,1.0489478105619736,1.9753228256434736,2.109483050623381,5.1,3,126,1
1.9604765200683585,0.05067443986734322,0.05991373618198772,1.060703841421,1.9455997599615351,2.051270778678582,5.1,3,126,2
1.9795923280039096,0.04622233669719868,0.0956595880521485,1.0299354223564203,1.8944285836758776,2.1129210565598746,5.1,3,126,3
1.9027792549120464,0.04831478123282383,0.08334750514292302,1.038786565055617,1.8918270657006595,2.0815851796963947,5.1,3,126,4
2.331032052029048,0.04975398535193306,0.0832865791483521,1.2419807284567417,2.301309582579814,2.4818975294329735,5.1,3,126,5
1.925437841723873,0.04704003572935436,0.0641210809113569,1.0071389619353626,1.8367519207944591,1.9736323863902423,5.3,3,127,1
1.86841110794456,0.05321871798111942,0.07819769739327981,1.0260764463182466,1.8638392750181425,2.023369235350898,5.3,3,127,2
2.0554572726340736,0.04254953161537737,0.08770502081233181,1.1202246193556131,2.08095686788956,2.282591663933641,5.3,3,127,3
2.135218530387041,0.05494382876751188,0.09425811712025033,1.1721050669375324,2.144631336584229,2.350020221550263,5.3,3,127,4
2.0565505036285443,0.03240561506949021,0.03631887844416815,1.1486681868011412,2.228460973126156,2.228339835542449,5.3,3,127,5
1.9294121522683256,0.02485499261233794,0.03190631351589119,1.0406483028835498,2.059600009538362,2.0427226378918553,5.5,3,128,1
1.9438645898001528,0.02421166198793481,0.05301618787208422,1.0339679426481094,1.9936499507810537,2.110492511992661,5.5,3,128,2
1.9851693469752885,0.03861584207401378,0.07642063607287485,1.0858945380209408,2.03006519797996,2.2042450804301703,5.5,3,128,3
1.8651808730765544,0.02945895900189123,0.07266138988840315,0.984037311226706,1.8711826580383557,2.0412051157592206,5.5,3,128,4
2.3055734036320623,0.05563494792001819,0.1561769276199439,1.20724311539351,2.4973429844128914,2.125136497181029,5.5,3,128,5
1.9465234814810692,0.04725271678950928,0.08726964420130515,1.0569234551662716,1.9322939793735403,2.132183069136275,5.7,3,129,1
2.2592067639939546,0.04239157236530515,0.08063759832103132,1.215806391971705,2.2782476956122784,2.458562961502404,5.7,3,129,2
2.002732903619788,0.04489725310393638,0.07595304652121888,1.055606637823484,1.942542056017366,2.1115812963481684,5.7,3,129,3
2.0117636170592363,0.01702466477413507,0.05331602784602696,1.0469053055620527,2.0727336664007066,2.198027877801033,5.7,3,129,4
1.9350762011875056,0.04897344352308438,0.08339842747030382,1.0586296021088402,1.9543822727905416,2.12579184345891,5.7,3,129,5
1.9801707271818276,0.03229735696783145,0.08416065017320895,1.0525788617181089,1.9864498827292445,2.187279009000387,5.9,3,130,1
2.175557786465838,0.03162152870866067,0.03672282402158097,1.131916420685204,2.34012753711072,2.384503917362356,5.9,3,130,2
2.1265634102865625,0.0206210170523061,0.06189887107336982,1.128796400682131,2.1978335903025403,2.343689254883556,5.9,3,130,3
2.04832649780276,0.04279577353371017,0.05312232412963374,1.090030899093515,2.0289323655659035,2.130256574358935,5.9,3,130,4
2.1774039329010555,0.02105578313731171,0.05295717991614366,1.1177907037119783,2.1785258445567663,2.2997142817201737,5.9,3,130,5
1.9449813323685503,0.01617817224104957,0.06444860674412843,1.0468311596806767,2.047678207594163,2.2072468253312065,6.1,3,131,1
2.097524899399655,0.05205473507817086,0.06350546127865987,1.1260465533319093,2.1658720635207604,2.1039680557723464,6.1,3,131,2
2.041234417548226,0.04785927757590499,0.03951493783889488,1.1072615185004882,2.0490315806679993,2.085301681779319,6.1,3,131,3
2.226032139362975,0.056807484647825,0.09324637469347216,1.2024827196999743,2.202187296117445,2.4012821285377046,6.1,3,131,4
2.061004410320524,0.06916292845420276,0.08401772325226432,1.1297911695004037,1.9982882150177763,2.168415142058047,6.1,3,131,5
1.9848173554625477,0.02564134896978253,0.06328334181193945,1.0538610071726116,2.0199337745368804,2.1698569596538273,6.3,3,132,1
2.211907165328887,0.03203528281096778,0.07200705019687322,1.1640898682736904,2.2454504262434987,2.3970955649393773,6.3,3,132,2
2.2101058819804695,0.03795893764288564,0.07794519800286787,1.1603401612658475,2.1915468880922724,2.3644262885620297,6.3,3,132,3
2.069919587336958,0.03300963297648033,0.06861531837152587,1.0937259617106472,2.078441896731158,2.2285514489745557,6.3,3,132,4
1.9476271039231576,0.05580015249572474,0.08544672345425373,1.019064148109927,1.823124135317585,2.011984307976543,6.3,3,132,5
2.094685920673395,0.03539184809834575,0.07929741990574653,1.0936207636491548,2.0661621263412497,2.2438241473985325,6.5,3,133,1
1.7399749072651678,0.04675921481171611,0.08326234159808915,0.9500148875395984,1.7154872832010253,1.9097047060681624,6.5,3,133,2
2.017999908256983,0.02724912509376425,0.085759346939421,1.0639931197409491,2.032644725562961,2.2401411191088303,6.5,3,133,3
2.1067558041724346,0.03428455140996806,0.0782583167720756,1.127890349095353,2.1309544508623772,2.312052800429826,6.5,3,133,4
2.0692013012627393,0.04068931753961025,0.05249437623204591,1.1279041134567271,2.112636933864808,2.2103427681408068,6.5,3,133,5
2.074109051257059,0.03509637084236466,0.07944448547215538,1.0892603719355451,2.0485074302533577,2.2339422061759575,6.7,3,134,1
2.1072876221867434,0.02719367043217818,0.07847204342004253,1.1299918253332752,2.1621031577419503,2.3491872857006104,6.7,3,134,2
1.9914041439921164,0.04014704777927171,0.07519427551571488,1.063606940504553,1.9749841569165552,2.147314311687227,6.7,3,134,3
2.0282911734578946,0.0281631083383841,0.05531957907202553,1.072533773147306,2.047032526074471,2.172163575819121,6.7,3,134,4
2.163960332329288,0.0893398913017239,0.25680470675277456,1.175759486234059,2.600776917269099,1.9767458289621196,6.7,3,134,5
1.9609660789618428,0.01787289984734997,0.05005947622513682,1.0403018909093125,2.031188547258912,2.1496500407355374,6.9,3,135,1
2.2018586455681155,0.04006087645464592,0.07879092686645182,1.173878148358083,2.213368066791392,2.3847320512866097,6.9,3,135,2
2.010151129462419,0.06142399031268031,0.08746114441466658,1.111711033051198,1.990865286783987,2.179164432103668,6.9,3,135,3
1.933527815920073,0.05726337258203711,0.05449394312671853,1.050485166525223,1.8870509784433596,1.978856896523728,6.9,3,135,4
1.9954991506266284,0.04356539609186554,0.08060964927069984,1.0488932616129063,1.9397393163931336,2.1224746178562515,6.9,3,135,5
2.031799838926498,0.05647300962219195,0.06034162962603049,1.0992863463196596,1.994638737715065,2.100985408614641,7.1,3,136,1
1.972650701274106,0.04574541437900033,0.08561006044557232,1.0517673009745738,1.9269280878719892,2.124368236393087,7.1,3,136,2
1.8109448047588148,0.05167687965786681,0.06947303591757313,0.9780432012191836,1.812966355960728,1.9181327895846465,7.1,3,136,3
1.9434070217809252,0.03802421045991919,0.08915359011982987,1.0464196175212042,1.9475912900794856,2.1593506490326297,7.1,3,136,4
2.003874438381364,0.05469655748021615,0.09076748829374472,1.073639640467145,1.939142288377816,2.141695711411254,7.1,3,136,5
2.0435294853331936,0.03986515953174809,0.06087431928989524,1.1100114970716173,2.122931680248647,1.9694862543055784,7.3,3,137,1
2.1927092951433,0.02293771944167123,0.076052497926847,1.1616071208874867,2.264095413356586,2.4425827579374797,7.3,3,137,2
2.004282020546176,0.05967733567781512,0.04547486301131841,1.1053018892647286,2.022214747633744,1.995578177642904,7.3,3,137,3
2.04363578705003,0.03914340860910557,0.06043269215496712,1.104063735722693,2.1225620578413076,2.2169508951245707,7.3,3,137,4
2.1478666573074614,0.04521564682690229,0.0956257687302288,1.161090609846548,2.1531062026191408,2.3718547117470705,7.3,3,137,5
1.9989918767081436,0.03621101501131962,0.05561663842269485,1.1228411704002768,2.1881029209077156,2.0748665991158046,7.5,3,138,1
2.027560062776258,0.06457682752174329,0.07041387791711316,1.0982784430786126,1.9515960797572016,2.087984061299725,7.5,3,138,2
2.11390095961835,0.040107821219362,0.08978921741550719,1.124840679337248,2.1064839162562383,2.312282832291146,7.5,3,138,3
2.3387981072528445,0.05950072882477576,0.0872903673044812,1.2763005804004126,2.3707997564126555,2.522173918301653,7.5,3,138,4
2.241185622883879,0.02640310157056043,0.03199796449670294,1.210653785157518,2.3471567260587225,2.390359288389752,7.5,3,138,5
2.0340718639470463,0.02841837413383014,0.03514972808460277,1.0863878625090249,2.1038886190480004,2.1560878519048594,7.7,3,139,1
2.206387312242563,0.03743385237105628,0.04811516962238783,1.1294426443667698,2.1396276501637295,2.225145578203665,7.7,3,139,2
1.8871182721316755,0.04401482155473407,0.0536777732878589,1.023176966481586,1.9174159677851117,1.994034496155258,7.7,3,139,3
1.991483785295442,0.04365794387929093,0.08996272198212786,1.0689753487167175,1.9735735841368325,2.1818791580773467,7.7,3,139,4
2.1752899972917277,0.02070992256308636,0.02999614965488076,1.1510881136759463,2.303196721013934,2.340115933357118,7.7,3,139,5
2.126001197323915,0.10692692255108836,0.3106305853457875,1.1843092868113023,2.6667211980313117,1.8796936584499924,7.9,3,140,1
2.000067299239789,0.0354197875078095,0.05838138913207578,1.0615613647480318,2.001502606751695,2.126844766681645,7.9,3,140,2
2.006577873903268,0.03424589232779244,0.07074730936834656,1.093724682789906,2.058533171648478,2.2219071844865015,7.9,3,140,3
1.978477384109673,0.04187161354948867,0.07725744708373637,1.0770297583424433,1.9964575655720824,2.172074492181586,7.9,3,140,4
1.860209214370329,0.02638328472019942,0.04871820340174847,0.9699293690211938,1.8483502236631375,1.9574909481892655,7.9,3,140,5
1.8171359442762185,0.04646679534445283,0.04926344890772817,0.9408158614465594,1.7359748118139238,1.6121259746658323,8.1,3,141,1
2.0373460740429974,0.04659583105938848,0.06134260432748077,1.0577833598609554,2.269680579692334,2.158261752966544,8.1,3,141,2
1.98810595565224,0.02246554648088533,0.04003682693889102,1.0288099209848098,1.9976992929306148,2.074764030432461,8.1,3,141,3
2.044675580454019,0.04169089713661519,0.07249793739067416,1.147222413184245,2.2483609762351873,2.095860629356851,8.1,3,141,4
2.0747544864062757,0.03813824539653476,0.09207914350685746,1.1374343583062665,2.1325405844159797,2.3474359059501864,8.1,3,141,5
2.2176344417772333,0.04068242197284528,0.04625238780491185,1.175284189918581,2.264261661500638,2.2840575087709625,8.3,3,142,1
1.915056193023917,0.07774378727762789,0.08164511161194507,1.0881500502115489,1.88565753067314,2.039267598634188,8.3,3,142,2
2.094047711962498,0.01845931146500685,0.08384622316468619,1.1856741229288688,2.3050642810615116,2.5087454259872377,8.3,3,142,3
2.152250677490741,0.04683906724957621,0.08163700910718186,1.1506273355850192,2.129908062325546,2.309442000562668,8.3,3,142,4
2.109726260475435,0.04015740977673637,0.06604208043006354,1.1367434678667538,2.141022183259007,2.275646826090531,8.3,3,142,5
2.1370242925190785,0.03954581590493995,0.05217531012097743,1.062305002675881,2.1776121005301174,2.1551242630251553,8.5,3,143,1
2.0459258795586757,0.04241992015223991,0.04330739873173895,1.0706956714026217,2.0034745099675657,2.0596353516480788,8.5,3,143,2
2.223464108162855,0.04959162002852654,0.0508460977719189,1.0843449358534687,2.30444973084601,2.274730140608016,8.5,3,143,3
2.025734785631353,0.04601222379528852,0.08303431624230005,1.0943628489501105,2.0143990835953542,2.2027588956577424,8.5,3,143,4
2.1545400290844188,0.04507668527072839,0.0918324509672926,1.1516938332370756,2.1441530186916986,2.350002490679296,8.5,3,143,5
1.9503068300324184,0.05404859474244218,0.0906475777510484,1.094450963990563,1.9806936984445611,2.1840324785892045,8.7,3,144,1
2.136645133401833,0.03779832238382717,0.09273205832159916,1.1463782131222524,2.153943849265117,2.370621698940208,8.7,3,144,2
1.9906406340210403,0.0696134164489704,0.16266653295480216,1.0899126939903647,2.3847075346730087,2.021400733618793,8.7,3,144,3
1.8858330176319305,0.02699779781518144,0.06240961177933651,1.0159988677463196,1.9486128415854465,2.090165165545982,8.7,3,144,4
2.4062603563520364,0.06414446815912427,0.12830096192854057,1.233278731480106,2.6433368883054067,2.3692752823481813,8.7,3,144,5
2.2822966428514286,0.07266065701073235,0.09227752616121324,1.155696488131405,2.5525943485381455,2.3885912786758143,8.9,3,145,1
2.2529054704783897,0.07942323966355502,0.2837636405135787,1.32153211054861,2.7824115657032715,2.0416785731182325,8.9,3,145,2
2.144371310752295,0.03410521843453852,0.07516753279979752,1.1315165560382447,2.142764134909179,2.3140962019400533,8.9,3,145,3
2.059785250868918,0.04695137138071528,0.07865219200600025,1.052001083965369,2.218987960753662,2.0719426192465367,8.9,3,145,4
1.8440002273141127,0.02767374517623688,0.06654638778952277,0.9966083362251288,1.9109069623751285,2.0662862236275843,8.9,3,145,5
2.183775132969464,0.05121221322560662,0.04870075077701125,1.195256633826785,2.251636150308783,2.2559561690746084,9.1,3,146,1
2.277948729318833,0.04209705393451778,0.05596816354168424,1.172874970380266,2.405754148162867,2.359648510351863,9.1,3,146,2
1.8904679790461576,0.03486910626105835,0.05880538826844825,0.9346285845384116,1.9504511765924573,1.835446490532091,9.1,3,146,3
2.1598175078762996,0.08302979116437137,0.1287441280277963,1.294278047054866,2.3865745888129624,2.0907209446327983,9.1,3,146,4
2.059645915245203,0.05302129796288221,0.08447343414864752,1.0805683122773269,1.958323623411296,2.1452778651681936,9.1,3,146,5
1.9808206717758297,0.02259861354918543,0.03956217131393518,1.0471512780906471,2.079756835283926,2.150211884020672,9.3,3,147,1
2.057986674461112,0.05966221450753142,0.07922195032426627,1.084541826073999,1.9391710335460648,2.1081631023413387,9.3,3,147,2
2.184214312769813,0.04093969044282795,0.08545702626845618,1.1606751000778686,2.16889264745166,2.36404001345662,9.3,3,147,3
2.167270039547091,0.06179391734646009,0.07551718254356857,1.1491143381313207,2.1295492522796127,2.222116516312642,9.3,3,147,4
2.251627318196505,0.03563680940157103,0.08533711742490377,1.2429307697691476,2.3580196639822946,2.552653939562956,9.3,3,147,5
1.986540207840947,0.0402484681924132,0.05926189935785076,1.0682382940001445,1.9841522899471848,2.112147691725202,9.5,3,148,1
2.0932127135866483,0.01683008075243566,0.04404838171090258,1.121789255943107,2.2053510318288754,2.306101573891102,9.5,3,148,2
1.9171486979795511,0.0454171214021545,0.13413081882396494,1.0527206789883023,2.187151485133154,1.848265711894612,9.5,3,148,3
2.116735642075039,0.11485197815439194,0.3675165908112055,1.142001876738732,2.6320809009363164,1.654360350973342,9.5,3,148,4
2.1966273645014947,0.03619016241624075,0.04701207476335589,1.0555781395675037,2.1663668613039557,2.1856299631560216,9.5,3,148,5
2.190074346190613,0.04009543981106325,0.08313606717209791,1.1674005373789813,2.1910057312371607,2.377675056523614,9.7,3,149,1
2.385717672873876,0.09212809022978671,0.2592661173406023,1.3136676508754324,2.834899247309442,2.210652247666608,9.7,3,149,2
1.869810052863763,0.02043118721816091,0.06827538486192453,0.9634113221630966,1.885285429968551,2.0523850144529887,9.7,3,149,3
2.209846760030097,0.05039970567594,0.05674102690226938,1.118414753022221,2.3730697421750757,2.318538163322766,9.7,3,149,4
2.0638723114481725,0.04375952602032586,0.05855729872840714,1.1007722068398866,2.048991925170464,2.1614105777699737,9.7,3,149,5
2.1190545251382913,0.05139904580401269,0.06669645120449537,1.1413274006694278,2.1010296492257203,2.2290444853587728,9.9,3,150,1
2.284416590798103,0.02606617256477878,0.05785955857018797,1.1528952782018094,2.353000333803577,2.4891427896126137,9.9,3,150,2
2.1668173581822594,0.04856675284357714,0.0709672387727922,1.1611364093164174,2.141951374216339,2.2935518941378095,9.9,3,150,3
1.8911010980709224,0.03712030936065619,0.07969482821164939,1.032996282174293,1.9267271261291603,2.1137626739232824,9.9,3,150,4
2.006645433799901,0.05109586064721803,0.0721615297436086,1.0664193847224124,1.9807318820253867,2.101989736524575,9.9,3,150,5
0.4919063518370827,0.2203146030696176,0.08597004831620715,0.28384718482574434,1.579118893926171,1.6593783008484946,0.1,4,151,1
0.6534450059661443,0.24502629178101756,0.14088822493208183,0.27987065258931565,1.6923280195388146,1.9622656600060155,0.1,4,151,2
0.5524378114458479,0.22169608540669156,0.115365119877913,0.27743555382758167,1.5747549762073438,1.787860456211745,0.1,4,151,3
0.6570653863254086,0.2790508083435858,0.19154938899182497,0.2355913418515683,1.7735224675471466,2.1304089050269743,0.1,4,151,4
0.535688193583117,0.2037839818118841,0.08940784347745345,0.25788601274458756,1.4529077944898563,1.5653493675490069,0.1,4,151,5
2.262045835714527,0.6099496440102651,0.5915643855379851,0.6206039412491298,3.848499957627197,2.559750909834704,0.30000000000000004,4,152,1
2.498395260983835,0.6084343700895791,0.52333507574181,0.6672940547826659,3.902204542128598,2.765822356665101,0.30000000000000004,4,152,2
2.53665781915487,0.6014211047087351,0.46586256873216414,0.6484268985816517,3.8323134538934234,2.8185647769451787,0.30000000000000004,4,152,3
2.344845269027274,0.582931887206064,0.5658091345826997,0.7165006044637071,3.869150832080594,2.65968347270659,0.30000000000000004,4,152,4
2.3354614695871514,0.6010904863881474,0.5325216702825234,0.6243193543512997,3.8183746110687897,2.6632480802714293,0.30000000000000004,4,152,5
2.855385035170037,0.5885160630082551,0.7629830249553977,1.2135011664107265,4.496758705285358,2.9216512119790705,0.5,4,153,1
2.7040275272786616,0.5601255415966688,0.7906283491661549,1.1540562605681504,4.333709337316479,2.6546801230792663,0.5,4,153,2
2.6427310485471933,0.5396860190439488,0.7405920982238302,1.0551666111488966,4.127712686343139,2.532527944877978,0.5,4,153,3
2.6622904921228865,0.5945721581630101,0.7775993752996859,1.0805846912804278,4.344930152836853,2.6900760163630246,0.5,4,153,4
2.856131181808474,0.6530661442236622,0.7786442559850318,1.0634667091316965,4.550702063698035,2.9222325630057355,0.5,4,153,5
2.704809760675776,0.5377994562120733,0.7284877303155594,1.2242325815593271,4.222321900129377,2.700581619563884,0.7000000000000001,4,154,1
2.547271874572897,0.40718290704888455,0.6225139809098341,1.1725328899150722,3.782254292155821,2.434953314200009,0.7000000000000001,4,154,2
2.910830244742108,0.5819725687837106,0.7173980895528048,1.197448803132803,4.375635630679642,2.909884371834368,0.7000000000000001,4,154,3
2.9005596691783753,0.533073711378162,0.8368019806228768,1.3850597314983988,4.448989935827504,2.666758042987144,0.7000000000000001,4,154,4
3.042906664836002,0.5312685775191655,0.8433225165880175,1.5206007757754487,4.619936116744838,2.8610922207196774,0.7000000000000001,4,154,5
3.499499692874005,0.7016901171591508,0.8529223442247733,1.4836910522223987,5.072106316041617,3.475915013953267,0.9,4,155,1
3.2624229136606244,0.6211622210451291,0.7814400449948992,1.483819430008123,4.762897887102988,3.2890021647721945,0.9,4,155,2
3.1472021466662636,0.6090360572709563,0.7275379213927827,1.3386155164839957,4.548039058882065,3.1354858118239664,0.9,4,155,3
2.953236160244582,0.5684091766742057,0.7587457025895648,1.278460145031331,4.420339713772986,2.882640546088045,0.9,4,155,4
2.6822733007779744,0.46958927028237024,0.7687399119704772,1.4545409623209924,4.063049112477457,2.3507834699602763,0.9,4,155,5
3.0257885057949965,0.5703080856796541,0.7364972111192432,1.5225782295250203,4.380399530670558,2.9801611882881707,1.1,4,156,1
3.019356181430541,0.5786085250243271,0.6965925293808131,1.4944897457021766,4.356189117580527,3.1072658144431298,1.1,4,156,2
3.0770369224757546,0.5606721664207476,0.7284555248186759,1.5635839114869696,4.254969577224303,2.8728146919071285,1.1,4,156,3
2.964382302179065,0.5302456478206234,0.6998606480198923,1.4059008017027588,4.21796922217138,2.8382771440536607,1.1,4,156,4
2.656454680945876,0.562463871797743,0.7507635866694118,1.4134003155877608,4.146718295343653,2.603815384444168,1.1,4,156,5
3.3911966561669673,0.703136623061884,0.8684516323773738,1.62215714303559,4.908572386542712,3.3201757407864165,1.3000000000000005,4,157,1
2.71382186557144,0.5613685628477304,0.6774581374065195,1.590998084569711,3.801010765783976,2.563631391217322,1.3000000000000005,4,157,2
2.773928824988132,0.590529184349867,0.7105500859698034,1.486795807728528,4.044828803013328,2.7154562356359735,1.3000000000000005,4,157,3
2.8522386799771704,0.5953309250835613,0.7023654792841392,1.6439136901237263,3.965963834102955,2.738268639330163,1.3000000000000005,4,157,4
2.9421266455095307,0.586642577262889,0.6964999969985496,1.5824063920187137,4.004795421699253,2.801573431916099,1.3000000000000005,4,157,5
3.1754540115264964,0.6651259573142574,0.7567684290125168,1.7363044751867422,4.2913236130722145,3.097462252072104,1.5000000000000002,4,158,1
3.016194378684401,0.6442200910858347,0.7039667059571392,1.7323196982862394,3.9919555134779223,2.9721209438350877,1.5000000000000002,4,158,2
3.0495895071590953,0.63304387063075,0.7621219130842757,1.711621316763245,4.218210757056686,2.882752126194732,1.5000000000000002,4,158,3
3.073971498180069,0.6471439796996125,0.752531554753855,1.6632322625489278,4.1520868774756,2.89189257065381,1.5000000000000002,4,158,4
2.842566713515678,0.592573642493236,0.6888500193390455,1.5440255960775493,3.958647571883495,2.7802863874291304,1.5000000000000002,4,158,5
2.980577897499578,0.6568022004829038,0.7392730069621467,1.5734336623061582,4.097748188345963,2.889713117965338,1.7000000000000002,4,159,1
3.175205305622431,0.7451504443086189,0.8084809218709476,1.782724911125581,4.39940405376951,3.1606482087321615,1.7000000000000002,4,159,2
2.9260745179698313,0.6741504285865477,0.8002089634301621,1.7778043954657472,3.947037717242775,2.4125140933068776,1.7000000000000002,4,159,3
2.862217053286443,0.6742857637347313,0.7640546340539042,1.7050493938822868,3.9543308249470854,2.684004708215814,1.7000000000000002,4,159,4
3.055595133525619,0.7151955749847505,0.7775069609354207,1.841196787901909,4.076457121284024,2.9076220948121025,1.7000000000000002,4,159,5
2.805692592151183,0.6694770615270575,0.7115289353746428,1.6360168012514462,3.729843648067913,2.7093653775975786,1.9,4,160,1
3.0173305230747203,0.7056697733177932,0.7718204784776493,1.6343401297840034,4.087744790634399,2.9394880601857594,1.9,4,160,2
2.925763424886741,0.732440485356551,0.7655833853294767,1.726167140092952,3.863104244113486,2.7776656415036896,1.9,4,160,3
3.187304931496936,0.7561415526520687,0.8386678516845054,1.820114275876912,4.323936413569103,3.0651056004100585,1.9,4,160,4
3.0474162925435064,0.7049618151674586,0.75949354994520335,1.700850174480624,4.061810081177031,2.981499376711507,1.9,4,160,5
2.888897552376176,0.8698510680408136,0.8799967484197694,1.8741548048265344,3.862250058071445,2.6558840307054714,2.1,4,161,1
3.2098024048362204,0.8434767075827434,0.8653865398049048,1.8439148734666515,4.1404482267366145,3.070042845589077,2.1,4,161,2
3.148162630989358,0.8796479546862582,0.8872691303086446,1.8903939765716395,4.099043403011603,3.0536738107603467,2.1,4,161,3
2.7820986176799716,0.7935893750850498,0.82463971667964,1.7465543222512097,3.7861483197526056,2.605557083703994,2.1,4,161,4
3.329084285039756,0.8563361270231914,0.8751961872177928,1.8587050849029343,4.344640138314723,3.3608992475934207,2.1,4,161,5
3.2754177969288363,0.894645890262173,0.9030834546723044,1.8880684069719424,4.180688877804387,3.131543191600969,2.3000000000000003,4,162,1
2.9753841355967565,0.9008092265373956,0.8935092608304037,1.780233665445654,3.824934512128249,2.8214813314934823,2.3000000000000003,4,162,2
3.1765316391881733,0.8724972844547993,0.8751168546503949,1.8017715157005785,4.114005285006521,3.1901759437845914,2.3000000000000003,4,162,3
3.264477909393436,0.9175925259040136,0.9100330498509672,1.9495536424957975,4.061083775346915,3.1805398676379366,2.3000000000000003,4,162,4
3.078701665403033,0.8768945941889824,0.929188394840894,1.9632670695887335,4.255387394809996,2.8750190238746516,2.3000000000000003,4,162,5
2.4354386201535436,1.1570819886465264,1.0401587730318973,1.9595348385304103,2.9322430074400496,2.2730864662836447,2.5000000000000004,4,163,1
3.0750784517411898,0.9486276592381896,0.9368893955336351,1.9057661297822652,3.862172229142694,2.8168695175264316,2.5000000000000004,4,163,2
3.1494944364069446,0.997251799109952,0.984197470807837,1.964774079448744,4.1098362570186895,2.981885993291486,2.5000000000000004,4,163,3
2.940230923617903,0.969700476517196,0.9355227297906894,1.849445812872892,3.5924678458858956,2.7168631124263336,2.5000000000000004,4,163,4
3.1636748974962403,0.99458851941105,0.9756826507719,1.9985003322602923,3.938315965495127,2.89782462230696,2.5000000000000004,4,163,5
3.1925162377554965,1.038036775643254,1.01309926207695,1.9699845715888784,3.9564876639860462,3.027060173144653,2.7,4,164,1
3.278993398650757,1.1111412668825753,1.0808036060959116,2.0700382242068907,4.186448483484107,3.183624328312235,2.7,4,164,2
2.496811417605535,1.0490117632062912,0.9752344097289444,1.872943818995884,3.245033185634381,2.240253495762209,2.7,4,164,3
3.015408004065956,1.1007990222146666,1.0635810068011462,1.9862374080329492,4.015020109774393,2.968000497946774,2.7,4,164,4
2.921538614066365,1.114291085588919,1.046570670360559,2.0212393041960404,3.573410014596989,2.660106396557738,2.7,4,164,5
2.9234567619946796,1.1729664256470982,1.0934921789633467,2.0330390163761622,3.478981852676616,2.761980639970905,2.9000000000000004,4,165,1
3.180404937176218,1.1979673786210463,1.147081011275174,2.087057971630298,3.9973567806741297,3.033996730183036,2.9000000000000004,4,165,2
3.390556246041425,1.146284345771462,1.1052152599624208,2.1018370594320817,4.199571320523498,3.2558184356777677,2.9000000000000004,4,165,3
2.990981108301337,1.1126828610558828,1.093716325076706,2.0400357033594028,4.053081987566371,2.6478377062384912,2.9000000000000004,4,165,4
2.8180915082526465,1.2234504430504118,1.133390524820617,2.052884401456777,3.4842718659596437,2.6050101503795413,2.9000000000000004,4,165,5
2.949912347451146,1.1921951636728032,1.1266720468259064,2.0089337235098985,3.744938449505532,2.8879199172431504,3.1,4,166,1
3.1870297441954847,1.2417046260751372,1.1863643539151365,2.0307302721686553,3.826364695908804,3.112298584189301,3.1,4,166,2
3.0237272673670077,1.1754173411251545,1.1278678257998105,2.0100511677322452,3.908730018906238,2.7994187396888477,3.1,4,166,3
3.212152660604173,1.256764590452702,1.1904719334615046,2.1151121269978925,3.892327064459163,3.143733280784534,3.1,4,166,4
3.0817712559077397,1.1950415826485097,1.1184129507065648,2.082399499474065,3.632751907862279,2.7645235598361166,3.1,4,166,5
3.5069890053332324,1.2886229307221302,1.2405450906287496,2.204627855330919,4.3133171169344955,3.3992715478303865,3.3000000000000003,4,167,1
2.970750816364605,1.2461089058711663,1.1895468521339931,2.0214262465232182,3.802367502854469,2.833985462325815,3.3000000000000003,4,167,2
2.7565888745216727,1.2463128212880246,1.1607188607713697,2.0522467435035203,3.5251410116763235,2.5462018723361144,3.3000000000000003,4,167,3
3.3014956332804397,1.3750234291878627,1.299635412517914,2.20721772474735,4.003679093817561,3.155195572320068,3.3000000000000003,4,167,4
3.2177047332609443,1.403593242962716,1.3252977326399389,2.156583551114641,3.7745480530948616,3.1148124158092103,3.3000000000000003,4,167,5
2.9076465532385396,1.2594672661425228,1.1920971323786689,1.9142430988538433,3.5535983812395697,2.7002321913179284,3.5000000000000004,4,168,1
2.868067991126915,1.38158018228547,1.2921778617664532,2.093869713713514,3.432749671343056,2.7958787839515677,3.5000000000000004,4,168,2
3.126852044546584,1.3380360299840026,1.2663798447791832,2.0509140393335352,3.707996583787394,3.0375225449440313,3.5000000000000004,4,168,3
2.9159029894371846,1.4051094099938704,1.3117594513071005,2.0931330852749257,3.351484655941294,2.800532820900709,3.5000000000000004,4,168,4
3.1626254407132244,1.4277133299613487,1.3497992809039032,2.129385685338147,3.889398049773943,2.954708395500441,3.5000000000000004,4,168,5
3.3037045921937205,1.4661744072270606,1.3857632152528356,2.1933590836790824,3.964925590208119,3.2332352629160654,3.7,4,169,1
2.937678300853875,1.3853698948106934,1.268065232224236,2.1943835520449304,3.5486391046065227,2.533170656168235,3.7,4,169,2
3.312222991847636,1.4245405143281205,1.3329959937089393,2.2493605688294487,3.872458518987812,3.0203120284095184,3.7,4,169,3
3.015064508169034,1.4120393516263476,1.3339702142436796,2.073667903880507,3.651392340234392,2.9260943037465657,3.7,4,169,4
3.071240315854285,1.4990092771811236,1.4011390231575258,2.201119762835586,3.7206432190295455,2.939595700735599,3.7,4,169,5
3.0990389931033464,1.4720210839643129,1.4084076424000649,2.0326433294055364,3.8268892570360817,2.976464379993852,3.9,4,170,1
3.1487829933770284,1.4398465485115362,1.3513319513525932,2.142466293342203,3.760353965675609,2.843083844900379,3.9,4,170,2
2.9508260462115676,1.475842201028141,1.3893066284074702,2.0942258334200536,3.6137695578879514,2.8870236465708974,3.9,4,170,3
2.738599769325906,1.6350920860608835,1.4962400834615175,2.2371114212465493,3.1694340754602597,2.59976994933151,3.9,4,170,4
3.404731985120767,1.5294747502833457,1.4330604407565652,2.2770787017330463,3.813846799239215,3.0868953863111535,3.9,4,170,5
2.982413322835926,1.6537021770388842,1.5260341481803843,2.294627762108065,3.4603481167647057,2.853087095551413,4.1,4,171,1
2.808931037988244,1.6423382688183783,1.5124503366934925,2.204656387194717,3.206565281017175,2.6074241674176286,4.1,4,171,2
3.14970876848444,1.610521922351904,1.5095781984760428,2.225345955642006,3.7616571848849216,2.9922526112705112,4.1,4,171,3
3.202969662263093,1.603598673627479,1.4821704285499682,2.2979411615419973,3.5742460237934406,2.891697030533754,4.1,4,171,4
3.1556202744042463,1.752767916151711,1.6532426482192737,2.2831219341734794,3.4392971077778967,3.0725456956886292,4.1,4,171,5
3.268365123353083,1.7948053563273645,1.701659144979874,2.28678970275924,3.727393399693155,3.238962570757544,4.3,4,172,1
3.0297726891848553,1.5270458977123094,1.4259407007889395,2.1862966113228985,3.68593748879737,2.7815154797067048,4.3,4,172,2
2.858540025162114,1.497323109362633,1.3922629270757545,2.170774738576378,3.554155589935412,2.7052751318533987,4.3,4,172,3
3.056869448941014,1.6605494804471643,1.53863186232207,2.316135644885059,3.548006873685898,2.9407795628975193,4.3,4,172,4
2.8267863744379147,1.6297062055679212,1.4957821688441415,2.2443887020301996,3.498673542994823,2.5913193493414988,4.3,4,172,5
2.8625926863042106,1.662985763575488,1.5463465565382744,2.203934535907021,3.5382523288684733,2.6944962020513508,4.5,4,173,1
3.252409560903491,1.760441915888391,1.6482353919865036,2.344590229004604,3.877644140245359,3.0750944834967577,4.5,4,173,2
2.67968681530469,1.6196770074568378,1.4903199725143503,2.168505834619754,3.2821027463793087,2.506980813958508,4.5,4,173,3
2.857271878202647,1.763898899315502,1.644207462381418,2.150935318426741,3.4689813009093244,2.6255873202480355,4.5,4,173,4
3.168771718990848,1.8119824714010233,1.7154283333465858,2.2606952590564435,3.454262085400006,3.073549231495806,4.5,4,173,5
3.2995072220015937,1.8452374878370073,1.7292022914285765,2.37774341710962,3.692313195358748,3.1172088820297543,4.7,4,174,1
3.0139974528362745,1.8332772468163,1.7266110255346692,2.2144715617952953,3.3525449724233516,2.8938804427523688,4.7,4,174,2
2.7901365894694545,1.91692019690543,1.790147216097074,2.252013413085443,3.0903828774945428,2.7140772685877113,4.7,4,174,3
3.0241989625793524,1.795977329943925,1.6612389694964511,2.2933081471317114,3.711041022905508,2.6028623624241214,4.7,4,174,4
3.0581835682437877,1.825957158084041,1.6889419004260509,2.3262719421351408,3.564263498417409,2.7319355197580375,4.7,4,174,5
2.8521596980612927,1.8352984584697225,1.7108262742634153,2.1905356171402715,3.4150724935124064,2.628354119359497,4.9,4,175,1
2.8858982807103324,1.899488169115125,1.7596780520460211,2.314509585862115,3.413159055796935,2.766828386553284,4.9,4,175,2
3.2107734560772236,2.0342290475175373,1.92074752850504,2.3925862523407795,3.3905253370463613,3.1211723253261874,4.9,4,175,3
2.84884665874145,1.6636750896551582,1.5784439791905358,2.003154457701755,3.4929138832424607,2.728720535903663,4.9,4,175,4
3.264525116672662,1.9293730975068135,1.827937349383848,2.377341341091258,3.714121906472061,3.304020263699303,4.9,4,175,5
2.990333656571045,1.8012607267854044,1.7091639366359743,2.160451637366648,3.525653729531113,2.942932233021429,5.1,4,176,1
2.6945324235886425,1.958359307756449,1.805763937662531,2.276166952594508,3.310543183925219,2.4495874430986415,5.1,4,176,2
3.425414105583869,1.9896130873410935,1.8900389352107168,2.3768299492927163,3.993730337309183,3.425959326430943,5.1,4,176,3
3.1834949295923924,1.7411003989789866,1.6278789215353124,2.2832507107711684,3.845747638440252,2.878621032988959,5.1,4,176,4
3.1965189867954007,1.8275408630049848,1.7140660929727582,2.329436937050932,3.724988509311606,3.0265491269320624,5.1,4,176,5
2.7249089866194423,1.9767962599532451,1.8018298032873912,2.345424066896327,3.0989097728732937,2.3856514430650764,5.3,4,177,1
3.0507218814093044,2.0732516126305924,1.9298525240398043,2.3991242796779324,3.4311525366025295,2.862808800951557,5.3,4,177,2
2.9872943709402806,1.8995554276716624,1.774601546729789,2.2877323841351576,3.46242864080186,2.867952630906751,5.3,4,177,3
2.9807626862743204,2.215976311602124,2.074329699875419,2.414766640539725,3.1636068348761786,2.829021425456693,5.3,4,177,4
2.9935438804721604,2.1616165138822487,2.0469175026810302,2.365101980960864,3.011502439428011,2.9002252199229575,5.3,4,177,5
2.9362815677125083,2.0070173393047117,1.8646675950745195,2.3206212662603867,3.3560679267570457,2.7010779227814607,5.5,4,178,1
3.16735727431469,2.1815559548410755,2.059120420949584,2.398877132375941,3.3107525581771635,3.0058251415563464,5.5,4,178,2
3.5586374511776633,2.0246829855751676,1.9280169264768272,2.412499410901217,4.042030648106537,3.495125513518088,5.5,4,178,3
3.1324033911720552,2.0412500268370426,1.9021432911254428,2.36806586566116,3.622856883364023,2.860541681528901,5.5,4,178,4
2.985868939154427,2.151074636368497,2.02025930577171,2.391246653845706,3.2620784079135627,2.9041215650209695,5.5,4,178,5
3.192152770714379,2.090123151752255,1.9273175942067424,2.5102769862400844,3.604063363202952,2.934405432661942,5.7,4,179,1
3.298069861339209,2.0988653725795534,1.974189974046704,2.4183878543475164,3.687919201787211,3.096052273236265,5.7,4,179,2
3.10753517686771,1.9622502984903876,1.873356596390676,2.1575039671178193,3.724269176489513,3.0016492137478727,5.7,4,179,3
3.271738280834121,2.3379901210316425,2.208765995965227,2.50062063869463,3.721025793955851,3.21996075473634,5.7,4,179,4
2.809859669612085,1.996395506410093,1.8693384957719292,2.233466255073017,3.339528357087836,2.7088948316688217,5.7,4,179,5
3.255438029571331,2.2937877794864163,2.169860963961273,2.4657690168322044,3.428093387373581,3.1361614737122947,5.9,4,180,1
2.8945397571384035,2.136846624692656,1.988892677594176,2.36389894438695,3.2582316726809175,2.7008767699559173,5.9,4,180,2
2.9291181411569145,2.239122169690816,2.058772580314316,2.4349428691449444,3.314857518535993,2.534544694272032,5.9,4,180,3
3.1303916169541637,2.2620250622456495,2.153228784567605,2.4212875527065214,3.418390013349959,3.164319078003892,5.9,4,180,4
2.930475743475786,2.303532751164533,2.1573198284880686,2.3985044303304073,3.0796156903270613,2.718661186625887,5.9,4,180,5
3.307390614689663,2.344907283593687,2.225168710978634,2.4957424832319286,3.6223441651691113,3.2680378067471514,6.1,4,181,1
2.8173929418610233,2.276173435611433,2.08572409136492,2.442994502373548,3.136288225989323,2.4524583723865403,6.1,4,181,2
2.732018856245909,2.2715277765562374,2.0836127954277717,2.400329750021412,3.0591364694328576,2.3472624964895763,6.1,4,181,3
3.052909167807668,2.273014564782702,2.1220551705131596,2.4574519490259688,3.3298805069446993,2.8717323757728632,6.1,4,181,4
3.077855063339283,2.3968049931917217,2.263593973729603,2.470009337891182,3.2812116227354773,3.0164873019202427,6.1,4,181,5
3.148264202636437,2.328720613541107,2.2100192904731477,2.3712639341801953,3.550754338486237,3.0083159372571404,6.3,4,182,1
3.272679903060896,2.4120276660060105,2.297414169389133,2.434836151014294,3.6401965170402897,3.210051502700164,6.3,4,182,2
3.074133100040755,2.2597243661447304,2.1791363846451337,2.2714973593561925,3.3451201632510994,3.182158284278742,6.3,4,182,3
2.851177781757529,2.269659735758859,2.1052136676543505,2.3880676877225593,3.108585804785742,2.5238969155349467,6.3,4,182,4
2.917858640421017,2.132877617155986,2.0012451788616357,2.246704128597198,3.607638958206152,2.611744788771721,6.3,4,182,5
2.9745972383530352,2.2793120019391155,2.1546786702253815,2.317332915438164,3.3527329011282787,2.8272906757488747,6.5,4,183,1
2.946001567956123,2.09409545101281,1.95275174125467,2.3255311179358515,3.49595293535743,2.657387738958459,6.5,4,183,2
3.0472584980375745,2.529954723601045,2.388732463150653,2.491473989921324,3.220220014019709,2.9435335578416315,6.5,4,183,3
2.906602181814246,2.2155064074859943,2.046028871378566,2.446265926541912,3.3270386150195117,2.649145717574101,6.5,4,183,4
3.0146124876938867,2.415011289957026,2.272747269266096,2.4130458151159964,3.2482820513834163,2.793931438599336,6.5,4,183,5
3.289008438170528,2.307289124284938,2.21988324936943,2.268835708085931,3.721276865122096,3.26231677328564,6.7,4,184,1
3.030158589049111,2.357066204238176,2.2093368706171232,2.436218934167728,3.2889506073964703,2.8372984878033116,6.7,4,184,2
2.8373479657430374,2.3736492091493755,2.221408811311594,2.3884888980528785,3.4012991388550624,2.737196153962136,6.7,4,184,3
2.9245705708925307,2.7876122502393557,2.6472807794380815,2.5794558865128687,2.760860459603435,2.8598429369579454,6.7,4,184,4
3.1748702665072885,2.7028567907594168,2.569755589917987,2.5678452760147352,3.196987238559265,3.0835143288411615,6.7,4,184,5
3.04876736538139,2.70327262875303,2.565639639054731,2.5634495318984714,3.1136049291839454,3.0087956203628794,6.9,4,185,1
3.0928244728785685,2.4658003492032825,2.338835042652874,2.4186044512191702,3.475600401340962,3.0033595645177495,6.9,4,185,2
3.178707764744453,2.5718717081672446,2.426714190985812,2.561506949567359,3.430357803325445,3.0985369042069095,6.9,4,185,3
3.4117813405941058,2.3398449436074382,2.2157503153691764,2.4811581446609634,3.808876580520637,3.23361521831293,6.9,4,185,4
3.3246593104914046,2.3659711840818702,2.209439122843987,2.543864177381157,3.715654492926793,3.0174317573733336,6.9,4,185,5
2.9321277352685895,2.577485544546183,2.433037398284937,2.4309683201074543,3.1908622091403673,2.7733605701091344,7.1,4,186,1
3.1507532733480033,2.611527776591592,2.4495980586849893,2.550067725502372,3.3434014299380737,2.9207407713862135,7.1,4,186,2
3.0802239844871138,2.4530254142919827,2.2737225898350695,2.513516673997516,3.3845770030147784,2.6819731887581075,7.1,4,186,3
2.9272751052562107,2.7036928056756775,2.567410514003042,2.591198379788551,2.8736261758539494,2.976101093096299,7.1,4,186,4
3.1256727539662883,2.3242159887194265,2.189027095247142,2.360266761412989,3.763122994723489,2.9285063089996997,7.1,4,186,5
3.204004749178646,2.7422526470365503,2.5988487441542514,2.5914886255169676,3.349233816785788,3.1050718722441477,7.3,4,187,1
2.9527217519247797,2.811818695195732,2.6537948366615707,2.51290886681079,3.1825258152392033,2.783051385962543,7.3,4,187,2
3.073373405605731,2.8576826066372956,2.6732600609544153,2.6441528550641156,3.250449859805795,2.8534819971774947,7.3,4,187,3
2.9255548060016574,2.7758206308005873,2.624339267849648,2.5090687148215354,3.0853482195482984,2.802551240081294,7.3,4,187,4
3.221176359419418,2.7290928005717676,2.574974019901764,2.5776322372498357,3.4736715707916535,3.056819789578629,7.3,4,187,5
3.2912680276269928,2.955169586895646,2.841638545864962,2.6372533076557088,3.3227139949694418,3.328398444090988,7.5,4,188,1
2.923091000142711,2.8187229419017235,2.6594034976638814,2.5269204423930756,3.189905563342341,2.780515671482073,7.5,4,188,2
3.037282239013567,2.959938047918009,2.8052207006938903,2.5391613197002485,3.2119341852179053,2.840067882358488,7.5,4,188,3
2.8608406796889585,2.51904651193897,2.3625862559816637,2.3746859609087068,3.2607970594910403,2.609383076462255,7.5,4,188,4
3.12736231469727,2.6087559509261933,2.4637196477580603,2.4843626932370495,3.2957651762427576,2.895031744927715,7.5,4,188,5
3.119293745489215,2.9918422308262342,2.8190599104730385,2.6507112764032352,3.2871256673694287,2.9440124188815524,7.7,4,189,1
3.391379901259494,2.865299853888569,2.731579331247293,2.6512238884105717,3.5226745827278267,3.3239725074087274,7.7,4,189,2
2.9601543976454727,2.707048815815823,2.5509829179967016,2.496716862565705,3.3328446620407934,2.8356939658701887,7.7,4,189,3
3.0640980365627697,2.7675189376625924,2.6222021411328997,2.535045868055044,3.250615831773464,2.9645244582512476,7.7,4,189,4
2.802129689941399,2.9392430545364032,2.784461742198174,2.550254000641675,2.8588423948708086,2.72497850764617,7.7,4,189,5
3.1146747962022623,3.1909051327529707,3.0093678467362572,2.7288687770127553,3.0678339340701446,2.9120405692182203,7.9,4,190,1
3.1204310376063207,2.79472564120705,2.6514804162539085,2.541582564274861,3.2974787867719684,2.9898511384228947,7.9,4,190,2
2.907423016484569,2.888082299113026,2.7189264917965255,2.5985954419394774,3.051766671025603,2.8078913625489004,7.9,4,190,3
3.1409470879063046,2.838924506210943,2.663347601147442,2.6677244504469826,3.2980581262346806,2.972201919418395,7.9,4,190,4
2.9793625775839407,2.8801385718071124,2.7323222431518923,2.548108656759007,3.307296736457751,2.9698555495624612,7.9,4,190,5
3.304428689878334,2.860652774319016,2.7334234030586044,2.534588231488289,3.593542892501452,3.211508879615188,8.1,4,191,1
3.117091385024005,2.897855310647688,2.754884531821444,2.525171214351727,3.2641650016814032,2.9404585440927167,8.1,4,191,2
2.8182038305393027,2.828428477213501,2.6762538135780627,2.537781969820083,2.820324778467664,2.745106875411026,8.1,4,191,3
2.974484682227897,2.7658454541949613,2.5926007573603793,2.5421068498831856,3.0016844261736857,2.6501873185578977,8.1,4,191,4
3.149434844551484,2.8956933911333795,2.7326410816344953,2.5646579849934548,3.267553199434232,2.83150533697192,8.1,4,191,5
3.140177379270846,3.076817705992886,2.93540359734372,2.538826099964331,3.4341018479962755,2.99790769180018,8.3,4,192,1
3.3645139202497005,2.715063596532643,2.5824558972666485,2.4458678373404705,4.0063793793134295,3.2946967857396925,8.3,4,192,2
3.3262144375131073,3.270712078440929,3.116407650682486,2.7033549739320626,3.393851809087934,3.168726252327863,8.3,4,192,3
2.9990441928765175,2.76024850022352,2.634741428354032,2.384740845261583,3.275261706958744,2.853315719714201,8.3,4,192,4
2.825236830394755,2.999922713738634,2.822516674734392,2.569865297350476,3.027184421067744,2.6493084818644417,8.3,4,192,5
2.9697041984652968,2.7737440249046683,2.6375306618399037,2.461906516324943,3.152610832365912,2.831835038242079,8.5,4,193,1
3.13341969047425,3.157531782609723,2.9821404566200815,2.67479561499485,3.275518266180056,2.9200174910194203,8.5,4,193,2
3.4700149206792044,2.9130776883929355,2.8059393402440405,2.582324371528444,3.583826905285602,3.4170485463727713,8.5,4,193,3
3.0623335266916336,2.9823025501546483,2.796985236240127,2.581312535116778,3.3580642971513845,2.736040581782091,8.5,4,193,4
3.1744264411751857,3.1650095001742966,3.026837391359927,2.632845480643267,3.288071290016042,3.1248708840129575,8.5,4,193,5
3.1214605109484395,3.190485223212914,3.035626651533922,2.6385023438483035,3.083973740204275,2.928380733685594,8.7,4,194,1
2.835857417429054,3.0786272705517037,2.882981866667659,2.5890503648755736,3.132254386301011,2.53004107934127,8.7,4,194,2
3.20600265778022,3.1982417721720022,3.05489321764632,2.5970999298924156,3.141121151930332,2.9663349685758633,8.7,4,194,3
3.2550435222244976,3.1501598995586497,3.0182292316188937,2.578562067263294,3.563905605316655,3.202801262068229,8.7,4,194,4
3.145438232786963,3.451709811418577,3.2889276040922,2.7559536736433823,3.118104800308607,3.0632043443377412,8.7,4,194,5
3.0566856766386854,3.3289864403537446,3.147379778812441,2.701469894884211,3.148935809401393,2.8523168625202144,8.9,4,195,1
3.359024582779341,3.3034440741883406,3.1551068809796554,2.690107986258685,3.350752460207845,3.1625628225432334,8.9,4,195,2
2.784936087165186,3.4515144659849555,3.2926892734494584,2.630985402795044,2.6477433457029074,2.64425051363114,8.9,4,195,3
2.980306116420202,3.248458449278586,3.110138487439083,2.5959008881499175,3.0323661581482333,2.9236985971567586,8.9,4,195,4
3.263905621974257,3.030983383961084,2.9257800973341275,2.5168677238600723,3.4825206647556133,3.2948106070203793,8.9,4,195,5
2.9475740482302073,3.385380151979306,3.2179366258832394,2.6946556249627873,2.7380688133028803,2.7613918522365006,9.1,4,196,1
3.026573918774479,3.2909621675700484,3.1448512274565967,2.5812710453340912,3.0999714503988858,2.865555563314647,9.1,4,196,2
3.231098408762886,3.001916814759717,2.8207267620917262,2.671574098867652,3.361667232663826,2.9215405120970668,9.1,4,196,3
3.080947536754673,3.119244696135855,2.9712982876019836,2.576583968052601,3.203137789714637,2.9317113448386185,9.1,4,196,4
3.2402591808388035,3.034163010007384,2.887243315691,2.6021591290594133,3.495258872762168,3.106050749874522,9.1,4,196,5
3.077951734107598,3.1224809065881445,2.970886572223386,2.6064007941274294,3.2769226213632643,3.0068255763723237,9.3,4,197,1
3.188950399716086,3.30801235571805,3.1448643120526536,2.6759531486588237,3.3383080435650663,3.0310349685863947,9.3,4,197,2
3.1295639334646292,3.374575211621391,3.220135189792398,2.667504406453889,3.357359740346563,3.0672112357031804,9.3,4,197,3
3.3927218150219915,3.336332406583729,3.187535919815098,2.6964825719405248,3.6361241757664744,3.2737412108614397,9.3,4,197,4
2.7031936168743007,3.542807924194295,3.3687448802900013,2.6464956703186435,2.590055346922143,2.5306619545772815,9.3,4,197,5
3.4037507655150834,3.3080345825645403,3.1820119148496446,2.669721830683988,3.3102636470420506,3.256477780656005,9.5,4,198,1
3.073617878884733,2.9742826766237385,2.822443682697691,2.5010649479319595,3.621193480496544,2.937757090639907,9.5,4,198,2
3.1334226949639574,3.3860995697932967,3.251723838869826,2.632758152190799,3.218440497744749,3.0754492613723414,9.5,4,198,3
3.1874676238872772,2.7644691581574614,2.5911959379744403,2.4946427941969342,3.875709054887101,2.596544306803149,9.5,4,198,4
2.829021478669069,3.6267044430424047,3.4288562463551693,2.7326300907914862,2.830557954235069,2.6291917525071633,9.5,4,198,5
3.181700010799231,3.40900339061313,3.232748328523617,2.7547609190723263,3.121435623868273,2.978451608319982,9.7,4,199,1
2.842704221041185,3.506511346211056,3.3455323038534472,2.668019820867671,2.9634172529674347,2.8304329561175874,9.7,4,199,2
2.988034174626746,3.379812848976741,3.224113781620301,2.5850820278555195,3.1346997061263613,2.8033810334534217,9.7,4,199,3
3.0114375399770235,3.5667143434631585,3.432796021603354,2.6192044229717326,3.118714106954411,3.0148840038662006,9.7,4,199,4
3.156146002741572,3.247846934615348,3.0831513820891723,2.654137511683876,3.469285267518842,3.0211414079784498,9.7,4,199,5
3.4428031005726094,2.808534795871981,2.6739997133850797,2.5398184230442578,3.9824676025229993,3.3264897231051354,9.9,4,200,1
3.257000720811141,3.7438392126471833,3.599189152054836,2.7552252001193205,3.1217316125705654,3.125574805538218,9.9,4,200,2
2.8923828597402546,3.6589084354748937,3.4997750654251103,2.5945628039566775,2.9690331941321473,2.716613894414731,9.9,4,200,3
2.865776290831944,3.861002559524455,3.7144103654883143,2.660483981986961,2.7733389294128763,2.7654858247621137,9.9,4,200,4
3.2385187051688327,3.4328220432324184,3.268964412756616,2.7004952913426967,3.3896994401848723,3.066327990371102,9.9,4,200,5
0.27371169305293086,0.2607123712097389,0.24584893602808144,0.40264295002259953,1.967937257286735,1.4406284584643887,0.1,5,201,1
0.28721153215421263,0.284277699516472,0.25745599107922923,0.42953637396561617,2.1267746381039205,1.5800474656828878,0.1,5,201,2
0.30890759671736023,0.2607997433923096,0.27128838122857946,0.4189720438218297,1.995460168906982,1.3963393323566142,0.1,5,201,3
0.239448148218746,0.2543004229253064,0.2504540871852595,0.3952152269780804,1.9233900879801769,1.3800783340162734,0.1,5,201,4
0.293756424808161,0.2648624770731063,0.2599465551384147,0.4144766499771607,2.0068953060302195,1.443053985762866,0.1,5,201,5
2.049704210722637,0.5125600007873582,0.9115193194847062,1.0729852579166117,4.039407633963194,1.8964043746148544,0.30000000000000004,5,202,1
2.16766253206264,0.576837418375811,1.0453765560081998,1.2046178556924436,4.4879802246873215,2.05610105357157,0.30000000000000004,5,202,2
2.1293867114560454,0.5364061314562721,0.9089115478617276,1.0812036515026082,4.145980580396647,2.060284208375817,0.30000000000000004,5,202,3
2.0465115500908846,0.5541417667481204,0.939907313206199,1.107501712934171,4.227043498448738,2.059432569945165,0.30000000000000004,5,202,4
2.2238069912914216,0.543655075810796,0.996639104216962,1.170308019878245,4.317351664961194,1.985065161519332,0.30000000000000004,5,202,5
3.334369340917017,0.7845099291157394,1.288209341239842,1.4501348071290283,5.47957397301523,2.666411582232382,0.5,5,203,1
3.162484707615612,0.7764274025046127,1.1929737093374069,1.3363536288342204,5.251621700369339,2.617150185967003,0.5,5,203,2
3.157296233118085,0.7681609439053021,1.2265141960675237,1.392558149338955,5.328277930711658,2.641018222389957,0.5,5,203,3
3.571768400027546,0.8139927294226242,1.2684894096505424,1.4892822716021352,5.646255981269286,2.99066593087517,0.5,5,203,4
3.0673934322638323,0.7719366536637324,1.2341512846787646,1.3662295700863103,5.253909845735288,2.4612891943926503,0.5,5,203,5
3.4270533651956367,0.8716572960926307,1.2881249842247453,1.433329338839272,5.551455576140701,2.6481542439635586,0.7000000000000001,5,204,1
3.839999268542934,1.0539724500445875,1.5351647448437769,1.5903424057614648,6.430494122567478,3.0265299773123098,0.7000000000000001,5,204,2
3.5855846633539055,0.901621675197699,1.3147554486632715,1.4796457877461708,5.771171431460039,2.9160058368705113,0.7000000000000001,5,204,3
3.393098913275156,0.8573741415516277,1.241416977227299,1.40504737644635,5.483996192683265,2.734395302341962,0.7000000000000001,5,204,4
3.3925744779041476,0.8668552629562628,1.22005083852019,1.387627845094257,5.416975809326051,2.6456190766557097,0.7000000000000001,5,204,5
3.419392980142505,1.007038612813751,1.294505349716612,1.4154627572115508,5.679748044109119,2.523284996698548,0.9,5,205,1
3.8367697993744216,1.11270631960067,1.4618265878608483,1.5418580549111474,6.395044610450911,2.997185740709073,0.9,5,205,2
3.9804274321292614,1.0850220054990047,1.500111268444722,1.6731935922348065,6.544556008532424,3.2730644172424537,0.9,5,205,3
3.506898599893319,0.9064491314484812,1.2317533355231205,1.4663584055009335,5.510863943430639,2.700766330629175,0.9,5,205,4
4.052415146481169,1.1575755751958456,1.5978449165737227,1.6711535436741762,6.782183739839721,3.199184151034999,0.9,5,205,5
3.664834099605462,1.1487777200905105,1.4453785331539852,1.5965034887027147,6.275086002124369,2.7099502736236483,1.1,5,206,1
4.043634915519811,1.2961224423885431,1.6036979452239022,1.6614076373689344,6.971536409299222,2.93351958248212,1.1,5,206,2
3.5561516609897463,1.083070223573799,1.348449743520982,1.5489336808824778,5.990434341869645,2.6722521626161297,1.1,5,206,3
4.380618843817767,1.270018809482891,1.673534589172051,1.8400765265145096,7.32049883695133,3.601134543472928,1.1,5,206,4
3.61523683276335,0.9978412480840092,1.291573088955706,1.541137471345898,5.859374016284066,2.935288990249182,1.1,5,206,5
3.65967376341667,1.0687481529353566,1.283234370549454,1.602453675864349,5.925150950608412,2.8797974203028813,1.3000000000000005,5,207,1
3.899155121513001,1.2260216110476074,1.479801206949788,1.664562795985733,6.579359192538455,2.8189861646374905,1.3000000000000005,5,207,2
3.922572836817264,1.2018768236554864,1.4387293015918732,1.6586591511407105,6.517119058613502,2.9747618039276538,1.3000000000000005,5,207,3
3.973516753017044,1.2197319889535574,1.600346421903643,1.7990485863772865,6.795464971720269,2.896045862039284,1.3000000000000005,5,207,4
4.024933994812658,1.2740574024097306,1.5476465509552315,1.749492309730257,6.960754913611414,3.139273565192462,1.3000000000000005,5,207,5
3.661248242330126,1.1930881441258876,1.3562358014114575,1.6719117641177283,6.166892667845578,2.622582696109598,1.5000000000000002,5,208,1
4.019145131316688,1.3115315918227648,1.4852425556775364,1.7629790887580608,6.816004111134319,2.8904206241564165,1.5000000000000002,5,208,2
4.1412331042726205,1.2609450573529792,1.5147857565625156,1.7984541234580114,6.764883289104849,2.9706124523937425,1.5000000000000002,5,208,3
4.283570053872955,1.4340932709297411,1.6606267988345291,1.848240382293195,7.613262711910009,3.315704782805879,1.5000000000000002,5,208,4
3.8662823850608663,1.1678671363603503,1.474292545819304,1.7653515378815006,6.385498394839824,2.7743660927801064,1.5000000000000002,5,208,5
4.049155072437953,1.372449551228365,1.5455405840590408,1.872480515861282,6.987347871664041,2.693761908546447,1.7000000000000002,5,209,1
4.6283246599877295,1.6397781874059856,1.8433368354130415,2.1275005236470954,8.607094566658583,3.4380016259478525,1.7000000000000002,5,209,2
4.121389554381527,1.3642208895209869,1.4820275831347716,1.865301169408534,6.955898703323234,2.9566122120508656,1.7000000000000002,5,209,3
4.004988991663049,1.3577692964666008,1.5350263062587284,1.8465485060739797,6.9675393705437445,2.7953196699016716,1.7000000000000002,5,209,4
4.024596999257251,1.4010170453993158,1.558705152620302,1.8898033747606529,7.059635762415121,2.827343055795439,1.7000000000000002,5,209,5
3.949937115580571,1.2622074007129316,1.424388180040258,1.8166672619411577,6.551150004992536,2.9030638368634003,1.9,5,210,1
4.36477586293856,1.4460180615471048,1.6034597298083786,2.060728049941077,7.417823592608849,3.2206898771829566,1.9,5,210,2
4.036186453313385,1.3412736821050923,1.519397470464379,1.962480000588656,6.930547769243593,2.971166869868825,1.9,5,210,3
4.062161661276149,1.245362010884104,1.4556735220307546,1.927131589819492,6.645296497549138,3.1523429870627955,1.9,5,210,4
4.466342294393496,1.498009128355793,1.7340522063741317,2.073880687815042,7.916534679379069,3.346301210446247,1.9,5,210,5
4.031077478483908,1.340861104446917,1.54818287529974,2.0500683708055214,6.902391689998221,2.8869447568764084,2.1,5,211,1
3.852918558228029,1.2961138932278764,1.432213345362745,1.948164862498716,6.504240046132493,2.763586236910456,2.1,5,211,2
4.324052417922634,1.3220146328941458,1.5522511446875646,2.0126988983442304,7.058285884194179,3.2488620382512776,2.1,5,211,3
4.413380271899349,1.4935965441490413,1.665029361555257,2.0857239714911335,7.644998898167868,2.9989651387671907,2.1,5,211,4
4.025460029844001,1.334352081691275,1.5044736538822034,1.9803272216743932,6.871057128897657,2.934120189519368,2.1,5,211,5
4.058923182774825,1.3939700942899174,1.5423066339440723,2.0766435182643965,6.981123127416142,2.8848772219805996,2.3000000000000003,5,212,1
3.7016849319939182,1.1949092842616578,1.3808882839823695,1.9044130917040132,6.012034247311193,2.865266707556418,2.3000000000000003,5,212,2
4.522716246176228,1.5248070489811465,1.7865402741085643,2.206967827036846,7.999682150792508,3.3596495072307233,2.3000000000000003,5,212,3
4.1364464776249195,1.3005149302641552,1.5457719138720434,2.002724512787579,6.864707222551157,3.1156179981990992,2.3000000000000003,5,212,4
3.743204690876578,1.279093234715166,1.3973046568356866,1.907852145458512,6.2347651630007555,2.5836406721299463,2.3000000000000003,5,212,5
4.4749040009152266,1.56781720730191,1.8038130239425192,2.2419539079973485,8.180799629878736,3.23752389939776,2.5000000000000004,5,213,1
3.707444327030384,1.2479377377537364,1.4080423631056442,1.970871494986655,6.07294090608776,2.6620587069416466,2.5000000000000004,5,213,2
3.649297462194408,1.2764066274760968,1.4410558228889607,1.996881901112146,6.068765918239974,2.589100138409224,2.5000000000000004,5,213,3
3.807433641958387,1.2811270029360478,1.4946723534437587,2.0198052044112154,6.279608480295727,2.6655782297746953,2.5000000000000004,5,213,4
4.314264889116368,1.4569050996461423,1.6525809022286877,2.1468391574627295,7.431173616324321,3.0699236720348093,2.5000000000000004,5,213,5
4.19375005592224,1.4876243353095675,1.6817084877450774,2.1435587930265987,7.437733263047921,2.9177795620755935,2.7,5,214,1
4.336375507904002,1.5716110431732435,1.7273865081548712,2.2521079793634327,7.848670954205923,2.9819315352884224,2.7,5,214,2
4.03657523017207,1.3277663456423976,1.5898437944133066,2.121555499355288,6.717181787693962,2.8287325611426044,2.7,5,214,3
4.243308988815856,1.469700010054883,1.652672915362032,2.178527105323619,7.327536097422891,2.950860127721767,2.7,5,214,4
4.254136007098664,1.4335042150188786,1.64836399716503,2.2136859508068167,6.685081119074333,3.2616689725667865,2.7,5,214,5
4.029180585628338,1.3799940360354417,1.622331068414002,2.1639563955842744,6.832805017429636,2.79461810265954,2.9000000000000004,5,215,1
3.9219227836038386,1.323334612391607,1.5666314616085877,2.107138178331058,6.41623430489302,2.738970860656967,2.9000000000000004,5,215,2
4.368327127421712,1.518266818994811,1.7239029169455116,2.2701416066383042,7.615000016065077,2.929462691221671,2.9000000000000004,5,215,3
3.9079714298823176,1.2638632572946111,1.4810419714434908,2.06760966339511,6.174020078325961,2.830541567827457,2.9000000000000004,5,215,4
4.476508126957948,1.5162640191846333,1.7351039068835692,2.261735825295178,7.7329913520992735,3.2475873435677767,2.9000000000000004,5,215,5
4.2239789598950725,1.4731246313790118,1.7171627099947284,2.2749985173326497,7.270820938222422,2.7996435205556596,3.1,5,216,1
3.8054973091678903,1.349117794888358,1.642799942719864,2.1716723785147543,6.371272863444231,2.393897309677721,3.1,5,216,2
3.7285937412414,1.3202861135785409,1.5920990941355455,2.1051270305249847,6.218004238628097,2.512887381973297,3.1,5,216,3
3.730231926459194,1.277312463799384,1.5507931071674004,2.106822087557189,6.051099311387216,2.708431688856628,3.1,5,216,4
3.837305464267345,1.3238510332050393,1.6176074154202835,2.1601052231726703,6.516206240420379,2.5853456576867635,3.1,5,216,5
4.103496232264517,1.4192436923710816,1.720481212262358,2.278312959392088,6.833023719616748,2.8047350309729335,3.3000000000000003,5,217,1
4.396044437441454,1.602765391834307,1.8570122501706272,2.3220264308724547,7.923373299720767,2.924138094638779,3.3000000000000003,5,217,2
3.6967530862062623,1.2287198136466144,1.5652290933473545,2.1014725337757416,5.730779288922966,2.438512015708015,3.3000000000000003,5,217,3
4.0178099693360805,1.458769338958236,2.321914925315423,2.381907488217716,7.047026460876034,2.704968985756821,3.3000000000000003,5,217,4
3.8946814061314337,1.3705904286669968,1.7336064222542582,2.232417666519334,6.625276178261466,2.6374464355566634,3.3000000000000003,5,217,5
3.722598305398664,1.3504944664195229,1.7255412451779566,2.1366348754854156,6.188519197031374,2.4796547797609376,3.5000000000000004,5,218,1
4.536012468815206,1.5622707937287994,1.9155953341756644,2.3618584047597424,7.9299353779183,3.059457813612744,3.5000000000000004,5,218,2
4.222184920191514,1.3595612544718287,1.7177999958575616,2.302948913245106,6.701271793526084,2.952555782622871,3.5000000000000004,5,218,3
3.8744396320381855,1.4129363841708833,1.7957513186923306,2.2683533139890306,6.557899749449371,2.610395007429742,3.5000000000000004,5,218,4
3.923253190674642,1.3951240622623773,1.8356146605708057,2.293854975718464,6.5700350929968145,2.6470220760497987,3.5000000000000004,5,218,5
4.274532530589429,1.5345801114436364,2.0393431174468035,2.379756357504638,7.446264892247594,2.904199634159287,3.7,5,219,1
4.195869784369906,1.4891907902977153,1.9278984127536043,2.376987822213409,7.059812632793544,2.6101542378768334,3.7,5,219,2
4.0542492671115955,1.3830368585450978,1.8001266517272168,2.2542798024847936,6.613978848147868,2.8586601679805677,3.7,5,219,3
3.937833559633116,1.377667755870717,1.7666929718481663,2.238611806581435,6.498035073296809,2.6912340278593487,3.7,5,219,4
4.213814635661916,1.4364682984282369,1.832230456864435,2.317804273454134,7.1421541558871215,3.166080695029469,3.7,5,219,5
4.198859837690231,1.4609298498337489,1.9183382726470943,2.308130885933132,7.280453434615557,2.9309590448048226,3.9,5,220,1
3.967151771605781,1.4244438851309,1.918535409748347,2.3456468272913686,6.656956669746207,2.608297093799537,3.9,5,220,2
4.2164846444761945,1.4410220852738709,1.8366001607183309,2.347305649731653,6.993750221407862,3.018905417520502,3.9,5,220,3
3.927238878676116,1.3580363969220517,1.8170318896209856,2.236219827725962,6.543091204341477,2.561567662824949,3.9,5,220,4
3.704519814500806,1.3363645932918258,1.7636452384106371,2.1833702253622316,5.805763113501916,2.5628121221710076,3.9,5,220,5
4.276292829221336,1.4451352543792833,1.9290871854981215,2.4912730476586247,7.169309208053945,3.100576910699785,4.1,5,221,1
4.181497883815165,1.4969642149032805,1.9968144990623804,2.424925591732909,7.04761116296876,2.682014531273375,4.1,5,221,2
3.987639496470605,1.4301651619436084,1.968134226783818,2.393787298702652,6.499713908115548,2.628622205131327,4.1,5,221,3
4.119531744842111,1.5011878118514423,2.0135580788354854,2.39514510814211,7.31208732432282,2.6749718587524733,4.1,5,221,4
4.206956139890035,1.5228592321883712,2.0201140568872833,2.4098841835756346,7.199351461001204,2.951409078646323,4.1,5,221,5
4.007732399944004,1.457841351810792,2.0226513273972206,2.416980590839757,6.827337474967548,2.636964311593216,4.3,5,222,1
3.9003690871371752,1.6487397143854456,1.9762443928487603,2.6005940926968965,6.164493508917694,2.6458926977008423,4.3,5,222,2
4.04040972443211,1.4580616792100805,2.1192176095871926,2.435313616545389,6.900836657247807,2.6709135177836285,4.3,5,222,3
3.969792061032289,1.4063909548991478,1.9574620324445091,2.3048273123791203,6.564407047068509,2.703084759803309,4.3,5,222,4
3.897372868516008,1.337918549642801,1.7152860722346663,2.2694835815190895,6.024844700741901,2.8982797434602054,4.3,5,222,5
4.2223353077088,1.498625492648699,2.059508588539105,2.4339001657007824,7.386258626857032,2.8567942003162616,4.5,5,223,1
3.9891733242860097,1.3881981648758217,1.9014909600782743,2.3363238720116675,6.367950133462777,2.95403278507276,4.5,5,223,2
3.979772805813057,1.4967224897004712,2.1576544274153755,2.4681465417602606,6.7575218857538095,2.4608478584156397,4.5,5,223,3
4.1067169848477345,1.4776036846108134,2.0545186873987573,2.3994131880434035,7.0896933252648,2.858185437003282,4.5,5,223,4
4.248639727753102,1.5440489179180554,2.178255795662587,2.4887111720778186,7.4748587613005375,2.890813281049798,4.5,5,223,5
3.7755921754564032,1.398115123184252,2.060372246770234,2.343331565286136,6.203566332561384,2.5785561769546157,4.7,5,224,1
4.454484700349156,1.555587799622944,2.11968982506459,2.465419230758231,7.718992905411557,3.247562504412685,4.7,5,224,2
4.010338111368429,1.4214183163646568,1.997828432930918,2.3335787583321026,6.684757055147596,2.737765861641198,4.7,5,224,3
3.761525836728191,1.397971164354156,2.018218974452737,2.353963685222596,6.074299405166064,2.502750686620362,4.7,5,224,4
4.17400965195532,1.5097447719220427,2.239320305185497,2.4803055813641883,7.032064444668949,2.791626546942089,4.7,5,224,5
4.007361300089543,1.4136037285078666,1.9057231738602516,2.325785650878907,6.189930144297337,3.074524307068534,4.9,5,225,1
4.05260203431434,1.473193450721493,2.3421040015932846,2.5218014499107566,6.910391143866788,2.5705506852761615,4.9,5,225,2
4.382080268833878,1.5546171955105648,2.17744057500555,2.4925167403068644,7.556964127513584,3.12324316901076,4.9,5,225,3
4.1348938222432094,1.5102211812617268,2.3250806937929744,2.5075628279771864,7.2891416435733,2.658108581186343,4.9,5,225,4
3.8661392425624506,1.4931668522259922,2.0579681129266096,2.363160513631021,6.168066617219965,2.742912825893175,4.9,5,225,5
4.117907205427233,1.4386613074194203,2.2057029346050365,2.4362307648986987,6.960603588387456,2.739859418006507,5.1,5,226,1
3.815214275351257,1.43840519767261,2.251964800313674,2.4321167290893317,6.21627424100835,2.5908533136581324,5.1,5,226,2
3.775867370758101,1.3664911662384214,2.2306691532458567,2.357888127651343,6.148685551718962,2.554992614361561,5.1,5,226,3
4.064686871613397,1.513429887770735,2.3088387517058053,2.4574425154237285,6.750490952218571,2.7138011472834624,5.1,5,226,4
4.069308009557104,1.4410341475076194,2.1375866995933768,2.4493635469586654,6.819087194725987,2.7814383331802355,5.1,5,226,5
4.4424746557530375,1.6260498795303515,2.477666752814985,2.56992175282131,7.812736037174369,3.006833833741816,5.3,5,227,1
4.158568431322884,1.5451187986377444,2.3019387288889614,2.494330941864433,7.205692993545014,2.78527104921813,5.3,5,227,2
3.5556283958975032,1.4475193267976636,2.471245976664101,2.389886668276471,5.5064979725978835,2.3989074825088816,5.3,5,227,3
4.433842664775911,1.637148707917642,3.466683713691454,2.775259542073204,7.955790821059106,2.9533183699710386,5.3,5,227,4
3.965298190267986,1.5166520774465433,2.300829949887849,2.490607857978232,6.7619463891664715,2.7802920080826152,5.3,5,227,5
3.9218856118956897,1.4556682784891246,2.306747620604128,2.4202982545122698,6.26000529088469,2.7965735652107626,5.5,5,228,1
3.797935774258514,1.5067680070404612,2.5356483008157813,2.5392539427528993,6.383683221172264,2.3941977275276853,5.5,5,228,2
3.939214720284876,1.4901815262577758,2.493117871769715,2.5251409226800954,6.800222856277282,2.620099185006829,5.5,5,228,3
4.214784465607239,1.566380717663067,2.562956549456755,2.5866375449784713,7.425665255795511,2.8130422482706705,5.5,5,228,4
4.259515308692543,1.633476264912236,2.3012057870983536,2.560471345478226,7.005019460792227,2.982378001096998,5.5,5,228,5
4.192659738184242,1.8138658470568148,2.6214126460438245,2.7501477469091515,6.856526944281922,2.744781835539208,5.7,5,229,1
4.152576253062016,1.5026046176994303,2.546111620864109,2.5432010011887662,7.201879285605973,2.7408026042310385,5.7,5,229,2
4.323003732208404,1.4811295738433887,2.0187333031600403,2.6295676297777923,6.7658408114656705,3.327920886190937,5.7,5,229,3
4.136404172105753,1.4808707010378992,2.340429393846182,2.468215768885945,6.966503216740361,2.799462540239719,5.7,5,229,4
4.280027047694215,1.463841334994752,2.3394753218447772,2.558761253979109,7.1944579705412695,2.86079553113503,5.7,5,229,5
3.906743237205223,1.589630488942159,2.7202900997584285,2.5838286522971496,6.316410287629863,2.544004100608294,5.9,5,230,1
3.930030486501532,1.41601350401899,2.465503203353753,2.4683006473211675,6.541055187540768,2.585916449901928,5.9,5,230,2
3.9227778941370457,1.6024104098073086,2.658649033095585,2.543775806866888,6.737241266726145,2.6634222465562636,5.9,5,230,3
4.153638883016441,1.494852237857032,2.3192302310959776,2.4994342528662017,7.071259056612302,2.954778423196823,5.9,5,230,4
4.046672860844621,1.4446516860433616,2.5991581963459436,2.56693217811276,6.824039436980409,2.534586131699618,5.9,5,230,5
4.151932339844258,1.5120559577580996,2.4863230939778425,2.508562198794247,7.070452433792314,2.9455261960187924,6.1,5,231,1
4.135394404714869,1.5447903976583004,2.5915488921222787,2.58126793044996,7.158358719633282,2.782836691092472,6.1,5,231,2
3.989920427604776,1.4654381753448766,2.6287458014803615,2.555987425577307,7.054975735171999,2.6535343963716564,6.1,5,231,3
4.006925010931549,1.4908761751146646,2.4339657951662454,2.5062291480677237,6.557001753547525,2.736328031730954,6.1,5,231,4
3.903531068308072,1.5243088477880922,2.64817297133639,2.6115178865167263,6.541153193545629,2.547857971082528,6.1,5,231,5
4.321727096312061,1.606041167871607,2.723504266715727,2.6246891212221697,7.564339060179048,2.991462012561469,6.3,5,232,1
4.035901598865297,1.4974327694343947,2.6550146466345774,2.591887549527212,6.986293191787788,2.5989832347143644,6.3,5,232,2
3.894193556981751,1.5916899102081057,2.85437411257801,2.6368311063127594,6.682662645694053,2.532496381150892,6.3,5,232,3
3.819769520665123,1.5001343273973156,2.8006257677203035,2.5901796556562036,6.72287444692766,2.473279227552009,6.3,5,232,4
4.09370680735467,1.5099787332217944,2.5154765764261717,2.5634647570880555,6.849922133713483,2.766151737864615,6.3,5,232,5
3.653907386861382,1.4082369716689835,2.879421145484266,2.581447242401772,6.286207856784706,2.2760646517030585,6.5,5,233,1
4.1899293397406785,1.5341068765255608,2.949422131023661,2.682541643702817,7.297129502567278,2.638311062828653,6.5,5,233,2
3.8740632687368466,1.5873500846203925,2.7055341895457152,2.531145096124486,6.144145438724436,2.6233604581272747,6.5,5,233,3
4.189074007955528,1.5624000469562334,2.698346972148137,2.6625804967610818,6.915211565584878,2.858058934108557,6.5,5,233,4
3.9713478435255607,1.474279696431601,2.7513082199696273,2.590295557254118,6.826135251590606,2.594157916833551,6.5,5,233,5
4.073299773995346,1.5709909236680868,2.6749816938129243,2.6568580483610273,7.274065685389155,2.558581597803463,6.7,5,234,1
4.173369617778871,1.5576013430799351,3.0340673128864166,2.6530533386741837,7.334263886930492,2.7689650271843225,6.7,5,234,2
3.907017798099545,1.5899793722964592,2.912375104755162,2.641205603510711,6.508503116661048,2.5350840578117495,6.7,5,234,3
4.145782791412332,1.4931698948817735,2.720446133408788,2.57939610907647,7.199245380222978,2.8639470870491786,6.7,5,234,4
3.985230636546183,1.5517871041710507,2.9669730578526994,2.65239140378427,6.690588084544059,2.5017866275415837,6.7,5,234,5
4.2883009148509315,1.58717722788829,3.670377337686873,2.7579509737256207,7.646993012234711,2.725126908762467,6.9,5,235,1
4.155573991230714,1.6487026884687588,2.9945180717400106,2.679692594898583,6.882794285918899,2.7766197476844736,6.9,5,235,2
3.9789684725696257,2.0052398740301673,3.154186977057223,2.8355011589108456,6.131992780817423,2.589604753145969,6.9,5,235,3
4.3218633510002675,1.6967815477392822,3.087884554495315,2.756248036541703,7.630895795842229,2.8167659069879827,6.9,5,235,4
4.309752029333204,1.650149473162687,2.9259170463556936,2.649782873214779,7.3828622194453795,3.12617520884687,6.9,5,235,5
3.766175783276624,1.696505341849059,3.0098518628575164,2.579017397324852,5.894754741652487,2.5278780856266256,7.1,5,236,1
4.216131589530515,1.5246588950571467,2.83830939751111,2.661980772445416,7.173227851239607,2.6539056303612636,7.1,5,236,2
4.402750968844427,1.5968311894946208,3.442439936257277,2.79073718399268,7.949183297945333,2.778602522792138,7.1,5,236,3
3.874083483330651,1.5293592827066158,2.8150022194361415,2.5675350289229404,6.249644755580387,2.549561941422325,7.1,5,236,4
4.2001838338409465,1.548146319153563,2.945864485754927,2.640428984186537,7.292550380400695,2.859675637222854,7.1,5,236,5
4.3169002575375774,1.5936316290219898,3.1127702423915156,2.78387226691577,7.648680793571046,2.6489799885752157,7.3,5,237,1
4.2228756162257435,1.65703059094476,3.031288609000651,2.7274966884799667,7.299648431898113,2.8072250850169893,7.3,5,237,2
4.004957201170041,1.5708837378281677,3.824266027511548,2.765731739105805,6.731876943243807,2.52917281267797,7.3,5,237,3
3.649457937708355,1.8448785894339808,2.6896971116576394,2.569076489918441,5.0755046013037175,2.630673488599232,7.3,5,237,4
3.980167705887608,1.8552725630277929,2.646298357366722,2.4745492577230284,5.863334164764311,3.160222414774491,7.3,5,237,5
4.146486581848077,1.6126387817071448,3.2598014998038316,2.7605973164976976,7.479650548894058,2.684137942285446,7.5,5,238,1
3.810682042325891,1.5583984646598503,3.148470675936646,2.601499309894069,6.0753315974525,2.461187457485069,7.5,5,238,2
4.496085694657049,1.6693031491483217,3.096643925600748,2.7174950091579557,8.417366205039585,2.889521901981934,7.5,5,238,3
4.022856315507583,1.4792957081504607,4.315224961001988,2.782488740332012,6.705601975801509,2.472283417387428,7.5,5,238,4
4.082728626842004,1.4724574856573844,2.765090022596586,2.5340294020744043,6.743491593843282,2.859616080076563,7.5,5,238,5
3.9820935204650536,1.471998046037737,3.0802703350713783,2.6426120497868717,6.811942550470926,2.5660118183823277,7.7,5,239,1
4.081708671835756,1.493376129712102,2.9086200252765013,2.6438501526112583,6.917232948285505,2.59562543127151,7.7,5,239,2
4.276194077336685,1.5734569819652562,2.86782491192873,2.6690980791151864,7.505052195139977,2.6830251722526293,7.7,5,239,3
4.141221186516751,1.5301721584680603,4.157043563049383,2.785990719089872,7.303995017422563,2.627442693422445,7.7,5,239,4
4.376295172605822,1.6438028700846554,3.0595108272050338,2.702575815205968,7.571039120109536,2.990930592440146,7.7,5,239,5
3.8457515126929542,1.627079743338915,3.3045909774368227,2.6209933881030794,6.309786091132874,2.638376144095392,7.9,5,240,1
4.206442754323481,1.5809922808571408,2.9951177187192077,2.628917248311794,7.171334906538457,2.763891137066871,7.9,5,240,2
4.461930575408156,1.6755951406467529,3.116568133044852,2.814451734376252,7.8971784551433055,2.860925849776745,7.9,5,240,3
4.217503239409748,1.535036068926885,3.260219325358207,2.65643764875943,6.96793143095395,2.8991548742977353,7.9,5,240,4
4.0259198987312015,1.4836111459974282,3.0915602646839377,2.632470770783154,6.554563181232703,2.6241400491371345,7.9,5,240,5
4.330520099921152,1.5750112765020454,3.1330291985240457,2.714843187203222,7.547174817316782,2.768176512618368,8.1,5,241,1
4.066654409008043,1.9345989221200717,3.589006410781284,2.8137584448781334,6.9337038680991805,2.516170248598156,8.1,5,241,2
3.843935450115868,1.6194761513167282,3.394423054901836,2.6839280686702316,6.231002195601705,2.5585214705096484,8.1,5,241,3
4.353958719674173,1.5342807057509151,3.097059696276863,2.7314451124455066,7.475425015340489,2.8648268313995393,8.1,5,241,4
3.98562395003518,1.4923211021711602,3.2660699421539654,2.664318699626474,6.982417235828109,2.6508003726462817,8.1,5,241,5
3.9743313837345977,1.5532240480785795,2.68957508370913,2.490057128554157,6.144854490555652,2.7701342139014753,8.3,5,242,1
4.03081915809724,1.6471661036115286,3.4977387723010636,2.741215955046672,6.901641665524108,2.612234274956424,8.3,5,242,2
3.983006052454403,1.5220147820720888,3.261786378025936,2.6862336841161043,6.6707150944675435,2.49422069791289,8.3,5,242,3
4.117889475982289,1.7156992219175513,4.075070051070154,2.73287415668355,6.875749581892586,2.8104737569031,8.3,5,242,4
4.2874985357779485,1.5792945001801006,2.970830299292334,2.6742399252236573,7.469334513561124,2.847645469997877,8.3,5,242,5
4.57457621839366,1.7976322981567368,3.5633972551445563,2.8384560404081034,8.169444146003034,2.9935910284759326,8.5,5,243,1
4.10720749057249,1.5819009847599643,3.665402576758829,2.798627427280794,7.151002865261958,2.7215731782914387,8.5,5,243,2
4.371133525748532,1.61905445076512,3.330361729420672,2.770309010270569,7.343500129348613,2.8195061881800916,8.5,5,243,3
4.093101322529221,1.5132687891488985,4.585165599631188,2.86440899928804,7.029147664419868,2.458882708153436,8.5,5,243,4
4.117947488413156,1.5433079712362625,3.2376686542176625,2.6794405578425877,6.710285066038615,2.70780547396141,8.5,5,243,5
3.819258745733062,1.5262932327584076,3.651698122701744,2.657990794658472,5.934142228711776,2.3768133296117098,8.7,5,244,1
4.171061022060742,1.5538174868664305,3.3206738527906445,2.722695224889861,7.415483887800576,2.594684016016854,8.7,5,244,2
4.5341653843809695,1.6987141176408116,3.612160385846944,2.8680687140487127,8.420014179733606,2.8050323172858,8.7,5,244,3
4.040232472595396,1.5910330374078607,3.5593555031592565,2.760454263895398,6.852669592882113,2.61235040907043,8.7,5,244,4
4.130222278083628,1.73196125294902,3.4001572359317995,2.7523974368910777,6.8881792518236225,2.660345406897233,8.7,5,244,5
4.402380888481468,1.7276971916349202,3.4906162018625864,2.8248643939130225,7.614791343873008,2.7793177028280995,8.9,5,245,1
4.221190204200111,1.5512917684731846,3.2769276003105543,2.726511916361029,7.302404161347262,2.746874369999545,8.9,5,245,2
4.009337339318281,1.5573706253528907,3.6583053373317767,2.7645384581444765,6.906076996205623,2.376811589428562,8.9,5,245,3
3.789307366239667,1.5105266819428855,3.460366608945275,2.6171785243266568,5.890969331023256,2.479997408833144,8.9,5,245,4
4.259882735200184,1.6187845991788614,3.243904923722425,2.712462075853456,7.613514074936122,2.8090603372973892,8.9,5,245,5
3.7177620036923265,1.4865664944953756,3.690310572890883,2.663498019108586,5.882353171512231,2.393172771928149,9.1,5,246,1
4.202880927150893,1.4857883645299808,3.3172492212007283,2.705761106309223,7.257779879577294,2.647641851601791,9.1,5,246,2
4.228773683923951,1.6851333011703298,3.791590751081646,2.8532717713245623,7.360564350849027,2.690528233374318,9.1,5,246,3
4.29295370089516,1.5586598148330115,3.754253749532212,2.809771309087297,7.461822993303787,2.660849599763481,9.1,5,246,4
3.716757737404985,1.5113929937243629,3.193153229701099,2.5588839926444304,5.5862929980354235,2.508511096496919,9.1,5,246,5
4.288443898218528,1.7988219281807651,3.2690159549968167,2.776872568564305,7.373251211822986,2.895673603273528,9.3,5,247,1
3.660618165345696,1.555855012115388,3.725064057640509,2.705705845557514,5.8040802757572365,2.3540079042407593,9.3,5,247,2
3.7705017390173663,1.4317238559667531,4.004961443547448,2.7577154125114016,5.915136454493359,2.1897853027105763,9.3,5,247,3
4.005457068774228,1.7452436317161233,3.63411668971918,2.682747133114886,6.388070622580263,2.6682529630209433,9.3,5,247,4
3.746945951050362,1.50369867454211,3.369276496881356,2.6141642649596633,5.804944637236662,2.4545308007605176,9.3,5,247,5
3.801678117585227,1.434733506517053,3.400684690156379,2.6839847082653425,6.5985908831008135,2.4115375338958582,9.5,5,248,1
4.276388021119065,1.6125721671463635,3.738941509931631,2.795112554440481,7.676939499383397,2.699987988714354,9.5,5,248,2
4.0674321636688315,1.4922971723836354,4.153474254579765,2.7659029718613763,6.949645459682538,2.6306387259707806,9.5,5,248,3
4.239948275731643,1.747860663280718,3.947195610216906,2.885270446752663,7.306799998062875,2.64411360382849,9.5,5,248,4
4.239708443686455,1.702150014301936,4.0954178309551885,3.0470511182182327,8.012828714851652,2.365582737616337,9.5,5,248,5
3.7474375662915578,1.47870225376545,6.685188582696022,2.902517125515534,6.210787148567056,2.3263566060771934,9.7,5,249,1
3.880581934519717,1.4671253086417042,3.7493643319372665,2.683280949684695,6.409493330697624,2.397274523882561,9.7,5,249,2
4.0867729953938605,1.6312248266314262,3.971267770510914,2.7963126065749555,6.871069194233343,2.638318546906142,9.7,5,249,3
4.198805440579943,1.6182201571049273,3.5236447493768273,2.7204314848791644,6.745327168621428,2.883231207463871,9.7,5,249,4
4.03172976766793,1.5142399311460806,3.5043303879255725,2.719905654810655,6.702252996741334,2.542508209682936,9.7,5,249,5
4.153495872895505,1.5285385540054952,4.153676734285395,2.8118918862162756,7.17210456445274,2.522391284384387,9.9,5,250,1
4.255402156387395,1.445836465826095,3.0729867668451036,2.819928799772709,7.043497541372548,3.018663144243891,9.9,5,250,2
3.773935574525833,2.2044754401623887,4.267402817418863,2.8527809868700937,6.1326744323023155,2.478074172588479,9.9,5,250,3
3.4553821214796776,1.6882964689912847,3.2101810514755074,2.506199842809012,4.82614015192911,2.457087263315319,9.9,5,250,4
4.40262283256056,1.677462833719163,4.017005462332623,2.9178352487440757,8.258646577800164,2.6335161542073933,9.9,5,250,5
0.21105840449582663,0.3883202932759851,0.10042190267592728,0.3130191112784136,2.4147843041327515,2.406573987014746,0.1,6,251,1
0.2826026118441811,0.38603967822214413,0.09304889999379357,0.3393833106812404,2.4494813418228456,2.3860430186339068,0.1,6,251,2
0.2264949152603253,0.35214340413331235,0.09611036655332644,0.31457169812590136,2.2466943962752945,2.184436752942252,0.1,6,251,3
0.2324580057993767,0.36096021288992425,0.09285250718080146,0.3164803523227157,2.2907535886288213,2.2494501587774027,0.1,6,251,4
0.24794267013836693,0.4200813229843215,0.10785373895768469,0.3238444465159483,2.5827345090655673,2.579633117933591,0.1,6,251,5
2.2809502381567683,0.6806657414331876,0.3601918668059706,0.7684630496891737,4.322678815306273,3.614668025903947,0.30000000000000004,6,252,1
2.402332373288136,0.6786337511520062,0.4704245718348422,0.8957537465877422,4.489188032249713,3.571694137667841,0.30000000000000004,6,252,2
2.0586770323733266,0.558964382209693,0.6194570414717859,0.9145850051963094,4.006797780915791,2.7811928339266445,0.30000000000000004,6,252,3
1.9957292482212907,0.6249741444045469,0.4916263318119316,0.8665621182188855,4.221429591596015,3.281660153970664,0.30000000000000004,6,252,4
2.009209983144689,0.6026784745521792,0.5133274542642755,0.8710404215280023,4.128186972731491,3.1479459688968636,0.30000000000000004,6,252,5
3.95811066825679,0.982987705209019,0.7590384744888892,1.2283782558215994,6.050570305358438,4.564561730709065,0.5,6,253,1
3.650485647900791,0.8984614819885406,0.7280756932247803,1.177309563430034,5.654596738543098,4.270707179007253,0.5,6,253,2
3.4431126748982948,0.8531051517595206,0.9202342414097447,1.2786246720370298,5.584077858824862,3.8667728324830617,0.5,6,253,3
3.5142258284687333,0.8654028551716524,0.84596129944282,1.2223304243269209,5.57144577110355,3.995751160940185,0.5,6,253,4
3.6499196235112774,0.9266448307921016,0.8135296442067563,1.2641995634847965,5.868356693616555,4.343505722976268,0.5,6,253,5
4.501203420743566,1.1362267475478052,1.5060380999550456,1.7931816434847732,7.117966473144271,4.4673522582392495,0.7000000000000001,6,254,1
4.6708710470478785,1.2354686184323092,1.2147904087642865,1.4585328156418105,7.198751622953036,4.846754777331107,0.7000000000000001,6,254,2
4.130188564890886,1.0700649609036763,1.3879208376723475,1.5223455357663696,6.609087452194412,3.969913586123341,0.7000000000000001,6,254,3
4.598427535733155,1.2017050393298936,1.1682973510841628,1.4354606191406414,7.048377761515095,4.797076831390674,0.7000000000000001,6,254,4
4.421447833252986,1.1715264657428042,0.9383955853540862,1.268881659570671,6.786071040666898,4.832213610380219,0.7000000000000001,6,254,5
4.837630249516701,1.401277361340084,1.5051882386399065,1.598601649780745,7.936268011678683,5.035036649383877,0.9,6,255,1
4.351903630007458,1.3213891540406082,1.82480382844548,1.678971279800829,7.649013199724126,4.052089193185222,0.9,6,255,2
4.583505426125141,1.375434681569272,1.608945410862216,1.5370294121952115,7.776108638732688,4.576323307167432,0.9,6,255,3
4.743292042902349,1.4221324966369588,1.645068119857922,1.5712289834602702,7.9925408607583,4.771806419006803,0.9,6,255,4
4.5262002991376775,1.3731587549223367,1.7671896590013791,1.6591170297278617,7.845408076267685,4.4249419801505825,0.9,6,255,5
4.749491804084805,1.541337376977076,2.1312569989097687,1.7764758477605105,8.564552856196304,4.216380374861096,1.1,6,256,1
4.986474509037123,1.6253763854612258,1.768733907925109,1.595818111409018,8.834721175837005,4.89495884817694,1.1,6,256,2
4.549832939202158,1.526536966506965,2.2192662468292785,1.810674797020456,8.491433429646548,3.8127475670270257,1.1,6,256,3
4.3693675257824145,1.487076749739476,1.893017559921008,1.5873655520477337,8.137417867167676,3.893793279081432,1.1,6,256,4
4.8780205401382215,1.7023640503812882,1.965411073295127,1.5797647671622383,9.144378693676328,4.6843216711264,1.1,6,256,5
5.2627448660045095,1.8954699043857577,2.5241089664975407,1.9441869592728325,10.191727887404948,4.979628772826939,1.3000000000000005,6,257,1
4.664723812285844,1.672579071456352,2.2802845579513864,1.842721020200987,9.066378579361066,3.9890913348074193,1.3000000000000005,6,257,2
5.055136073021382,1.8365771910940232,2.4215799397228235,1.8860009841809524,9.882283006813344,4.637951389768577,1.3000000000000005,6,257,3
4.950787411158254,1.762675478378289,2.4066884615930464,1.928450678524528,9.552751313220528,4.435968218688405,1.3000000000000005,6,257,4
4.938072650522237,1.7768303886375327,2.522684231386922,1.9361681163192963,9.635571607111965,4.516785138760354,1.3000000000000005,6,257,5
4.628335133353678,1.7851096574540888,2.501686413711626,2.017562227869235,9.597485121364828,4.259960102197914,1.5000000000000002,6,258,1
4.9832991041624455,1.8939307759923256,2.5733091173123093,2.0748469634544193,10.130417461985402,4.392435623199558,1.5000000000000002,6,258,2
5.327319463621897,2.1582214945585125,2.941843206729566,2.1101733860835865,11.454675183414794,4.838693482743411,1.5000000000000002,6,258,3
4.807721553626925,1.8717406637889744,2.4910303931559397,2.073264374933647,10.040310903462805,4.1148193243312585,1.5000000000000002,6,258,4
5.118795207353962,1.8966020912724288,2.467761513572675,2.1041980731113146,10.206637988707016,4.433721831163037,1.5000000000000002,6,258,5
5.003654861139765,2.1622273674389487,2.696223749190243,2.4591463640818683,11.496683736975404,28.46392954063768,1.7000000000000002,6,259,1
4.382396846578419,1.8324613595224777,2.2240360516980595,2.239592546193275,9.590419681718842,30.455555825390125,1.7000000000000002,6,259,2
4.785654917987845,1.9992421531129816,2.40381262849748,2.2897557698734774,10.585935440009877,5.268360444390986,1.7000000000000002,6,259,3
5.175020105551142,2.100265279205704,2.835147921847359,2.31857669273451,11.174682628405291,4.3170204082492925,1.7000000000000002,6,259,4
4.874259644019091,2.0048885600815436,2.4847986777506397,2.4059777389769756,10.756682223418212,4.563011566267334,1.7000000000000002,6,259,5
4.87979622757773,1.9827460239995265,2.7625247626363865,2.5508143498355333,10.598028010798911,3.9611756531957942,1.9,6,260,1
4.660065523851997,1.8727683621060975,2.5429224861217654,2.5750254806387876,10.088973760634104,3.4301651737976213,1.9,6,260,2
5.0777396675697455,2.150930463397287,2.6357255059000138,2.767052818426138,11.57540473776207,4.088206316489203,1.9,6,260,3
5.012336630583643,2.2298468289561737,2.3970213953337196,2.7552469290364843,11.98223969550116,17.244684975522105,1.9,6,260,4
5.204912866885027,2.005399498417471,2.667728958179822,2.824117655175413,11.050084980600117,4.387633286680447,1.9,6,260,5
5.359574231414951,2.3552429730733753,2.915045920935086,3.326892070564488,12.895165309070128,451.3845716732673,2.1,6,261,1
4.676188324499048,1.942357930717146,2.483750041503469,2.6696576984952243,10.278543753321662,3.153513912381631,2.1,6,261,2
5.190494560815339,2.21117418334586,2.943575097405098,3.1504677213687446,12.044716871821656,4.076330000892266,2.1,6,261,3
4.887045331773991,2.172537365724901,2.936265606220956,3.294189400132501,11.644470530643945,13.941992312425102,2.1,6,261,4
5.5647211593560835,2.426396958418217,2.8410771057797928,3.2993637374149705,13.459107546733245,34.36656400291203,2.1,6,261,5
5.473414437306338,2.424211521976495,2.8746894472281217,3.762157862872567,13.563651946870191,7.3452203179567,2.3000000000000003,6,262,1
5.002205577337966,2.2854206569429865,2.9212866935562847,3.775677394609947,12.53248482072583,10.403541802398044,2.3000000000000003,6,262,2
4.732847163635222,2.1941376618317823,2.5512522299208777,3.505239238630152,11.716046670939484,40.29213646617983,2.3000000000000003,6,262,3
4.820307741527776,2.1505865086740767,2.422318358019121,3.536721431343159,11.52873326686396,84.80397101245691,2.3000000000000003,6,262,4
5.0453314114819765,2.2513322325332905,2.681123796232125,3.5963936916626364,12.256833586756509,4.329068429512978,2.3000000000000003,6,262,5
5.834480461064417,2.5471681630335867,2.6234795263607618,3.325084419746061,14.468848399921145,21.100332264822185,2.5000000000000004,6,263,1
4.72693372916118,2.1659233170844763,2.5180780605609705,3.738515700518913,11.608020988678671,3.843472477142628,2.5000000000000004,6,263,2
4.65587232946302,2.06919205500167,2.725399996972425,3.2752629294844793,11.119133105154658,3.0510155634229736,2.5000000000000004,6,263,3
5.074852533822529,2.178532235497287,2.693513330636476,3.777422715612994,11.788086250380768,10.800846630221656,2.5000000000000004,6,263,4
4.7345143647817585,2.1488136596221517,2.4564309534549085,3.728785749800107,11.437576863493472,15.063740954256874,2.5000000000000004,6,263,5
4.9912187523138565,2.2382163765027263,2.768207072179646,4.22563631422907,12.361380226929771,5.586883980214033,2.7,6,264,1
5.142825676501883,2.3258857984270773,2.628766417121745,4.475361144943374,13.060305421057558,4.525336931292971,2.7,6,264,2
5.280656695168775,2.3322408976696347,2.8460279436070732,4.541912669226571,13.187660846793849,4.371815071080734,2.7,6,264,3
4.8776107999984575,2.1221987863715435,2.543271481860806,3.795597268422557,11.47400406085613,6.8570307990028425,2.7,6,264,4
4.999362611042478,2.0035538528538885,2.5278751909217054,3.875158509249216,11.559045605461808,4.999010926960173,2.7,6,264,5
4.601826858657489,2.152091074969069,2.5694324376459603,3.938036991316653,11.565020529670411,2.7598567704886374,2.9000000000000004,6,265,1
4.871227183349894,2.1748552210767076,2.572893692042661,3.945574203681775,11.780767052966365,2.849886708687555,2.9000000000000004,6,265,2
4.752039991072145,2.2154951626263717,2.515601738602165,4.436408458075951,12.082309652965796,9.001491229727012,2.9000000000000004,6,265,3
5.139411407839202,2.3388427080323435,2.815100797347295,4.900544198874498,13.305652342838414,35.983191272688416,2.9000000000000004,6,265,4
4.4415317185922385,1.9848752474784812,2.43574053048346,3.711850455515938,10.382572702950227,2.315922285995983,2.9000000000000004,6,265,5
4.901977260459143,2.2047081909620596,2.5483046719752065,4.417663383218992,12.11112493347892,3.0513357943917043,3.1,6,266,1
5.490507925709621,2.446098798984192,2.9676162647813085,5.594961158331939,14.577401250084932,199.4008004942459,3.1,6,266,2
5.353747827415652,2.447398784680755,2.8618920501577363,5.040840673594652,14.34925135815363,32.44106791402867,3.1,6,266,3
5.065001936668675,2.253229071785727,2.827611213275639,4.868536576329308,12.788324040247447,94.4476043481925,3.1,6,266,4
4.560344486350328,2.1170881705929525,2.418013017540711,3.885656870636751,11.244356787830696,2.6922091882327495,3.1,6,266,5
5.180939492861435,2.3092584036197863,2.7556298560200028,5.056948480268033,13.304202542664084,6.1055476475461745,3.3000000000000003,6,267,1
5.244498850096266,2.375975826268254,2.894918822315145,5.801311574753274,13.983358392082446,11.103536317827077,3.3000000000000003,6,267,2
5.045742277414244,2.32808280826373,2.686233853353225,5.388639752097862,13.384842608216823,7.642964194949941,3.3000000000000003,6,267,3
4.970344269862761,2.2585059385939767,2.6441495002413307,5.053040763641205,12.659980261375168,4.640203534614809,3.3000000000000003,6,267,4
4.520472198149597,2.0800034189283254,2.4685000708420084,4.050142507506683,11.088670334871097,2.427085504302458,3.3000000000000003,6,267,5
4.789948347659725,2.2064377500451977,2.5740848725549896,4.6603751119879835,12.15700928172384,2.9003922917020004,3.5000000000000004,6,268,1
4.490078156904016,2.112723936549557,2.4211932369368028,4.386274058119099,11.167653858741335,4.88376337855538,3.5000000000000004,6,268,2
5.233201918365772,2.3600619974501966,2.8209804375578225,5.696393492198205,13.87498769856062,12.780149520163665,3.5000000000000004,6,268,3
5.347144569375542,2.3690078565859505,2.7824174340508208,5.698491752009572,13.896808456026523,44.30400190873438,3.5000000000000004,6,268,4
5.0803844307593,2.364231583221563,2.8196350018392087,5.646597440950283,13.81208361668146,10.02430597420417,3.5000000000000004,6,268,5
4.537063816808688,2.1233980614409806,2.553105731549651,5.0446886928602,11.292042119075491,12.426769766706808,3.7,6,269,1
4.679097186138961,2.1412088563400933,2.625161441623865,4.942120947464852,11.602007853183546,54.08014415599104,3.7,6,269,2
4.954770038192486,2.3084717499879397,3.1066959192444616,6.328113309216762,13.481120633531276,196.8770887724169,3.7,6,269,3
4.82941219345354,2.245887275809836,2.6482415446139154,5.103003238747386,12.463249526023723,29.24889800251621,3.7,6,269,4
5.098113363710536,2.332224908217543,3.1497933631151525,5.804698625661232,13.532907457368278,54.41071885679363,3.7,6,269,5
5.1407571005902035,2.379454574092893,3.2379441962534563,6.964055289887747,14.508523703626809,16.217410647047114,3.9,6,270,1
4.686002024835632,2.194991056016762,2.992528128403163,5.793745790093284,12.137786601848552,6.598821807813281,3.9,6,270,2
5.416459016333833,2.4503697553256805,3.346057548505282,7.387136368432297,15.479757479752514,84.10599679318042,3.9,6,270,3
5.193638879591782,2.372662161897168,3.1885378794188406,6.616823819110552,14.25057513466413,51.973931427476685,3.9,6,270,4
4.923263503238139,2.2532698565562415,2.729878545252878,5.328427418285621,12.663771278664711,3.2505795962136017,3.9,6,270,5
4.7636825932579,2.2207059469254804,2.881367945709839,5.6367529579034406,12.41339010799478,11.222560958456851,4.1,6,271,1
5.399858729539835,2.455712833240034,3.5040854699975372,7.1784120461688845,15.40951965275941,11.603721602104644,4.1,6,271,2
5.00965767808573,2.316063461034891,3.1095214759861616,6.4015872907180285,13.564850823627594,156.34968063051295,4.1,6,271,3
4.999413026905832,2.306765089865104,2.9072870392441343,5.830350543312451,13.363779222728832,8.440581303413365,4.1,6,271,4
5.262124007053844,2.4092375545198976,3.3867030378232488,7.056367986695909,14.840739444150689,43.94502677488257,4.1,6,271,5
4.684002559496511,2.176174914209843,2.823911136112737,5.14980162056137,12.09240916980561,6.11722551090303,4.3,6,272,1
5.087704910829479,2.30361931346797,3.1142164750967134,6.533627154096968,13.550478797185129,8.799652263044607,4.3,6,272,2
4.750384916951492,2.236256111562518,3.2221637103361247,6.562721723194803,12.725626618022716,58.28097642550778,4.3,6,272,3
4.8430866841033176,2.214273935240882,2.9939991612841017,6.028245918833271,12.71553901887459,11.822499798644769,4.3,6,272,4
4.85740311577355,2.2722458820753415,3.3286175906631916,7.167752703340425,13.307511500674162,13.670511090409052,4.3,6,272,5
5.215077233281373,2.3847968335963263,3.800985886460145,7.9886757375114845,14.916180492906063,564.2909392571376,4.5,6,273,1
5.230995698417821,2.4028461714240734,4.374818994244995,6.216220758186505,14.294741445769668,29.169751200031182,4.5,6,273,2
5.02584386201197,2.340044716365289,3.669642203521083,7.70933804972107,14.254933729118804,22.20846853277124,4.5,6,273,3
4.693504064739243,2.2361635703646585,3.843033486670894,7.447679423756778,12.91200710686113,66.86863577395927,4.5,6,273,4
5.695352901726515,2.5634697306426766,4.09351759630612,8.712064228582122,17.593245478102233,111.20670705717303,4.5,6,273,5
5.692313833333131,2.548940215389582,4.328022620519672,8.264973673321885,16.47174112736345,68.08008785349267,4.7,6,274,1
5.395882775023606,2.4113475005534646,4.125610041237102,8.525753721152629,15.469725239909176,51.92418749967038,4.7,6,274,2
4.704312121972652,2.22603751563917,3.084410447806358,5.961573292624869,12.551010726996982,5.520243961625399,4.7,6,274,3
5.074558251104358,2.291051725935254,3.542685014956344,7.145347784937094,13.619153907240843,8.968606219833088,4.7,6,274,4
4.691576145885931,2.180119842841202,3.1977576651251862,6.450485173731514,12.080755303226162,4.9230989781745524,4.7,6,274,5
4.632868655787797,2.2103288521696163,3.417346190295669,6.80150226690521,12.533770856085464,9.24952145616538,4.9,6,275,1
4.644966439862028,2.199791709534601,3.3431451064018094,6.756744472310971,12.42069166355247,5.914586754043589,4.9,6,275,2
4.862034264325923,2.2542543339504197,3.9945877648321586,7.907111358470359,13.256358887225096,21.190436292817893,4.9,6,275,3
5.469432516415241,2.4747106584336676,4.198822428888597,8.723355445682403,16.42392458019633,657.5266518410008,4.9,6,275,4
4.3198234145043175,2.0633716271497495,2.810078361857008,5.190340218266358,10.813125691762483,4.102296234764932,4.9,6,275,5
5.673521925990443,2.508803454402658,4.5674585377907775,9.59125849524272,17.333745811843265,58.91878640520549,5.1,6,276,1
5.480189238814296,2.473887603180291,4.503474278208998,8.684366606938,16.320167901125025,38.58361858374389,5.1,6,276,2
5.518724125567131,2.4725286314615644,4.369515481867584,8.825251954400459,16.409897053149447,80.09070593751626,5.1,6,276,3
4.796676972021753,2.214296915639171,3.0390950233281897,5.615988462460574,12.357388707419195,3.5623938331712086,5.1,6,276,4
4.903367984421024,2.2600814441015964,3.228239892947302,6.014723407884508,13.00984438731087,8.722084061911813,5.1,6,276,5
5.319915713767676,2.3916647843799703,4.695589075068123,8.370856254431727,15.065756975526522,42.60114034198111,5.3,6,277,1
4.778932215332315,2.2316601779665004,4.149235726364942,8.1560874126724,13.018041366354078,51.40962594421875,5.3,6,277,2
5.058799755305751,2.3572959527345576,4.434755505687378,8.6920119276863,14.80343644671417,31.563641898308255,5.3,6,277,3
5.3929979740395915,2.4289546285188455,4.5941140336266715,9.616253075508274,16.164606688348137,22.325525071708096,5.3,6,277,4
4.73093411986647,2.2549293480383676,3.9677157146941577,7.900300292406694,13.25610718622629,557.0571504717852,5.3,6,277,5
4.620603403015739,2.1852812747463246,3.5493912853694223,6.523985722863336,12.235679976483429,5.498328830519156,5.5,6,278,1
4.941747580899295,2.3422872184362387,4.542774561856839,8.915130103992837,14.676473098139269,56.25307519141489,5.5,6,278,2
5.076621556074736,2.3371333276437074,4.8487326054612305,9.314707838149708,14.742058922971246,16.830368990255327,5.5,6,278,3
4.722994580042348,2.197428398573303,3.4871264685678196,6.743965395512462,12.40179856350359,4.768889177979076,5.5,6,278,4
5.427792287776308,2.431728613314569,5.1325948776094945,9.799148454619983,16.2657460642818,690.1102319300743,5.5,6,278,5
5.437234854741828,2.484055293353054,5.315850393494189,10.19819708940852,17.21453820477532,143.69417577101947,5.7,6,279,1
4.8626730447595685,2.290600810893629,4.476222217636351,8.998462352851037,14.01988229292926,17.98340982595588,5.7,6,279,2
5.100582272689601,2.3725517030299232,5.100938626714867,9.579554093448326,15.320983887122145,58.26376594575565,5.7,6,279,3
5.05846941633453,2.323299312988177,4.474508486041658,9.238998392001012,14.541695257018828,40.92016334538894,5.7,6,279,4
4.9815657578756385,2.3704938884510205,5.088975137020281,9.75088883099201,15.348631002427451,32.535685974499906,5.7,6,279,5
5.175204181095172,2.3524052910286084,5.138190610936771,9.917647000995178,15.178476051977484,303.13415217417315,5.9,6,280,1
4.652960753393935,2.2072211352586573,4.676675604400366,8.687569986423357,12.84323086140246,34.710934733995714,5.9,6,280,2
4.743852593867482,2.2159672775971657,4.013138373688756,7.663080943246913,12.851404680357067,23.898694210731737,5.9,6,280,3
4.899622881540223,2.2597033596472156,4.176691508367101,7.804835021649112,13.394314374915744,31.717052570958135,5.9,6,280,4
5.261837901761043,2.3935682789162076,4.957383932878763,9.83807621732246,15.733667699379229,58.57595398724621,5.9,6,280,5
5.350759732199964,2.434008797272611,5.371981306954878,10.067803156124388,16.39490645524742,15.24177573142422,6.1,6,281,1
4.977410461674646,2.305779613557001,5.005039851753368,9.612337397416429,14.435000621834083,67.8480863726244,6.1,6,281,2
5.125883662390345,2.3632180117516697,5.523355088237799,10.243751576042143,15.43277368004468,25.73001152939524,6.1,6,281,3
5.247520955240441,2.355188025335973,5.165422191266532,9.60230082042615,15.08693725764078,29.98975176936663,6.1,6,281,4
4.854416443518743,2.2318684581317587,5.424942125217026,9.720365245192324,13.342515184518248,25.392723788170972,6.1,6,281,5
4.826639459251697,2.268365726763513,5.310121348626443,9.801480370679815,13.890632210301144,130.5085024996877,6.3,6,282,1
4.8008724059725125,2.256230707174658,4.602094287442977,8.489257631462683,13.485081769686724,5.982936438834102,6.3,6,282,2
5.075889682889684,2.345035828143577,5.457691389528949,9.98003552713481,15.08886972770538,2674.857645100409,6.3,6,282,3
4.968300250426807,2.2470824346943363,5.053633361478027,9.305308854516182,14.194832056995573,23.334933221479208,6.3,6,282,4
5.145083792846567,2.390024036541253,5.634386540299153,10.747192531039138,16.017545109277496,312.4749870102555,6.3,6,282,5
5.231475638133895,2.4039165202303026,5.884244924177007,10.488012775872363,16.091952429049336,106.902859097036,6.5,6,283,1
5.23836151923484,2.405832857267124,5.6937427392128495,10.780943911553791,16.284120205768282,258.5601961714012,6.5,6,283,2
5.198935968547733,2.3638957993446135,5.79479090194186,11.187506578290968,15.803963558155036,87.90088730565944,6.5,6,283,3
4.994260763880295,2.3149170761881632,5.817910206788296,10.889082858983564,14.904938123335992,18.38362602891206,6.5,6,283,4
5.042071988716502,2.3636726050345755,5.504424717557846,10.593710526690344,15.584021067498933,122.14788846619264,6.5,6,283,5
4.982474069128441,2.318241537603873,5.7666274411417096,10.341595897339769,14.79487032027195,12.345816182539494,6.7,6,284,1
5.309917786670614,2.3921745271327004,6.260416155806073,11.14295179741194,16.1856121178434,63.41206791184912,6.7,6,284,2
5.266142590559656,2.370889241793234,6.032280536735569,10.40592804070828,15.566987839786009,43.49200496012502,6.7,6,284,3
5.332672068199726,2.415856103526058,5.955126649940915,11.464406538432398,16.729413488700942,210.80906751520556,6.7,6,284,4
5.152521151411702,2.4016732202826905,6.001784703249899,11.38749332590838,16.47556836203846,49.89576694578842,6.7,6,284,5
5.642844313266893,2.457371589756726,6.486195356337199,12.164061682488654,17.70715234268261,51.82633210694743,6.9,6,285,1
4.890039054156111,2.30770696537055,5.8131796799581235,10.566576605970322,14.747987676684374,38.71882475388148,6.9,6,285,2
4.8982201550101765,2.321471454020522,6.2348545711955685,11.158831598809517,15.069473828951256,20.405746337777213,6.9,6,285,3
4.620239371827018,2.211802289273301,5.571078430569476,9.65098045472328,13.110093436855015,11.824140338293658,6.9,6,285,4
4.776808793854577,2.2478164569838848,4.963579016987583,8.769328485878754,13.538423615938893,29.422392773886013,6.9,6,285,5
5.284168678785134,2.415704797042917,6.566822111953015,11.762234726705683,16.815900938873135,7652.531474624449,7.1,6,286,1
4.690740853896372,2.231546147141862,5.375871633555485,9.247728804045607,13.31322890227252,7.182669195986844,7.1,6,286,2
5.301409450875003,2.3953696996793807,6.629233513414475,10.9655796164268,16.092436602763872,113.85624284677348,7.1,6,286,3
5.4548952062929725,2.4795683928865464,6.719099212336777,11.535470557749624,17.744226673371635,52.869349317696454,7.1,6,286,4
5.039638906260168,2.3516724030401037,6.392786426178089,11.81513633220106,15.788302244362534,160.84512537163448,7.1,6,286,5
4.726803182532146,2.251933856620789,5.619785820500292,10.222228301585972,13.84972497681236,45.1800703064087,7.3,6,287,1
5.479259617106088,2.4883392039485788,6.905199281309734,12.46506594399808,18.38897619090981,53.42798570469874,7.3,6,287,2
5.370929344722291,2.482051402568114,6.768122751163682,12.650527051785964,18.347333299574277,123.8812071670923,7.3,6,287,3
5.268800535657169,2.41775198804185,6.840676098307714,11.610239056521529,16.758359877152365,184.09245563526787,7.3,6,287,4
5.0083318978733296,2.321919682393841,6.560185047491125,11.6065980572279,15.24437472444986,194.0151829188115,7.3,6,287,5
4.894338641638894,2.281983938695629,6.85612101214521,11.661742277249576,14.582013390554744,12.407853854419942,7.5,6,288,1
5.326137073877066,2.4136976787773716,6.944017808953615,12.02331882906766,16.850745525268604,46.74430742884201,7.5,6,288,2
4.848513268445151,2.2763863016731505,5.830408832009683,10.01140621401025,14.128406247582758,33.13185389905726,7.5,6,288,3
5.009410331072516,2.313958465490121,6.720766493051003,12.02091064304268,15.231790242543545,18.08985466353653,7.5,6,288,4
5.560213218669952,2.5082598191732988,6.915928914450045,12.529017009349095,18.7334612367077,48.38631323983163,7.5,6,288,5
5.2742953956074246,2.3448970766115744,6.984820222313004,12.428211838879948,15.886424135365775,44.84961796850766,7.7,6,289,1
5.000385004914732,2.3072151895033053,7.084660115651698,11.823955605244675,15.027402283248044,105.3173799497914,7.7,6,289,2
5.158729727307899,2.3929080436026573,7.153047833286384,12.514548725971244,16.71468459223047,43.469015445486825,7.7,6,289,3
4.9136292626956015,2.317186616784076,6.554838492558474,11.646271387540931,15.158240636656473,26.94402463284585,7.7,6,289,4
5.538817643333768,2.495817830301678,7.1698089103789,12.872387464942554,18.671287716760535,75.13765826486579,7.7,6,289,5
5.1441234035936825,2.4058646703594815,7.564569243417262,12.75445153014324,17.036479722502044,108.354069806386,7.9,6,290,1
5.181967466678027,2.369081349688259,7.37118886151171,12.484776455854686,16.29846433586301,21.94216578543764,7.9,6,290,2
4.9353505768337165,2.2883617541401464,6.586669706904481,11.296463472990387,14.64018102441609,41.505326776183935,7.9,6,290,3
4.9566817922942805,2.334553063726418,6.817209728608652,12.13303586022356,15.620450363488128,31.302811673948487,7.9,6,290,4
5.2753719722670755,2.4305031028571222,7.287380942163233,12.545232319417057,17.355282234723024,56.32714833932426,7.9,6,290,5
4.951772879507391,2.2924337492123894,7.336068939279669,12.958501656407831,15.141049433515066,12.71910947761804,8.1,6,291,1
4.549353911395768,2.1780834201596924,6.974959582426031,12.073065212507872,13.001365903079517,45.02742027813351,8.1,6,291,2
4.825136263105959,2.2246300348631363,5.932086836691433,9.996389692534374,13.409189240460236,7.537492362333601,8.1,6,291,3
5.084769500433967,2.3095685126492005,6.800944096360732,11.653569976560052,15.192289317504994,16.887376545338697,8.1,6,291,4
4.994083546912489,2.307425968905853,7.659177029718009,12.563509942925563,15.262663438964305,27.96337646670239,8.1,6,291,5
5.218257783865214,2.3621060634434823,7.398620092858144,12.945849338030104,16.352160570162763,35.54800599359358,8.3,6,292,1
5.096796568985536,2.3653813997306634,7.7951045841652995,13.24484992775653,16.48860534732149,61.51235564185855,8.3,6,292,2
4.746713077586904,2.211329060471728,6.5396476009958855,11.131644644580168,13.56027619967526,23.06123012683525,8.3,6,292,3
5.156192871933362,2.3436823700266136,7.69793051773162,12.613660713818057,16.032702481795862,61.92364146942695,8.3,6,292,4
5.1994775339952595,2.4173258079289055,8.063280399747132,13.747569791194516,17.640929529158537,147.82419454243723,8.3,6,292,5
5.165452970001931,2.32667200255905,7.4324312921631535,12.986705928872258,15.967768201545423,39.28720946133206,8.5,6,293,1
4.897788105088348,2.29161133530822,7.756526107938051,13.229678746804147,15.19194460065927,39.65556972597891,8.5,6,293,2
4.799277915809206,2.255425220088922,6.474485614113404,10.986098881091332,14.173896652672418,15.96726370097178,8.5,6,293,3
5.4467262337264035,2.4686037127063156,8.154521155330094,13.923616186535876,18.644994710848135,472.68293135808864,8.5,6,293,4
4.9789500260862845,2.297376892699419,7.479319370813399,12.996480244405406,15.306469067740675,32.500766429216476,8.5,6,293,5
5.351980283880182,2.4238274371895323,8.295861266409629,13.951829602465372,17.822747393344777,194.91067170204747,8.7,6,294,1
5.7361829074326165,2.5712535153306693,8.612616349379563,14.38699431322297,20.806843577748932,126.47126280614188,8.7,6,294,2
4.819194827713839,2.3175340348942237,8.08807210767157,13.777156989048745,15.793494313563311,234.4921580571487,8.7,6,294,3
4.8922408503140815,2.277537523844108,7.121100163134376,10.828892679850773,14.400083962945596,183.82294801570092,8.7,6,294,4
4.959707821056391,2.311142344311087,7.511370450826286,12.943679572859486,15.51684126738041,21.22895089969942,8.7,6,294,5
5.090552889410812,2.3810532251011836,8.174479278333134,14.328993513659391,17.188371851615887,47.31622097246362,8.9,6,295,1
4.8783495379670105,2.295696853893488,6.992594323083712,11.849289891721464,15.074222965697292,47.05915057039966,8.9,6,295,2
5.367231134651962,2.436321569843826,8.318192354201923,14.190672422838986,18.184812896697206,56.03390005306398,8.9,6,295,3
5.090784209277972,2.3724155102225604,8.547702119511579,14.116338467759585,16.924782397692116,73.15889940593632,8.9,6,295,4
5.313261414763646,2.4358818012144954,8.108966242179983,14.042158817251549,18.128557476559592,22.58874506378308,8.9,6,295,5
4.955252492522393,2.3178769801798618,8.21255267883454,13.997486826602634,15.871864189537762,131.2115028407871,9.1,6,296,1
5.495205860605955,2.5174472867456816,8.6117638381313,14.695079741422806,19.926529214032197,72.36761374967027,9.1,6,296,2
5.287771169390361,2.4161883782338265,8.471718937060048,14.508316783403007,17.921847528592657,83.09138149595181,9.1,6,296,3
5.408741287384612,2.422887524193711,8.835254013279744,14.587298275261348,18.07247770233448,144.49507587472476,9.1,6,296,4
5.591155611009077,2.5165140348329667,8.877589869483394,14.686625582359111,19.932641512723116,33.294089135036714,9.1,6,296,5
5.290748814649787,2.436538031809317,9.072812126545797,14.990526424593938,18.490291256248064,24.7409321644827,9.3,6,297,1
4.938424211389889,2.3218598872794707,8.587813878869111,14.290232126585533,16.079556538365534,168.02948233074514,9.3,6,297,2
5.141756322988172,2.4001281306192195,8.785200108689743,15.17706989239882,17.87643361215153,70.86395537632578,9.3,6,297,3
5.503101465771577,2.489859954042802,8.643139912416338,15.054761796422437,19.58509460078644,31.54606084958821,9.3,6,297,4
4.922636587209958,2.313912305570333,8.426309134432131,14.102825983023685,15.862960526336783,67.8090532919797,9.3,6,297,5
5.154364222173893,2.404528542751235,9.091672944721497,14.859459785713028,17.854222194769928,327.70401424988864,9.5,6,298,1
5.2675950142589585,2.4091470277911418,9.180535126673938,14.968159523524031,17.978390970707142,217.32119484389497,9.5,6,298,2
5.187956485804896,2.4001783897122015,9.187936130693943,15.035363371932634,17.80610819939995,72.93296836429504,9.5,6,298,3
5.145622410728401,2.396836333878862,8.93983579604307,15.071111662944588,17.759072681552638,110.6333282502497,9.5,6,298,4
4.540665959104063,2.184264182141404,7.218651545042117,11.767233920666593,13.113754674879909,10.976467433486928,9.5,6,298,5
4.506498361423036,2.1616251645556557,8.832152820178376,14.19429920354154,13.018824100435006,14.643654287614654,9.7,6,299,1
5.509616069897881,2.50774167359432,9.293432105380552,15.636024588030674,20.218769055997058,74.65991010890914,9.7,6,299,2
5.114722856737964,2.374676258714085,9.132223363681716,15.08125972991469,17.31995543885528,174.1357860117102,9.7,6,299,3
5.28098076363016,2.395314684171676,9.315447497532586,15.024189185166708,17.68915263333473,147.0207426108581,9.7,6,299,4
5.327029686216996,2.468341139096812,9.080215945203054,15.3730597881146,19.278186843121393,92.2796194959818,9.7,6,299,5
4.838770550610404,2.266227742056802,8.756854212928786,14.14411008340532,14.989262920893925,88.73206980675184,9.9,6,300,1
4.8918569883521785,2.290504663101925,8.09279979930995,13.361644445195257,15.41423814922328,12.841886091046256,9.9,6,300,2
5.490044027901047,2.499935863247777,9.630280926769,14.891913172577803,19.62376410983365,57.21860258977483,9.9,6,300,3
5.436134591595259,2.437981839923709,9.301566942154588,15.188622144299234,18.56240853630384,50.58898017076965,9.9,6,300,4
5.026502039828921,2.3286882429696365,8.917469306746845,14.814053454053674,16.398625842194065,32.15753932890377,9.9,6,300,5
0.26141527275702126,0.3388183649814458,0.1424782326548135,0.2155435075760126,2.009755435983101,2.1810336735201954,0.1,7,301,1
0.22807245408546375,0.29775868584890486,0.13277723598282748,0.19165804908307063,1.7634086046993516,1.937520965663932,0.1,7,301,2
0.2724306012490511,0.3421600360888378,0.14115054345095515,0.21471301800739892,2.0221565957576644,2.1830908846601234,0.1,7,301,3
0.26359151824861066,0.32558782583121415,0.13926357978877493,0.20821462920734504,1.9309313896007307,2.1017906308427383,0.1,7,301,4
0.27849485508044075,0.307184748864372,0.13649322097665595,0.197341399946949,1.821276757159456,1.9989773050083008,0.1,7,301,5
2.2075186939311493,0.619786850796337,0.3338237459901781,0.4215384753362335,3.5168515352106806,3.3620052369604982,0.30000000000000004,7,302,1
2.264570275318255,0.6581694961049033,0.34360481633235224,0.4405746915484546,3.7333728836797166,3.533060355007275,0.30000000000000004,7,302,2
2.4597964367891367,0.6757857800263408,0.34747572481985367,0.4498408567143316,3.8357178098232687,3.609509011405233,0.30000000000000004,7,302,3
2.397377283500362,0.6378012317357125,0.3388591930735912,0.42750210488557655,3.6192465568749945,3.442649671681365,0.30000000000000004,7,302,4
2.884812013487148,0.7110609206665554,0.3605490339332308,0.4663789508636801,4.028995889993684,3.7585092840964056,0.30000000000000004,7,302,5
4.134810079469049,0.8898429855864128,0.5273789070879454,0.5954436527261786,4.877601966141409,4.1758333057957175,0.5,7,303,1
4.013080250393276,0.8287720619451692,0.5126165121630241,0.5779677809532716,4.553913811353306,3.96034710063369,0.5,7,303,2
3.895472024667046,0.8756362114678766,0.522682511364746,0.5847436673775709,4.799930372748394,4.108814673874846,0.5,7,303,3
4.178139983131034,0.9005221662624706,0.5258945000416027,0.6070183408825489,4.944184303149042,4.216193090916567,0.5,7,303,4
3.869604521901144,0.8648637740401607,0.5192246395798207,0.5905357627560208,4.754314941557903,4.097310869309094,0.5,7,303,5
5.216500665068851,1.1283119789990406,0.6992108304571972,0.741474643075003,6.039819969284503,4.663638665486832,0.7000000000000001,7,304,1
4.744605201872278,1.059596275923523,0.6941714167455744,0.7234568119240221,5.68132746776423,4.464897253417736,0.7000000000000001,7,304,2
4.768260842643902,1.0617735374689912,0.6896399873632452,0.719358902489378,5.6744572273026535,4.42199445604821,0.7000000000000001,7,304,3
4.510378663032152,1.0338959223465556,0.6807763214480028,0.7146917746789251,5.526533681329676,4.324056899428187,0.7000000000000001,7,304,4
4.637108954316915,1.0311528684061009,0.684533484495973,0.7131156091545087,5.510830529760843,4.322968338974913,0.7000000000000001,7,304,5
4.86855985953298,1.2028327940563268,0.8724927750681608,0.8589249368858576,6.327595784133696,4.478218386571923,0.9,7,305,1
5.15276357822223,1.282698129074909,0.891471143947432,0.888900215568193,6.763914354461092,4.66034758801776,0.9,7,305,2
4.744750981536634,1.1898729768609784,0.8681332222270643,0.8545145569585675,6.236267669957466,4.359411929361082,0.9,7,305,3
5.1747423798532335,1.264961888494656,0.890711054383929,0.8724447049454926,6.642836133065709,4.597098619665143,0.9,7,305,4
4.457314133008776,1.163816396250798,0.869416484638963,0.8471657061781155,6.053822790827711,4.168743014849346,0.9,7,305,5
5.310721591108781,1.555251541723291,1.0761555843826345,1.1491554954176733,8.214578744882024,4.82013039306229,1.1,7,306,1
4.977192536458335,1.5052288297339644,1.092911202861745,1.1730715830910776,7.899226770952628,4.544186763619018,1.1,7,306,2
4.975837791375356,1.4305247566285957,1.1020196349509086,1.1053677879011206,7.4644868803014415,4.404170074408334,1.1,7,306,3
4.995326714749462,1.4945014866777693,1.0868630155298624,1.1732546582468504,7.826399388799723,4.458309211916293,1.1,7,306,4
5.447329469035709,1.5491982909323747,1.0926698081484163,1.1927181474477782,8.165216426685594,4.637281115172517,1.1,7,306,5
5.447520044143759,1.7072482372656834,1.3071758308248838,1.4411587102856445,9.041638345338438,4.613302709005353,1.3000000000000005,7,307,1
5.449258673653854,1.7909401665736244,1.3256228996128303,1.5680147600749976,9.549457086890168,4.6019420716763015,1.3000000000000005,7,307,2
5.58200119850486,1.790972963610253,1.3299758001355475,1.5157590920159951,9.54034248052338,4.697273078673892,1.3000000000000005,7,307,3
5.5053501182295905,1.821029222742688,1.339850279994843,1.566879360263498,9.70921305254816,4.635547042250797,1.3000000000000005,7,307,4
5.140023523478735,1.7753688438371882,1.3516923621156234,1.5842736690047978,9.421486297979978,4.473582291254297,1.3000000000000005,7,307,5
5.133026256360827,1.9803535473991665,1.5898482490236774,2.050562765824651,10.629956191502094,4.296100078176245,1.5000000000000002,7,308,1
5.3218381291663075,2.0428343338166797,2.5336645059223217,2.049924983423739,10.8931536539896,5.67538151187982,1.5000000000000002,7,308,2
5.065410506085089,2.008878151437825,1.6277193089634403,2.0926568808145003,10.79350696635572,4.664497952650459,1.5000000000000002,7,308,3
5.064708774162571,1.9409397766978995,1.609606786508571,1.995205102339401,10.351616061076172,4.254778329008353,1.5000000000000002,7,308,4
5.205815134234801,2.0322146754705006,1.629904532962705,2.120664501935926,10.946719323714236,4.416681308447513,1.5000000000000002,7,308,5
5.268489762323021,2.143248028354619,1.9446698095116477,2.396728514167996,11.60300062709573,4.639461971070468,1.7000000000000002,7,309,1
5.192616649677872,2.077081514958558,1.8455536186731571,2.378090682622007,11.163650609731722,4.443495121316507,1.7000000000000002,7,309,2
5.2326175909722705,2.1805250678865473,1.813278401578329,2.437252323236627,11.921476793780334,4.592774716338516,1.7000000000000002,7,309,3
5.231442389810706,2.188758800312964,1.866942048657318,2.554912368911791,11.908429394567152,4.417949050829962,1.7000000000000002,7,309,4
5.627617869106389,2.219346985042531,1.8726174294172837,2.2995842369717407,12.190467726838634,5.624722115000311,1.7000000000000002,7,309,5
5.272593799995376,2.2328158268882627,1.9871732029927305,2.714391150399992,12.271185911581188,10.081660330910072,1.9,7,310,1
5.184152054905571,2.2310751805985367,2.0519870354913676,2.663094022446212,12.182595590012786,9.308331565647318,1.9,7,310,2
5.399583715934274,2.2881667792106857,2.034659372654279,2.8327396196578123,12.651497365952828,7.581543293738493,1.9,7,310,3
5.280238873477468,2.254992455616938,2.0325548793336923,2.8923849602115097,12.452942318423036,4.70663299358357,1.9,7,310,4
5.006278742704143,2.2516128994814153,2.0392377298309525,2.8917170736252964,12.323708078513675,17.249806787709968,1.9,7,310,5
5.092628093946816,2.3241725930608017,2.244657325301086,3.219810285854904,12.833665288747229,9.135100786282203,2.1,7,311,1
5.550140490730975,2.525344317328475,2.2282760797615095,3.2334858173604486,14.419346069750818,108.88175357423194,2.1,7,311,2
4.7733632305508955,2.227270822761793,2.296698809968684,3.2170844396816247,12.069683230189652,17.16341462241777,2.1,7,311,3
5.708677920683628,2.4538811695917735,2.255052206606198,3.0429811945683007,13.93670138368652,12.15225852672776,2.1,7,311,4
5.290626769281524,2.285347285886917,2.2157822370797406,3.046666632586944,12.656731036249546,12.619925655604456,2.1,7,311,5
5.811447096628581,2.490194287070392,2.40259219119029,3.412379241296843,14.246635258892912,9.942893201845544,2.3000000000000003,7,312,1
5.170318913675711,2.355263240730242,2.3904802051613148,3.512691439810449,13.12998903599618,28.025204295879405,2.3000000000000003,7,312,2
5.323088378351648,2.4146226016006778,2.378621152416327,3.468481555548223,13.612379414522165,17.69994298306148,2.3000000000000003,7,312,3
5.271094515893327,2.3841220333403053,2.450516559982954,3.4506688780875354,13.416425887420775,34.702577579977536,2.3000000000000003,7,312,4
5.3967661401199525,2.367719593210766,2.3773700846816577,3.462330993945307,13.365002424156105,42.92550881418465,2.3000000000000003,7,312,5
5.600147302277671,2.4591093030850506,2.610882347822967,3.7022052275302606,14.089565637309368,198.0178515805508,2.5000000000000004,7,313,1
5.563342597196897,2.4593406802214197,2.6119015985262366,3.5548345713607894,13.973116344539925,555.6130763026673,2.5000000000000004,7,313,2
5.539671158698021,2.374707923066476,2.5140830027538024,3.676382263739464,13.559981999867134,18.29985004434891,2.5000000000000004,7,313,3
5.74373934833811,2.6020834978955643,2.57371457036562,3.7945714468801808,15.27282074300957,26.136570818389515,2.5000000000000004,7,313,4
5.78118774107472,2.565877534149952,2.5566940940630523,3.823631031302396,14.9607355634585,51.64988861065722,2.5000000000000004,7,313,5
5.378161781905609,2.4720507368054903,2.754085971970257,4.140454368407828,14.257840944883403,12.138672268948776,2.7,7,314,1
5.2955072350480314,2.4275363203367446,2.7500883719544156,4.142258417805382,13.864172051946897,91.27555788711108,2.7,7,314,2
5.621588915011763,2.5363431205957925,2.7203054845164307,4.166624569006058,14.861554775997664,163.0844689844117,2.7,7,314,3
4.890427024479114,2.3432935326012747,2.6967096733636957,4.161290456398902,13.118350291933652,15.224541775145024,2.7,7,314,4
5.504629800007978,2.4970218367418116,2.8445394291135364,4.129832197592989,14.431857152095356,48.63969216371134,2.7,7,314,5
5.487879751987704,2.493555403904332,2.9139451628665105,4.459634043382203,14.600248932347505,20.108714087979344,2.9000000000000004,7,315,1
5.56870455399542,2.5127834180545525,2.890405528204546,4.353873230684105,14.82448214582678,59.185977795378285,2.9000000000000004,7,315,2
5.748958437042706,2.5136213607074533,2.9925992879252843,4.307295882082823,14.707380531998034,38.52130269583306,2.9000000000000004,7,315,3
5.284182629699943,2.424139077212625,2.912325980626926,4.479050282965437,13.925479735068125,14.579491972033775,2.9000000000000004,7,315,4
5.375267315388658,2.479494598218059,2.9290724096929406,4.3354754863087175,14.437075457645344,82.79237859728377,2.9000000000000004,7,315,5
5.57674067271243,2.5356775170594523,3.1524834999347178,4.568896968555004,15.032238047897426,28.167382714268385,3.1,7,316,1
5.582812066613971,2.5434119021176262,3.062867500096436,4.695014517899522,15.151179713044824,23.366895327646752,3.1,7,316,2
5.610424589217024,2.507919390266685,3.047630971702234,4.765526726691867,14.845919022316044,20.220581957459203,3.1,7,316,3
5.15538256431791,2.418799352250148,3.060425256138203,4.659562494666541,13.979690055627865,161.17614013900518,3.1,7,316,4
5.270222053627067,2.484332090094841,3.223391152764238,4.782799357666687,14.61909998687272,24.20735210351628,3.1,7,316,5
5.542085808516413,2.564835263942006,3.3362365626780233,4.783805601100457,15.237441112188977,25.088830122926684,3.3000000000000003,7,317,1
5.479946101440372,2.477830436666717,3.283248225718895,5.002589170145268,14.681019332463563,36.036560143181305,3.3000000000000003,7,317,2
5.543843959527344,2.555492045269886,3.312934566394096,4.937305896579981,15.402824047938054,44.02380293691895,3.3000000000000003,7,317,3
5.253488294811757,2.421420216187044,3.292590448770548,5.012133536966711,14.08252762628636,22.400066185056826,3.3000000000000003,7,317,4
5.4409733527098645,2.546168556320765,3.389942463933227,4.9621293035466545,15.279235364664595,1621.13477465777,3.3000000000000003,7,317,5
5.348728765643948,2.4943748115557915,3.463923671374268,5.244430091806628,14.912244634618292,27.822033970128047,3.5000000000000004,7,318,1
5.328314694892689,2.523722113496069,3.456203388622733,5.363905362273302,15.290056118397237,44.14941473299812,3.5000000000000004,7,318,2
5.225339914933912,2.389605805787335,3.217053244612709,6.264575187068639,14.205559737881131,32.906133524732525,3.5000000000000004,7,318,3
5.68585206897703,2.5944207110468667,3.546622705050502,5.291697333121511,15.752819107941235,76.25793155743793,3.5000000000000004,7,318,4
5.580414315056942,2.5431351724143134,3.363320967803301,6.531217812753073,16.02966215190917,60.195727609474496,3.5000000000000004,7,318,5
5.6837183023947,2.5299699808610683,3.610459296066271,5.524303968367727,15.45151260949824,21.816234335700432,3.7,7,319,1
5.094880134609644,2.4546010457966108,3.705132221647489,5.627516051533896,14.660211886271016,16.102172441036906,3.7,7,319,2
5.236781849644981,2.4387852027059664,3.591204343186236,5.546806810954206,14.545281314965427,315.30572907843066,3.7,7,319,3
5.282441889847965,2.443427481990486,3.60330587884169,5.59632914035964,14.54066313218288,14.344168838192354,3.7,7,319,4
5.488249394544609,2.498693577713611,3.611592658687834,5.530619893002858,15.092880681709838,50.85671896449076,3.7,7,319,5
5.077153227628813,2.4697190730820817,3.8182200528781816,5.950025022542272,14.974161721945135,26.15995811257589,3.9,7,320,1
5.075513027870806,2.439880631133456,3.924916587056775,5.740054752861915,14.621271756712614,63.89019812811305,3.9,7,320,2
5.696554202029772,2.5523994913227575,3.832213670847723,5.851327483936969,15.804876006048646,98.94315690552698,3.9,7,320,3
5.374958863109134,2.4844376107930475,3.771401190044086,5.8706698073839085,15.095709849803656,18.913699896901814,3.9,7,320,4
5.423166347601567,2.4978087344695816,3.820308248192015,5.896746030862617,15.24199759179606,72.60696702950294,3.9,7,320,5
5.447725596094576,2.4924825011157012,3.951035179214592,6.136562819886187,15.301339684527312,26.2433961843966,4.1,7,321,1
5.122157631427361,2.440697270488338,3.9970414694493743,6.163450531907861,14.76222716113258,90.31448683754331,4.1,7,321,2
5.805785595530643,2.6138935860638597,4.001531624522586,6.124787864124468,16.615784235143096,69.12335155129014,4.1,7,321,3
5.13754027416051,2.4289423108000254,4.005857080068429,6.149427702604729,14.620389778945794,31.597257944457777,4.1,7,321,4
5.841018295261304,2.588921230076668,4.013009365420488,6.194802366724147,16.37638438501552,823.3788571644822,4.1,7,321,5
5.389348051431696,2.339628005052303,3.9987744966989314,6.1474418352224305,14.182982714386808,168.5347114069708,4.3,7,322,1
5.449086455442042,2.5243455828609656,4.217153781482818,6.5069660834869945,15.821318790283431,79.0155902319842,4.3,7,322,2
5.462488661850302,2.5246222687344804,4.211130709936218,6.433858790023628,15.804937361558936,93.92638218379244,4.3,7,322,3
5.6102489325242155,2.5034564430962094,4.203224823082455,6.454113374393576,15.557774441074054,16.32005218658596,4.3,7,322,4
5.537862824482719,2.5488048439424933,4.169047595400212,6.433855155074783,16.06346582001847,51.341511149710335,4.3,7,322,5
5.556454843315868,2.519012932664426,4.264911833074502,6.556926462613751,16.091323074594104,44.56027884021384,4.5,7,323,1
5.415022211333512,2.4805628978417027,4.448253426284958,6.717367838072358,15.415496350098184,14.16549638521093,4.5,7,323,2
5.290273596021794,2.518905615095109,4.202865002292548,6.705017007183204,15.858711206012432,59.25104838852289,4.5,7,323,3
5.436159339319289,2.4231424987713885,4.377889953521369,6.613841361289997,14.74478246795264,15.306719391734394,4.5,7,323,4
5.679861527748154,2.5908442656569104,4.305118839398472,6.713276959197664,16.665467631955128,322.6041187476431,4.5,7,323,5
4.804541782712028,2.3803942132788043,4.5291321025155105,7.100776813872953,14.43320024611392,48.28379052032146,4.7,7,324,1
5.770887444365079,2.593165288930311,4.574497921084845,6.96317388572694,16.83695606638088,60.47266182672358,4.7,7,324,2
5.936832985185831,2.6137367896547015,4.543802576072663,6.975231983680167,17.09993482709173,156.64007341134877,4.7,7,324,3
5.163583155152729,2.435878491048293,4.563828346166199,6.932965521938302,14.929078570395069,25.897400810729323,4.7,7,324,4
5.13607581160164,2.4460532261796137,4.569448721842252,7.010161561792409,15.155890732718872,46.240832297311975,4.7,7,324,5
5.11778047768983,2.4540424424870464,4.808125149641905,7.348784434932993,15.36560160578009,48.695032574849186,4.9,7,325,1
5.887197689162874,2.589253238855972,4.703391829012858,7.205660121648917,17.040539213868346,44.39887073009388,4.9,7,325,2
5.074937161307996,2.4419811395964093,4.782088092589724,7.360991219571468,15.269012344721546,171.94588710083812,4.9,7,325,3
5.427114956819458,2.5310368660953806,4.825202750887714,7.315145637452604,16.254279963519487,71.70285480424391,4.9,7,325,4
5.306740556556773,2.476514557218149,4.736330381816698,7.267451000010539,15.625781834501527,56.92403365193294,4.9,7,325,5
5.186493913335613,2.4909516868767465,4.992492591928923,7.534516212357809,15.89522157163385,58.64826137453551,5.1,7,326,1
5.172914499366718,2.4541355917610255,4.962239468953885,7.567333401303424,15.499591822440427,50.25822860790555,5.1,7,326,2
5.304215291355662,2.4725886882086745,4.875904705960681,7.571826502420695,15.7146097821079,2258.2544171052396,5.1,7,326,3
5.661126868700874,2.439744766615772,4.864581833184514,7.540386231396253,15.440665222152791,17.398821959071746,5.1,7,326,4
5.5344865275259645,2.5866450388770827,5.003462735335177,7.714508548032935,17.175148693476007,50.98436327468054,5.1,7,326,5
5.583330915180446,2.571452415572049,5.131843325582577,7.836253926073119,17.05992809261679,246.9665026565062,5.3,7,327,1
5.309086969261501,2.5115659161812647,5.0519973765125386,7.821793683838901,16.310230117033083,22.909529919055625,5.3,7,327,2
5.771777679492229,2.553585773404107,5.125318459240425,8.007103392018614,16.927003191634483,42.487731670396535,5.3,7,327,3
4.8720814752600194,2.3339820414738917,5.169428776477255,7.803483334455442,14.106029529138688,42.31463281559518,5.3,7,327,4
5.810862513721569,2.637274517142993,5.170931751164695,7.863793160907803,17.870488332533668,86.32565670806034,5.3,7,327,5
5.5982543013456585,2.5615198323969977,5.3048057062973335,8.154869395616936,17.10510826445797,33.30550258023926,5.5,7,328,1
5.185678247216974,2.459842797904636,5.355682129692226,8.045925467882201,15.7794086178007,22.76074793477683,5.5,7,328,2
5.568574969598341,2.5491572485826657,5.344354379656127,8.162075266626587,16.969898169333014,144.02618389779013,5.5,7,328,3
5.0008118649998385,2.4063684841741604,5.40508671881558,8.187887829343408,15.150369942760292,24.86671774245357,5.5,7,328,4
5.595432943554221,2.554151589235298,5.275801494586298,8.075782293894608,16.963206885648994,144.79140603549715,5.5,7,328,5
5.063712183227935,2.3987630904997066,5.564522336061341,8.454681522819028,15.152872849258324,1510.698010386896,5.7,7,329,1
5.145116011076423,2.4322255587490273,5.403547383700907,8.4837829686069135,15.58315198815082,25.045865096549,5.7,7,329,2
5.414819261784112,2.5096787877043485,5.563426486545294,8.569601746827914,16.639849708827157,8127.076906980956,5.7,7,329,3
5.264141895696805,2.4166217216713184,5.5404978040385275,8.398863224748261,15.349993014626156,339.6940092132322,5.7,7,329,4
5.793569700539019,2.586034592390255,5.725798667706169,8.33253542672113,17.494946716475493,293.88347306692424,5.7,7,329,5
5.254582132605504,2.449841961818745,5.7063134429865165,8.73944020020694,15.925037195754012,43.87606843434632,5.9,7,330,1
5.815156041801944,2.5667313733877237,5.409901235166158,10.741051750841503,18.73717034622396,243.8836015562241,5.9,7,330,2
5.530533829321404,2.50373357581676,5.75975731348414,8.780461714783838,16.66728915280859,35.16698261462839,5.9,7,330,3
5.450618300489883,2.5546694113780877,5.692978887782042,8.584189628984793,17.223924487861275,69.3864180343251,5.9,7,330,4
5.283103907758971,2.494729641366422,5.7514568317528445,8.711138715263544,16.506622398141495,72.58091672026697,5.9,7,330,5
5.315553588160785,2.4976615197136005,5.837736544344685,8.9236668172956,16.64956789135853,463.3908830499697,6.1,7,331,1
5.5256422154553935,2.532275026587369,6.031805646827839,9.045399553060374,17.182222825106813,197.0313696192225,6.1,7,331,2
5.341200584348149,2.4460528652063847,5.950573467666402,8.92066789845621,15.95460374382629,7871.273795849853,6.1,7,331,3
5.13338333629413,2.370527766663156,5.760949320290246,8.955659862849572,14.96020106950508,267.7877430997343,6.1,7,331,4
5.725176221129282,2.533490819369353,5.921754839053741,8.996831331818479,17.175121998360392,121.29702409546218,6.1,7,331,5
5.3357436554409965,2.5149716124135737,5.985725281748502,9.178065631228488,16.977705022553124,41.30504252260153,6.3,7,332,1
5.216101408972286,2.4471747545132447,6.083466559094202,9.292573563080865,16.12634474932884,641.8335843781712,6.3,7,332,2
5.833613631127754,2.5965283517012008,6.077263305329753,9.15908954118132,18.13056812522616,125.46387587618472,6.3,7,332,3
5.2652228324308075,2.4439710399039187,6.222893289254365,9.262222578099768,16.084969704081846,72.17417552973068,6.3,7,332,4
5.387074080565727,2.5438669874893507,6.127874387752006,9.367656828888665,17.509443669973894,43.457323034907745,6.3,7,332,5
5.643299806891833,2.5577437902112554,6.314855364619748,9.461343972661965,17.74648090259684,150.9337626918866,6.5,7,333,1
5.626001591726821,2.5780822853402534,6.43702474297738,9.49826718097298,18.03687141082893,243.00152260405628,6.5,7,333,2
5.528133575537449,2.52533771000321,6.27886340413268,9.476132674152632,17.30888310153167,236.3469615807454,6.5,7,333,3
5.560430671086148,2.529768013392824,6.221768761430814,9.549288878198428,17.386064290685447,21.108384606053413,6.5,7,333,4
5.715171969256368,2.5993365336510545,6.276876633675044,9.60786640634716,18.401122892215007,103.30907091795989,6.5,7,333,5
5.782521536792816,2.614287292550085,6.4561117766227305,9.830036219781205,18.75000400235446,109.42579128553491,6.7,7,334,1
5.121513293726693,2.4441373269886144,6.303677964608471,9.70016845094542,16.25626096867013,75.16481818719191,6.7,7,334,2
5.42081706568622,2.4707551100389393,6.587822096279821,9.796670090647272,16.665735161255856,58.2340441677072,6.7,7,334,3
5.141755577486925,2.445384875528674,6.471562681367074,9.785727874221037,16.304361486965313,43.63160552573693,6.7,7,334,4
5.298315665559365,2.4949173710321895,6.511178771598536,9.934945735824444,17.064623062520972,321.0317368646953,6.7,7,334,5
5.449404652936595,2.5551558802449925,6.386787741571237,12.062761953419844,19.26717178225172,87.12892759040278,6.9,7,335,1
5.336395269285417,2.4811465401697492,6.693074446148288,10.063957512174465,16.94239777157161,85.00498590679413,6.9,7,335,2
5.381645688980645,2.4924643893772367,6.654429199323292,10.106728278631351,17.11950651446297,306.63082149789517,6.9,7,335,3
5.8320301074477126,2.615642764948767,6.6419963005449425,10.184313526666507,18.950258146908865,307.134180551813,6.9,7,335,4
5.5919481212495254,2.5319558064590906,6.716822228677102,10.034376018933978,17.645406943933725,34.24574179013292,6.9,7,335,5
5.647154931250229,2.5619081989229113,6.93137620750436,10.407739896187186,18.299538200390018,37.77869552115981,7.1,7,336,1
5.442566595104457,2.412032059883312,6.953744665880477,10.332092429229244,16.04093000194118,62.93040679940487,7.1,7,336,2
5.8779179815849245,2.6380297063171287,6.8064767902827805,10.285599587867951,19.37315343816639,59.83198272212988,7.1,7,336,3
5.364026951801645,2.45481128808488,6.959475500699069,10.296017023690176,16.605756696934524,206.3638133255407,7.1,7,336,4
5.79086056758225,2.5805687565824793,6.800045165978094,10.28435436102479,18.616580831469072,79.91259277535082,7.1,7,336,5
5.290833079800921,2.5294814767121827,6.978922402886433,10.594006119281104,17.90772288036098,96.14868458275798,7.3,7,337,1
5.164256082034149,2.432945328004355,7.221525753770446,10.50723497620354,16.383334772878598,32.111126690344726,7.3,7,337,2
4.832813317745264,2.385198654577285,6.960596645474448,10.601324077894702,15.748259731051814,322.83247308497516,7.3,7,337,3
4.932265923962767,2.3940156708309663,7.050849312357706,10.583435015990933,15.855025936085672,28.604680059901646,7.3,7,337,4
5.715022283841469,2.583430529637857,7.112519123533088,10.609787027670963,18.748391548740894,92.54975029601503,7.3,7,337,5
5.881718944125921,2.6011614142700177,7.368268389690725,10.802388328650125,19.1005885227977,104.45364483243269,7.5,7,338,1
5.498153345676696,2.482670338978827,7.339444383223643,10.974709957474287,17.385537606969756,140.21617223729268,7.5,7,338,2
5.649769244018908,2.536249291509787,7.32961559534209,10.953360205788467,18.209500091236496,138.51107985870135,7.5,7,338,3
5.832148301469478,2.5875490717895993,7.228009934829728,10.932791780392751,18.976175907188978,60.57356538699547,7.5,7,338,4
5.42410482550012,2.4689900483056877,7.308447583833081,10.79654117336612,17.089810355862618,48.31213571299808,7.5,7,338,5
5.254306068246115,2.447960421192664,7.278491238158037,11.213737388025574,16.961910656307438,122.17783986109316,7.7,7,339,1
5.581520805289963,2.6150431561598646,7.489422245069922,11.212712376557024,19.559022236089287,176.34525509489683,7.7,7,339,2
5.444862868292862,2.5318991962747166,7.538655830044048,11.132683690653378,18.239486400723273,29.59632349983949,7.7,7,339,3
5.332894989404451,2.442719259415464,7.441343646332858,11.32376853084344,16.90770719107373,128.74306373560262,7.7,7,339,4
5.213436576578467,2.446845029370695,7.551181587511284,11.101222918511626,16.882750055577972,66.25676849233889,7.7,7,339,5
5.250118096780258,2.4692573945640617,7.82531498596452,11.391111169123882,17.3762386279424,1108.1130217989803,7.9,7,340,1
5.059746593003472,2.455534149628725,7.445612560994618,13.366016838859975,18.194789873257452,61.13800221912134,7.9,7,340,2
5.370294300498573,2.4339621367130366,7.747212405722824,11.43540133248912,16.827919214740714,30.345934008559457,7.9,7,340,3
5.181471681968483,2.439902598785533,7.553513164592464,11.264268917654936,16.840035464163044,29.533652605665058,7.9,7,340,4
5.7441387087317946,2.5387848913260993,7.776033937002874,11.613033574513846,18.571672745607,230.0812896636155,7.9,7,340,5
5.895088105563365,2.6241055265732056,7.867836657394227,11.56918723303253,19.8965235391573,3930.7206671888794,8.1,7,341,1
5.375170213876273,2.5103267519629577,7.941324866059341,11.771239533275727,18.181153402747785,207.4701222967311,8.1,7,341,2
5.424715626781715,2.4656225073515925,7.940302092883349,11.825045086773432,17.506045084384706,217.6249010172287,8.1,7,341,3
5.6412250774538855,2.558672065396468,7.860207501058804,11.910261911841326,19.044743970109153,77.73791902579923,8.1,7,341,4
5.701522881526834,2.519453066317412,7.927841345482336,11.726473127779474,18.329939703649583,165.81789726411708,8.1,7,341,5
5.463979696768394,2.535813026862028,7.921245728926986,11.933756585516386,18.691414486776907,34.70253594718533,8.3,7,342,1
5.748355771161341,2.5583554173232197,8.007379767616182,12.026294604883097,19.098369798377817,148.7379094715943,8.3,7,342,2
5.440980755067763,2.4626319985147926,8.101944776864588,12.03967942514373,17.550006225126708,44.365472433986,8.3,7,342,3
5.275740943052305,2.5107723330712823,8.112357503520789,11.995869540512732,18.303529242971095,27.784643678786196,8.3,7,342,4
5.350260187388675,2.447634643166577,8.087341295341695,11.914199417528566,17.225933340216578,56.33599146427312,8.3,7,342,5
5.511364645756492,2.5196733717769746,8.47151809781465,12.311839771752007,18.61739795808664,749.4060478926634,8.5,7,343,1
5.665461181943477,2.5536397470399557,8.169138866933123,12.108065278597742,19.071545758205737,114.31816585780936,8.5,7,343,2
6.103525267587296,2.6764805641497156,8.339465318884217,12.2976542476043,21.208881901242385,148.85582116058765,8.5,7,343,3
5.433271525053723,2.497919084261175,8.391440812184316,12.282118940125663,18.246450503225866,251.14040455407485,8.5,7,343,4
5.839295725539814,2.580320355010835,8.178020290345875,12.2352883528959,19.574280725821872,433.0777963977744,8.5,7,343,5
5.469354231051682,2.501630169157454,8.17264945778492,12.626227135032698,18.440649009241262,38.08462319368866,8.7,7,344,1
5.7323862554289855,2.5368371008759563,8.559082996601514,12.425806262148058,18.92937819611998,491.112845070777,8.7,7,344,2
5.829649304895523,2.588867778212922,8.555842643505951,12.624943199517626,19.943112022738024,158.32773716776754,8.7,7,344,3
5.648749162376878,2.604478551705918,8.47778539192691,12.602312609697194,20.184781530886276,100.48972384645664,8.7,7,344,4
5.975400498818526,2.652424316485095,8.476011901315834,12.623405235116476,21.018637652582346,225.07364612155695,8.7,7,344,5
5.835672238032681,2.5709912796345313,8.619662123989114,12.70862181178424,19.6954779193104,33.6448942936085,8.9,7,345,1
5.367055720843157,2.4793057487977403,8.741135307060059,12.823443618686186,18.153129923138852,38.54935225114746,8.9,7,345,2
5.897585806451433,2.5905822572430757,8.715434978722211,12.73697484097223,20.041590941449165,67.37396144837801,8.9,7,345,3
5.799403000848426,2.6427305919125543,8.674576904107735,12.922132338594537,21.043883413964977,298.96228774529226,8.9,7,345,4
5.292471076446756,2.497011212185096,8.53381868185705,12.883478518359688,18.450765284279335,263.30356771636235,8.9,7,345,5
6.214149506336685,2.675902933750403,8.776283943107787,13.054587370537286,21.71932753350557,92.18265656401064,9.1,7,346,1
5.161890997173075,2.463550599332405,8.87073368103011,13.25470632688785,18.081022945478193,34.5995482155697,9.1,7,346,2
5.2135601112978405,2.4317713187636825,8.638455073109876,13.027345906454045,17.438613141148835,63.13142172144634,9.1,7,346,3
5.442695663120274,2.520716136229706,8.891863913657527,13.20170050116071,19.061771797762383,78.20822864341318,9.1,7,346,4
5.171245799998392,2.4096482767205782,8.726672511435337,13.216813151178012,17.128615243603576,77.23592341459032,9.1,7,346,5
5.263551353982044,2.4421818059291343,8.984448303275585,13.406625101709324,17.788626325913622,45.422495115946354,9.3,7,347,1
6.007596547013105,2.58572709889362,9.135532590677398,13.327219332864308,20.27268023041998,141.7461850330941,9.3,7,347,2
5.794967736741054,2.5652757878975336,9.15945054494919,13.281417544922313,19.90219240750839,186.194923545468,9.3,7,347,3
5.467875500961674,2.5297462921336726,8.974239593696009,13.39142945625482,19.307376780650344,72.85078667780083,9.3,7,347,4
4.993636815587707,2.437398922919886,9.205407479744176,15.144178670439551,18.599306341122883,91.583970227534,9.3,7,347,5
5.571563825514673,2.5446604747195947,9.152965239334668,13.363599828889027,19.57876952927925,70.439133584641,9.5,7,348,1
5.737494882545309,2.5891259316950945,9.07874495897963,13.717299111489272,20.574920785453696,68.43164578514448,9.5,7,348,2
5.026454788398818,2.4400998124169537,9.179650703044391,13.654425932931364,17.848856258098632,2156.283278824649,9.5,7,348,3
5.424987720169327,2.4931085699163917,9.255649544191876,13.690397460613312,18.8051038874448,104.063391242128,9.5,7,348,4
5.684890384971662,2.568813820672997,9.207725151530894,13.79231377909559,20.22784642089139,151.97165174028248,9.5,7,348,5
5.451907238771816,2.4775682021644037,9.43691187750259,13.836598950158704,18.548204537245255,23.43123078506889,9.7,7,349,1
5.203926928533797,2.444615099801641,9.606020942265795,13.994099264154892,18.072385083249127,89.95287390703992,9.7,7,349,2
5.771158962505624,2.5892578776137603,9.380170038996994,13.90511323418356,20.671969418207336,5316.527650986203,9.7,7,349,3
5.526134665493432,2.5686125800589235,9.339230476611029,13.959559924634286,20.125301960788224,47.03462210980905,9.7,7,349,4
5.399735583457997,2.459796596312105,9.399648082783848,13.93895892995602,18.309730916896484,49.7272969186136,9.7,7,349,5
5.433189016291933,2.5101846671257273,9.697194023477046,14.171765246129116,19.354536151773424,2241.8806698599965,9.9,7,350,1
5.232134347341664,2.459691355090591,9.57814658813876,14.27575930169451,18.446935312631513,354.65512168571024,9.9,7,350,2
5.535402247684345,2.543966792545264,9.78412079726558,14.200357426668583,19.987382040801492,26.901605905407298,9.9,7,350,3
4.905821820470275,2.3323899717646035,9.4463161050805,14.38524450649546,16.15609995193563,292.593561586597,9.9,7,350,4
5.272038862790282,2.4451899245585227,9.91645070319002,14.315381158174894,18.221404162122695,28.47278528584149,9.9,7,350,5
0.29044571451196,0.2044026508918053,0.12065056028933124,0.13433850119352894,1.1793838669233618,1.373643768545488,0.1,8,351,1
0.2738329052151988,0.2345424580089771,0.13092231907172763,0.14780437651102976,1.359074088496523,1.5724555447581088,0.1,8,351,2
0.2704287734097774,0.2313305424801828,0.1293731589262903,0.14520508282324868,1.339188237868542,1.5508262386818243,0.1,8,351,3
0.2612105279329766,0.2557486032857835,0.13604809034223242,0.155468258352068,1.4826320833324873,1.6981007232274248,0.1,8,351,4
0.29037648639120023,0.23985083285533815,0.12943680126052,0.14881993688383943,1.3886810693586789,1.6023120423503576,0.1,8,351,5
2.849918462816145,0.5291404525551363,0.3279274075815717,0.3578654983695888,2.9458282507028533,2.9384859763993387,0.30000000000000004,8,352,1
2.5307308171672043,0.5192224131427017,0.3348768421617854,0.355670227297455,2.89292754989939,2.8890767222477987,0.30000000000000004,8,352,2
2.5996859118155258,0.5194009022677146,0.33694535307838785,0.35944497235807016,2.9027900489725877,2.9105938579078035,0.30000000000000004,8,352,3
2.483777342359136,0.513189980269807,0.3289952201953515,0.3521574791562069,2.8602904697686213,2.8702451224174066,0.30000000000000004,8,352,4
2.7482805577937377,0.5442250584680552,0.3363115082398592,0.3646105206733896,3.0406947258575414,3.0168768618299264,0.30000000000000004,8,352,5
4.515511508277027,0.762018936037807,0.5157801861034418,0.5405376764099359,4.140050454423593,3.6941721126232774,0.5,8,353,1
4.286819520675343,0.7295699018301551,0.5117879698783101,0.5253722961006317,3.948058480296403,3.5459336116738034,0.5,8,353,2
4.542815639066709,0.8099633222203648,0.5303354651111003,0.5551665001871302,4.398416686240281,3.883395752317832,0.5,8,353,3
4.100700327770854,0.7082548237546465,0.5194750945644968,0.5276261395837814,3.8346307772047297,3.479275735485556,0.5,8,353,4
4.400084774267731,0.7491983809036812,0.5254836713773323,0.5252507765952699,4.04635345302496,3.632101395627456,0.5,8,353,5
4.819573146253184,0.8795855645398549,0.6812195257937848,0.6809098580149294,4.610599877123986,3.74822485203066,0.7000000000000001,8,354,1
5.034361907203494,0.906521378587244,0.6913664994940494,0.6926780384170286,4.773918397812777,3.874434199275421,0.7000000000000001,8,354,2
4.554327903931881,0.8886692188028641,0.6923345386047464,0.6800603978603998,4.669793591337725,3.797571191433481,0.7000000000000001,8,354,3
5.078097683822216,0.9065203869147964,0.6987040987084943,0.6924529815703517,4.78209142933569,3.886506174257064,0.7000000000000001,8,354,4
5.010103700944497,0.8829859508309574,0.6838810853440571,0.6984293343667454,4.654076207266027,3.777330694115302,0.7000000000000001,8,354,5
5.036596529069964,1.0101503006163175,0.8709016171178331,0.8449041025938315,5.1863756960969685,3.764565509594162,0.9,8,355,1
5.2669556196663585,1.0874498268201696,0.8503592889979145,0.859787967313683,5.647786638615337,4.099285032992838,0.9,8,355,2
4.6143418026547245,0.9904270132479064,0.8859475503997155,0.8427611397060668,5.074673355169586,3.661510238304376,0.9,8,355,3
5.148782315484204,1.0713705926025925,0.8587595730670927,0.8466315514820694,5.527887159177199,3.97516483301945,0.9,8,355,4
4.5745071774229515,0.9797005506704458,0.8575693816804191,0.852784454103895,5.0254468449315945,3.655904099513399,0.9,8,355,5
5.4335704061501335,1.2187758073894903,1.0618899407387858,1.0533057391584373,6.29452312454374,4.070318772319248,1.1,8,356,1
5.228053616713304,1.2196541291276783,1.0765876152475915,1.0896009605674857,6.282985464358251,3.9474048242460618,1.1,8,356,2
5.377190595245055,1.2499274128826372,1.0773772411891762,1.0582061971017165,6.453621789065505,4.087069677495903,1.1,8,356,3
5.0652174977686,1.1966212827036793,1.0809588729421795,1.0773948690395585,6.128753798234401,3.81002597366259,1.1,8,356,4
5.334462665897501,1.2194779628694563,1.0586248262838494,1.05586552454163,6.272892071502524,3.955679078238096,1.1,8,356,5
5.229919712548768,1.448252814172789,1.306299520693921,1.422282315642433,7.542008201327985,3.9632176520618714,1.3000000000000005,8,357,1
5.451175384323165,1.4697160229543669,1.2862835296627502,1.411256741325089,7.67933158206321,4.090685251493419,1.3000000000000005,8,357,2
5.646405067028065,1.4910482204884308,1.2862419063998345,1.4386623264784142,7.839413054020181,4.253597604983349,1.3000000000000005,8,357,3
5.018866959735174,1.414947563818927,1.3210305236210462,1.46504417398108,7.337313996852984,3.7348585611208382,1.3000000000000005,8,357,4
5.011632100187603,1.4506580770841866,1.3294298623644338,1.478309279079056,7.554661191562521,3.836824021804109,1.3000000000000005,8,357,5
5.0623230256927085,1.7387359906201754,1.5981283723796984,2.035662041516302,9.306659891354665,4.137723891890429,1.5000000000000002,8,358,1
5.1525310424898105,1.8111874159256456,1.6270418165679932,2.0713642233158738,9.788324406557358,7.2630526694392605,1.5000000000000002,8,358,2
5.549565981387618,1.747121687874973,1.5468584269096095,2.0206360094157225,9.390879098944106,5.059932298780215,1.5000000000000002,8,358,3
5.0339053707648995,1.662786795509864,1.6179726289551897,2.0459143839831806,8.737512152518837,4.4513099542483285,1.5000000000000002,8,358,4
5.252724790963537,1.6954753751449738,1.5655662577007603,1.9258873736404545,9.012164249398968,6.424323129021301,1.5000000000000002,8,358,5
5.02874307315726,1.975313636666819,1.8662600835560097,2.602406698088718,10.770099762438132,4.460899813178146,1.7000000000000002,8,359,1
5.028043255527439,2.0387993633517354,1.8688060515266225,2.602873987093873,11.26609300998539,5.9956635435262395,1.7000000000000002,8,359,2
5.680363088347616,2.056884115891325,1.8538147848437936,2.54235807743262,11.423116173311062,6.605207272965694,1.7000000000000002,8,359,3
5.519902368037115,2.0091949800840845,1.8215408924356749,2.436744066646311,11.095791595368883,5.7992048187663165,1.7000000000000002,8,359,4
5.455674609200043,2.0168943726891606,1.8583848360632316,2.544126579411969,11.163790565376113,6.067930517336909,1.7000000000000002,8,359,5
5.290608253901593,2.213119413162511,2.052732786041464,3.1441915957284112,12.530110383680372,96.0402822176209,1.9,8,360,1
5.46216292179237,2.135958703766676,2.0568946662535295,2.9147797932555206,11.902437956030797,24.489746645230102,1.9,8,360,2
5.759708572133719,2.267593884277869,2.0980721728328047,3.064738954963995,12.90979852489706,6.618980202495624,1.9,8,360,3
5.581731099096503,2.2495358404560295,2.049193156282814,2.9937924521347608,12.784173094758383,14.07151282622008,1.9,8,360,4
4.951968329713289,2.171378597581483,2.1010902317236013,3.2193537781263584,12.066757511941956,69.31799360609548,1.9,8,360,5
5.2142624306690815,2.368474178327974,2.2496687083714546,3.5885622853277326,13.611506114284389,33.87063965453028,2.1,8,361,1
5.640517824458832,2.449139458688438,2.2770645806989296,3.681670555110529,14.336874347576208,16.530343252879725,2.1,8,361,2
5.528865252719403,2.3554524509034716,2.31950180075716,3.511461216998685,13.515578648253486,21.136334183292465,2.1,8,361,3
5.431044906375649,2.4165964978182863,2.312858176946848,3.6967657157773743,13.920203057396645,18.06218796857299,2.1,8,361,4
5.0238382782338045,2.299726637197348,2.244504491031318,3.68152264292242,13.015702681310914,9.057689840447855,2.1,8,361,5
4.924306777875955,1.9838589135760984,2.1327459410106653,3.5111584643227385,11.302312347727982,10.78658166299831,2.3000000000000003,8,362,1
5.38216062820609,2.466151236777295,2.4384320296373687,4.131391883330867,14.46355993959722,12.866226133388263,2.3000000000000003,8,362,2
5.173253241693195,2.417346805598025,2.44542869884279,4.1890297262538905,13.972022745868236,14.318439286693575,2.3000000000000003,8,362,3
5.608857657894118,2.4423992134237857,2.4932286803343313,3.9433338620361527,14.248613659148532,14.203737211634577,2.3000000000000003,8,362,4
5.485991448225893,2.3107338527511763,2.279937924382625,3.715239810846816,13.466902430668776,27.371117885793264,2.3000000000000003,8,362,5
5.584215167599714,2.4527278659456337,2.633114312427396,4.352341524956022,14.389038302170682,16.684558475231903,2.5000000000000004,8,363,1
5.909397035360261,2.6171474821907847,2.619142257170564,4.3918102279263085,15.838339724369014,17.847426441543938,2.5000000000000004,8,363,2
5.121047990278049,2.500374839087287,2.635495484982449,4.392703244015183,14.759343004788018,26.25088566132785,2.5000000000000004,8,363,3
5.427418800107721,2.4679558850090317,2.7187668214847824,4.200370631065862,14.20987954745011,79.39156477001278,2.5000000000000004,8,363,4
5.376378331569539,2.405452908026206,2.5553724864641003,4.287310446880064,14.313969687574312,22.81919287728761,2.5000000000000004,8,363,5
5.488707163326906,2.2743536443341186,2.559168968610937,4.168761382605211,13.67738729780859,15.70634845378896,2.7,8,364,1
5.787486749746354,2.6042031111588275,2.8382054328066433,4.632807752544694,15.574009380161248,37.59560363688619,2.7,8,364,2
5.281289025172609,2.451520530533072,2.8092990845003785,4.726648147115109,14.44214748836595,20.725817089272525,2.7,8,364,3
5.242111374526988,2.4936395501587043,2.7955178334885686,4.71706572696394,14.839869736538548,25.561321954463132,2.7,8,364,4
5.446423060139298,2.5415600062050605,2.7612173346744497,4.871168285356405,15.27895571595463,14.920965530038307,2.7,8,364,5
5.88965522438729,2.622302157690698,2.9057821960517836,5.04310839863794,16.217344952067073,49.822927125667114,2.9000000000000004,8,365,1
5.405378917903056,2.5583096418711486,2.891875459205129,5.064949852608266,15.644080397469777,18.242101519176604,2.9000000000000004,8,365,2
5.320821492835076,2.4785640043846793,2.8929416432900856,4.963904005971523,14.754966978594243,19.90846404628119,2.9000000000000004,8,365,3
5.621371389666275,2.610299486671746,2.989952799778325,4.973773578190313,15.934230064072404,64.64425557852329,2.9000000000000004,8,365,4
5.374657867260696,2.539544357459842,2.948888990943359,4.943980689785207,15.315585039348916,306.35152891786436,2.9000000000000004,8,365,5
5.553026000305523,2.569892443209942,3.1288923802102993,5.350479604720244,15.82159626140894,28.740772476608637,3.1,8,366,1
5.131246623100498,2.50407022691861,3.164417924883351,5.4474963080691925,15.218704644730902,60.56442056576294,3.1,8,366,2
5.333395214255458,2.5577102806433807,3.1260463313382045,5.3487570661754695,15.709458977716126,96.17998168260642,3.1,8,366,3
5.633685239462439,2.6364302847895926,3.1555861277590886,5.425795645930668,16.52047094579285,19.904540622968785,3.1,8,366,4
5.576565770521306,2.584685750557723,3.1582110984846845,5.31489247497381,15.976341532762238,37.46492997288866,3.1,8,366,5
5.197699806622322,2.4829609653732763,3.305775606952031,5.619953127075746,15.05550629011938,40.3059406676608,3.3000000000000003,8,367,1
5.017361413616321,2.4371725856799458,3.3116452499958022,5.61106337533908,14.52730832999162,149.7939742568516,3.3000000000000003,8,367,2
5.206116957723928,2.533454710017015,3.3248636742975015,5.659376890246311,15.598518504715177,16.841478913508624,3.3000000000000003,8,367,3
5.163595889117706,2.5305366329926224,3.33702331501767,5.799007961939534,15.614049238301918,122.03723069596612,3.3000000000000003,8,367,4
5.44681429548197,2.567503616189934,3.280153161211003,5.735891829300335,15.971707692581662,44.291440848076284,3.3000000000000003,8,367,5
5.518023116514552,2.578540106817709,3.3974856910221427,5.982473075106919,16.215666316509445,80.3813228320787,3.5000000000000004,8,368,1
5.636233737319176,2.565895557074827,3.3898168769551917,5.939327066132193,16.041193601174182,152.05078263237806,3.5000000000000004,8,368,2
5.29226944603797,2.5850168598373107,3.486650380202774,6.1256549645827665,16.36130650999349,297.19682524044987,3.5000000000000004,8,368,3
5.103820961932839,2.468799494686641,3.449193695312262,5.90721882233291,15.006701990246746,66.45836434213507,3.5000000000000004,8,368,4
5.574794019910994,2.584731386070267,3.4542692522679213,5.9379239373990576,16.302020167873177,194.6554493288151,3.5000000000000004,8,368,5
5.64581993480437,2.52981648591012,3.6828000355266526,6.191357767994768,15.772568109764157,172.73376332898013,3.7,8,369,1
5.489684127957914,2.5849472556111897,3.6359610656867583,6.101573509074173,16.316238452725614,68.94344099361375,3.7,8,369,2
5.168128537355486,2.449601934353241,3.5552379725481273,6.24235861094289,14.944616959272986,98.07650137498962,3.7,8,369,3
5.6454584501348,2.5491932470117797,3.640328929845596,6.108974910754955,15.925729303041765,33.23549695411634,3.7,8,369,4
5.375564573606236,2.550413395658412,3.722235574742416,6.1035327611413965,15.97876622663809,37.90497774178297,3.7,8,369,5
5.421510254885998,2.454807886059821,3.755881118945239,6.3170556787472405,14.997970879089838,74.61659837331786,3.9,8,370,1
5.316532165416025,2.4926137516109965,3.8208008954735697,6.307083016161791,15.480364042066643,46.00250404571644,3.9,8,370,2
6.063886424434927,2.6821328919632172,3.792263104834181,6.526852917661374,17.7320571773036,125.1045985532882,3.9,8,370,3
5.755679330402248,2.6275770178065367,3.8717685261546633,6.42492203063701,17.002719734902367,48.67512218739478,3.9,8,370,4
5.404919799049367,2.4821986592994327,3.782343983384652,6.3681258331019155,15.432808628892015,63.46178899351971,3.9,8,370,5
5.570398355149881,2.549420706893314,4.118116651968974,6.761773751084493,16.22213271750456,165.56373557740275,4.1,8,371,1
5.084595081982772,2.5302116397953283,4.005699103058475,6.782611645566836,16.081302463603883,161.41823890843492,4.1,8,371,2
5.706358969667833,2.539981403887781,3.944930971466735,6.651630375425928,16.244071782675928,93.05512860137272,4.1,8,371,3
5.1859145452901965,2.50230738909029,3.936608838762924,6.738966823365576,15.777421680320346,22.195847846620936,4.1,8,371,4
5.268582008257524,2.4871829840291917,4.073949892875925,6.680350149306422,15.563331862071408,22.605267579120937,4.1,8,371,5
5.278736000259362,2.5674719737869527,4.2293143392174715,7.1202548933705065,16.712738523149966,140.66190032599528,4.3,8,372,1
5.371568100523528,2.540347903233142,4.234931895381782,7.150805563621439,16.388873614658003,110.37800754022958,4.3,8,372,2
5.355439067700599,2.5583634682347167,4.118938144595463,7.0375094416031665,16.5459321008429,52.197476444021234,4.3,8,372,3
5.497475186422456,2.520921273424896,4.170908419949999,7.054086871589691,16.111971302945502,80.4909033272781,4.3,8,372,4
5.4370499442121485,2.5915124212720415,4.225565232778333,7.124073971764962,16.997305304482975,81.53872344949103,4.3,8,372,5
5.418384178851125,2.562974899832666,4.448123767183491,7.345210052569817,16.777081213123413,25.5951280482246,4.5,8,373,1
5.497847178069821,2.5486821580391306,4.452647393093781,7.380236338738109,16.60347614190276,47.39199644993799,4.5,8,373,2
5.232010058218686,2.527021880280943,4.374836370824479,7.381142834012553,16.337257182480244,91.39326666996952,4.5,8,373,3
5.482006963541824,2.558625655710137,4.39880817471119,7.250349354585351,16.698450254559273,4439.922655276392,4.5,8,373,4
4.936283095234322,2.4896370629411093,4.36777455990492,7.320747868909294,15.869761359297572,46.44690045672601,4.5,8,373,5
5.616716333361729,2.601934442428272,4.530566282567127,7.679433044882637,17.40877700128317,3064.924318201226,4.7,8,374,1
5.88533858952112,2.6119278608634997,4.5973673499509635,7.578845832967991,17.476217017735152,1145.4377112816712,4.7,8,374,2
5.387647332222286,2.5281566863183436,4.527299434925152,7.563256241999669,16.48928896387119,35.95662699206556,4.7,8,374,3
5.711775190102039,2.6624243447520475,4.472353784341749,7.686376025946258,18.162370150492677,147.10478651128696,4.7,8,374,4
5.702279388111212,2.6741157133608735,4.621658676253213,7.500970649093846,18.07536729655333,114.4725596235876,4.7,8,374,5
5.37033199642221,2.59500381560169,4.831642773158722,7.92092696861098,17.478721551740332,165.34641870833414,4.9,8,375,1
5.237161105658505,2.453600021815468,4.706756335568235,7.939529643801659,15.700811192097236,37.63035941487052,4.9,8,375,2
5.621434017068822,2.6368550573955942,4.799555623608758,7.916812947081958,17.988924980000363,40.24581733000946,4.9,8,375,3
5.636848502697178,2.603935393153823,4.67009154734685,7.886782221906317,17.575054059081015,154.96250934185986,4.9,8,375,4
5.366758432637288,2.580181227134026,4.643586215571791,7.832781467390712,17.255371148649612,84.73768760710514,4.9,8,375,5
5.640437171250441,2.651700875239622,5.028536712392554,8.154718689335581,18.32298130651481,128.75538711189492,5.1,8,376,1
5.270266357401586,2.5181064993958397,5.01212785520053,8.153196410851425,16.620867953781982,47.29306241834701,5.1,8,376,2
5.108508105391152,2.4867564244224036,4.86051999686101,8.216381483523792,16.251044891457447,27.382979957121005,5.1,8,376,3
5.678281401891641,2.620094060152425,4.807008574739443,8.065198931304508,17.869374581793274,149.21549526045115,5.1,8,376,4
4.980453086787828,2.4469684684994126,4.949814270942462,8.229235764177306,15.722640606835038,28.960755874545377,5.1,8,376,5
5.473215340429172,2.5608485299153565,5.192424820555794,8.410205976643619,17.305255698020648,263.1421016650344,5.3,8,377,1
5.478158074620991,2.548864799901828,5.141320302750613,8.518972698857318,17.18554283235239,51.25662041779904,5.3,8,377,2
5.387747052984945,2.5087533764716192,5.1822780681034715,8.438717209249946,16.626040627204254,29.74635853945164,5.3,8,377,3
5.748663974934673,2.6691527642616606,5.141261069323772,8.376685249352077,18.69091680088608,141.84651616140172,5.3,8,377,4
5.35002530235006,2.54561657631634,5.020644285873102,8.404697504113368,17.10175633402872,23.336605333949503,5.3,8,377,5
5.434216881769683,2.6411716965489593,5.427533686893193,8.809676621758756,18.578559063251262,215.78325928548415,5.5,8,378,1
6.037926257732423,2.642746238280576,5.3839820934876625,8.722854441250483,18.558038632594513,75.61686697420184,5.5,8,378,2
5.632356878496471,2.6360312034441535,5.3375970432376985,8.702152883006498,18.455484696229064,96.42755006347836,5.5,8,378,3
5.453788053105572,2.5543061039705264,5.238998071956584,8.639324687850253,17.32697037754996,45.68979360836838,5.5,8,378,4
4.8749990566796155,2.4427789912883835,5.36296056820777,8.65815596179851,15.852554354762036,105.44297836602348,5.5,8,378,5
5.689351514850764,2.645106486703288,5.568140874731814,9.058888780753527,18.798195859107867,55.705706533405404,5.7,8,379,1
5.334837659946368,2.543128097404118,5.607305540114805,9.031385848217624,17.356709097556134,83.07942861750051,5.7,8,379,2
5.735101147966693,2.621634921795674,5.482017220446676,8.861935287881078,18.355627408558803,47.129336849246435,5.7,8,379,3
5.294279097772391,2.508772144755134,5.5277683991288695,8.984648885939688,16.89240216852251,288.87780952266706,5.7,8,379,4
5.089431622895452,2.4223005024988233,5.416905177850901,9.06700633506331,15.748186663567456,81.18942805217195,5.7,8,379,5
5.661057455948516,2.625476422157682,5.780507865247963,9.259636320589946,18.647463071873972,71.79281009561593,5.9,8,380,1
5.303927956867977,2.537259550479492,5.624047543822968,9.205828553189107,17.385646954742644,39.933444815900224,5.9,8,380,2
5.384098598721831,2.526867277857182,5.667985817120031,9.27399164603299,17.285079302254978,41.49676599417116,5.9,8,380,3
4.992159794992929,2.452129408430624,5.809257445912216,9.250577841410273,16.22959484329626,209.901796352566,5.9,8,380,4
5.321869801612443,2.548962668441986,5.835191007457478,9.225640634896642,17.552256811434304,57.32137606396828,5.9,8,380,5
5.222600772739446,2.519970524137378,6.076675267790055,9.687486372615282,17.373886114134365,36.106629706565776,6.1,8,381,1
5.560189205849756,2.575979360089309,6.032528335286772,9.489542212427848,18.08920117437516,209.3547822681353,6.1,8,381,2
5.940941505499915,2.6928367610926567,5.981811292557206,9.504818926231671,19.73198427183281,93.40308003002812,6.1,8,381,3
5.728903182983101,2.639266558585255,5.996401159194693,9.579982375911031,19.031525044903745,210.6560177521801,6.1,8,381,4
5.515132876571889,2.5759076876822973,5.9669786562868605,9.468195285328916,18.051998342667492,76.64426578610868,6.1,8,381,5
5.237052740799586,2.54440658779007,6.0848259107248035,9.74931578781999,17.77766877386751,123.25829436738032,6.3,8,382,1
5.353770248370318,2.576265783023307,6.10155603642036,9.77624732609882,18.229073380417987,146.01646078894646,6.3,8,382,2
5.5418310863692755,2.541820797213943,5.999412582224121,9.868179694674716,17.76786990680532,82.43628271369016,6.3,8,382,3
5.502644643457937,2.6007055169023157,6.094849508182198,9.789096040927571,18.586432022084935,569.8120040537159,6.3,8,382,4
5.104701543150616,2.520664724741639,6.140373937123824,9.972644074204126,17.53081184951262,5295.985681310293,6.3,8,382,5
5.548598442762618,2.5989133372889124,6.4041005784953615,9.991563349397998,18.680253323903433,54.42467942897771,6.5,8,383,1
5.666502981875054,2.5601764060514185,6.1943438050235695,10.107912361530904,18.17713599157398,107.14514240298948,6.5,8,383,2
5.172639340135245,2.5002972314970213,6.365336606340041,9.882310214831604,17.164011113180162,25.105245266929,6.5,8,383,3
5.221617121603685,2.528684904489107,6.309752628653807,10.19784136055586,17.762841444504833,88.49603399104546,6.5,8,383,4
5.25738107626287,2.505035238742453,6.339744096304114,10.042462241888767,17.347256545356245,87.44716423714247,6.5,8,383,5
4.9872730836465085,2.5559015254498956,6.612649981416076,10.472935887588616,18.30605804604791,56.84856613243617,6.7,8,384,1
5.938909063451848,2.6035141635619823,6.54388570519179,10.259231694316702,18.891643178547483,65.73030718239227,6.7,8,384,2
5.904952618104835,2.695299175732098,6.4078405739675395,10.313441779232129,20.292785317786603,95.06878560222523,6.7,8,384,3
5.324526500190783,2.57016639824547,6.476120910466766,10.337533847675092,18.461458961975875,100.61981020389936,6.7,8,384,4
5.535656555078537,2.598897180262304,6.602378355206032,10.40227950586449,18.89953791519433,49.75780288715972,6.7,8,384,5
5.612794308258744,2.5212448992958914,6.797550933586745,10.560517375191235,17.856421918426427,52.169695180563714,6.9,8,385,1
5.545604389672754,2.593292479667195,6.735558411459593,10.723719049091684,19.014345395012473,67.56643446508377,6.9,8,385,2
5.578070561971795,2.5887289477390794,6.645475150787613,10.69547124493785,18.90769809407358,395.7355544158762,6.9,8,385,3
5.473390593129233,2.5802601203163076,6.661363452146462,10.50407815921595,18.656250063488283,404.7424962012636,6.9,8,385,4
5.225086083771292,2.5310038579604583,6.722616319272402,10.773140592597615,18.081738804813263,117.68958395600846,6.9,8,385,5
5.2541673036682,2.5221233491752395,6.93063074265866,10.79789407663326,17.958749115034504,230.22792859440307,7.1,8,386,1
5.506882688618095,2.619665342541321,7.029122866957161,11.084057741330945,19.6062864823084,94.5725867313072,7.1,8,386,2
5.489465118993542,2.559734135599958,6.8890308564118135,10.867443328592229,18.56423084547507,45.72785277087129,7.1,8,386,3
5.433139225492855,2.6034788315732538,6.8686295426173185,10.920920273163064,19.282618437935582,93.97254707110584,7.1,8,386,4
5.265302762565863,2.535316203687433,6.996131561105392,10.974570534099382,18.26412028633319,117.161401732898,7.1,8,386,5
5.1398460693309165,2.5334894082304684,7.066987867935336,11.251331266442724,18.354524931656627,70.3895490050643,7.3,8,387,1
5.18969366393898,2.5160101437511537,7.239661921016226,11.20383438663339,18.055870754511943,238.08954009081273,7.3,8,387,2
5.566430117370679,2.616208979785945,7.186847061565952,11.12527524323881,19.592937059578045,57.329335271466825,7.3,8,387,3
4.972543690679693,2.4199083188145343,7.0945753759164125,11.18862781890893,16.5462107097538,30.06603703661013,7.3,8,387,4
5.4523773331006655,2.5789905650637537,7.061884695279994,11.204970252235547,19.054824904586443,51.204382118839,7.3,8,387,5
5.849169596587085,2.583959745237314,7.3658145531495025,11.503363783881015,19.2919963585792,31.04700406629315,7.5,8,388,1
5.28283649169274,2.531364642092701,7.260131215773412,11.535023629125822,18.455866242332405,59.548968374626085,7.5,8,388,2
5.247239321614884,2.5743023428024614,7.302664470709253,11.474195115764886,19.127841860052335,33.95562805877724,7.5,8,388,3
5.424219840764757,2.542858266276884,7.313488467527554,11.700615359898718,18.749726150689657,64.7705398243564,7.5,8,388,4
5.177425728426752,2.4976200215920157,7.217039731287843,11.49155843830212,17.907121061557728,142.8971275987094,7.5,8,388,5
5.46623166748737,2.5746489379591244,7.466378120586768,11.782969288385347,19.286920705829573,355.12471600503164,7.7,8,389,1
5.696566613304758,2.5987989733192625,7.57769662484217,11.791880336428454,19.709662177118837,158.21340668721135,7.7,8,389,2
5.455071161805679,2.5341205706371333,7.599240957946074,11.659482570379446,18.596397015306735,54.72070025456033,7.7,8,389,3
5.392402374725095,2.564777315409632,7.534875963402163,11.674439247586715,19.081601406868927,46.8620698467851,7.7,8,389,4
5.768643266458251,2.5832968484870245,7.328919770817737,11.720952884113732,19.40811345472027,552.0784484608424,7.7,8,389,5
5.433821802779924,2.557731598141231,7.722215361764115,11.984492350464016,19.131088772363142,88.72598999029078,7.9,8,390,1
4.983156517277133,2.4660957821875775,7.702940568107841,12.025136946503642,17.633663261648113,55.64992333898803,7.9,8,390,2
5.5625196134711805,2.625771070887001,7.744048156115303,12.064176038877882,20.299584820930978,72.87906644203943,7.9,8,390,3
5.4205092743369345,2.597137778602642,7.746965713739489,11.95281926507202,19.775768497706505,493.2207091627564,7.9,8,390,4
5.678792395978745,2.6016865311418664,7.747182038911074,12.122780114988672,19.944901151230116,107.02522754418112,7.9,8,390,5
5.096703919517512,2.4843580228219895,7.654738961049822,12.436239227712116,18.130342427953387,39.29746259709608,8.1,8,391,1
5.420472245919124,2.5524074563462986,8.034639137603623,12.172330624133815,19.14844030467088,222.3189715536793,8.1,8,391,2
5.2559973726182605,2.557560405546007,7.784102536825126,12.359498348139953,19.28327672960288,164.65501378043044,8.1,8,391,3
5.374692396674585,2.5664754645217456,7.801573010564765,12.227323112763909,19.44023921349513,578.036120668306,8.1,8,391,4
5.474645868427434,2.5654585321746457,7.807922727002917,12.33822982110692,19.4606373478602,56.734805549638025,8.1,8,391,5
5.0092125484826,2.516641881979642,8.015326257122727,12.615787370349189,18.770777297124393,509.9765654231652,8.3,8,392,1
5.551761957267725,2.582769114380894,8.201044810494892,12.41999603252633,19.791100957888016,56.16705976324408,8.3,8,392,2
5.442768127584725,2.549999723054349,8.062229100413317,12.72730062009152,19.39920544238546,76.11602955208522,8.3,8,392,3
5.288203788304025,2.4853314547812992,8.037063698426168,12.445685382674537,18.15714070153659,876.4684292156212,8.3,8,392,4
5.1175074055209615,2.445861711129366,7.956719270775358,12.687422204619924,17.585170914486934,120.29330988341148,8.3,8,392,5
5.218666858897682,2.562053176035647,8.265944911360695,12.940586052430694,19.724632838299417,91.00486804908492,8.5,8,393,1
5.531386752611326,2.5464568767718645,8.28925659287924,12.778191562545777,19.368353469935258,67.37937971113433,8.5,8,393,2
5.143306127012019,2.548604696025225,8.342414779971667,12.827005707144938,19.436435271856368,200.9134595567893,8.5,8,393,3
5.593405051373058,2.6372773140302943,8.151796157945576,12.970695549148775,21.04007987926993,267.0028858639607,8.5,8,393,4
5.137738364531909,2.5225345617656383,8.260171861137007,12.894794834288309,18.97748289750722,205.4272331729374,8.5,8,393,5
5.430611773392882,2.518522757354818,8.629001696979085,13.227502266300563,19.08779865092888,59.91170142569855,8.7,8,394,1
5.681702524139169,2.6259972567210457,8.477402459785928,13.141914665057854,20.966822860883155,717.3744985132437,8.7,8,394,2
5.063926326356701,2.4781604440266203,8.654249677391414,13.038870113885624,18.314473262249805,49.70818711206216,8.7,8,394,3
6.012117615733093,2.6637708848099653,8.570391158895188,12.900173039870452,21.47502035346969,112.62332349924108,8.7,8,394,4
5.814854934520439,2.4874172601830304,8.624324797546194,12.92734998457903,18.42561109269119,50.43977721977087,8.7,8,394,5
5.242235290778982,2.543653060762093,8.689003257643707,13.383689161108228,19.63267152330086,59.205167052358874,8.9,8,395,1
5.568794033224514,2.5932362795498856,8.590167697700261,13.424008850003268,20.53988318453431,100.39259412579275,8.9,8,395,2
5.585736896697682,2.5770305044089317,8.710094156892021,13.39936363236754,20.24175127150972,110.779454811348,8.9,8,395,3
5.94478029056389,2.5904990546581805,8.646091597493324,13.42031242588274,20.48404260493018,58.88309312982332,8.9,8,395,4
5.512040500764162,2.5350187745236425,8.697055678850333,13.414619809046377,19.48412847496772,54.724058305704496,8.9,8,395,5
5.183543288919559,2.463367975412169,8.708783938696305,13.549927074853578,18.259821440158387,69.57038017570163,9.1,8,396,1
4.894454018091906,2.4565127774339524,8.737301589566233,13.650973385259464,18.184954069168004,47530.53529228164,9.1,8,396,2
5.269864503799816,2.5160831850392373,8.969635080003554,13.847996326602583,19.35823005895948,68.3874974967896,9.1,8,396,3
5.317870938925026,2.5085224034921043,8.873459411734679,13.681058354341635,19.139341655809098,47.355471896296635,9.1,8,396,4
5.65968239552333,2.612630511608644,9.050785490460123,13.772470233294172,21.082217341609777,53.63755038299693,9.1,8,396,5
5.569818951145677,2.600639122212517,9.152011397182402,13.864561980756688,20.906341705686227,144.68236821433223,9.3,8,397,1
5.622522315940212,2.5973223647836496,9.141028098290418,13.85528467102922,20.835620486683915,685.2695378489155,9.3,8,397,2
5.088081053486395,2.516661571130352,9.143654037072118,13.83375246382404,19.37101965486345,245.90235470224764,9.3,8,397,3
5.466451985046711,2.5671348612193094,9.05345590408566,13.949369141961578,20.329782590488858,85.59736056883155,9.3,8,397,4
5.42787697059755,2.526484984039819,9.009394694189783,13.805625592743487,19.549498674232808,44.63021270199233,9.3,8,397,5
5.139355208877936,2.469907897695334,9.326290831254145,14.035169459540445,18.602391857782397,177.4748133053489,9.5,8,398,1
5.515444786420948,2.533439078757051,9.411599709177546,14.23685886098485,19.883897985872835,66037.05648491326,9.5,8,398,2
5.671722216591376,2.546609717286649,9.162723971923656,14.27095410715069,20.17647495839002,80.60813179382941,9.5,8,398,3
5.759710569304854,2.6400211654194057,9.43721003274186,14.155873353303605,21.809020272463588,2977.6379678938933,9.5,8,398,4
5.502080265432482,2.5533268970853005,9.26851387780492,14.126858782072826,20.190780999037557,31.449799016792692,9.5,8,398,5
5.450743788755434,2.562661502420048,9.411310555438076,14.473219404192267,20.5243841484276,91.82939331657558,9.7,8,399,1
5.621055190952232,2.6028219062823794,9.587088730293209,14.46344314789028,21.30142014688988,177.15099165796664,9.7,8,399,2
5.6087363166274695,2.6091558048645824,9.7297180588158,14.566069128298624,21.47559154929552,59.98876340447606,9.7,8,399,3
5.370918991781792,2.5063521938972637,9.446836366836727,14.550790826765468,19.526562131980167,724.9552583832451,9.7,8,399,4
5.315587719475341,2.5157893062968784,9.631714300892584,14.815124992633937,19.823836606203827,169.25873518681345,9.7,8,399,5
5.68700511302739,2.5799171236265463,9.755894247635135,14.727353448971112,21.028325322000462,424.2875309117158,9.9,8,400,1
5.513061928117871,2.6314141579454704,9.648259894254126,14.59664394058745,21.924618246791493,106.8246099145515,9.9,8,400,2
5.618152911826784,2.6185834246474955,9.7745147070716,14.849692048615784,21.83531710536107,510.655368520326,9.9,8,400,3
5.245760522697652,2.553492543361817,9.553114929371628,14.77432797642289,20.52917759501936,170.00045043603646,9.9,8,400,4
5.46009683430067,2.5929388006836236,9.788895772489017,14.661313019114944,21.224201535248618,40.05387943459304,9.9,8,400,5
0.3026611410484229,0.1465837116089582,0.10946621063829472,0.11078093132553749,0.8208975814162461,0.9905949108093138,0.1,9,401,1
0.28500765658262645,0.15146924123209465,0.1138334915218054,0.11244808168011956,0.8492754689842553,1.023469975188364,0.1,9,401,2
0.2917573310268932,0.1750419313483786,0.11584483976060173,0.11929304970000952,0.9897868786525682,1.1855887000002792,0.1,9,401,3
0.2876665666268121,0.14935929192032257,0.11078233374382052,0.11086845069737584,0.8354703363192325,1.005292538749395,0.1,9,401,4
0.2854960264734516,0.13470880989109726,0.11069980311609452,0.10765545530948406,0.7521058051038144,0.90778797169658,0.1,9,401,5
2.7435449739374858,0.4340024466147217,0.32708096872021314,0.3147766360276776,2.3734280704470327,2.466175705862607,0.30000000000000004,9,402,1
2.7606589595742013,0.3946338647811222,0.30918443797043,0.3138268944321625,2.147071148235877,2.2463447061476662,0.30000000000000004,9,402,2
3.013669866813637,0.43332828519685845,0.3245037483563474,0.32523368945788145,2.3716927176419644,2.4649362106669592,0.30000000000000004,9,402,3
2.6723671450907247,0.4099007259413502,0.3154869280346351,0.31327193995770686,2.239786153992594,2.342703790333315,0.30000000000000004,9,402,4
2.670091570654731,0.4386996937711273,0.31996108617675456,0.32234086152761693,2.402841125847229,2.4918763182773795,0.30000000000000004,9,402,5
4.451009335603724,0.61624041554173,0.48826376994276305,0.4949694608393248,3.268588617179641,3.026223236543381,0.5,9,403,1
4.0514283986848705,0.6076138784531224,0.493121677200026,0.4961909555187215,3.2175675238095667,2.987613568667982,0.5,9,403,2
3.87065832179307,0.5717446744506346,0.4860506617543652,0.49136039883695526,3.0159147092153273,2.820184691802447,0.5,9,403,3
4.3779418408902355,0.6003985456186092,0.4904693926513152,0.49548490585891536,3.1671509657956753,2.9469587866474645,0.5,9,403,4
4.381163019001539,0.6115384803879551,0.4928955076002886,0.4950366480026187,3.2505957856883376,3.0297113139423852,0.5,9,403,5
4.558746417143036,0.7340509082938353,0.6757327034155338,0.6539154247514977,3.765259393612953,3.104515814059725,0.7000000000000001,9,404,1
4.706731763939107,0.7432269533237539,0.6638607135919247,0.667781162299981,3.82597975092089,3.193589792240329,0.7000000000000001,9,404,2
4.724170750328191,0.725146941242639,0.6605081811266135,0.6527959826573271,3.727012599880132,3.1148801059467246,0.7000000000000001,9,404,3
5.063489875482403,0.772802371239567,0.6723805003792807,0.6601382035744175,4.016054303449582,3.3632580856853607,0.7000000000000001,9,404,4
4.756349378809477,0.7349020122700002,0.6661304169978817,0.6658423888036091,3.777849090706298,3.1376170322458425,0.7000000000000001,9,404,5
4.7950572650940275,0.8253192433157993,0.838308991939859,0.8422193080248369,4.083979370359375,2.967918472906569,0.9,9,405,1
4.9247026929391176,0.8770375999711679,0.8475094889470978,0.8477607813747747,4.419204465553601,3.2734783501055933,0.9,9,405,2
4.758107662747602,0.8272848836685329,0.8512731587556318,0.8514782875442382,4.127679203266539,2.996046334243016,0.9,9,405,3
4.900539674774216,0.8625581865160464,0.8447259205864038,0.8573971672280565,4.335814412294951,3.2018966910449667,0.9,9,405,4
4.543724053050811,0.8285625368584587,0.8574066167412144,0.8545162633149077,4.122864985501011,2.994712149953062,0.9,9,405,5
5.031110961114088,0.9969494057988768,1.0435260187425284,1.0554221449509062,4.979910863365971,3.2365802172856797,1.1,9,406,1
4.680275142216464,0.9869835266535848,1.0394689606202523,1.0528823858772378,4.933119850800346,3.24913692818295,1.1,9,406,2
5.192592979087693,1.055861503693692,1.0468917355585443,1.0605657946568068,5.304386441308133,3.4651139872793264,1.1,9,406,3
5.198512801383298,1.0115255201611804,1.039656679598946,1.0585789547416624,5.049296257307668,3.2714055018167585,1.1,9,406,4
4.829379706860737,0.9974313189290372,1.0692498717131411,1.0647576084813797,4.948349436290851,3.162731352113678,1.1,9,406,5
5.66054247550896,1.2646252756651286,1.277255175141202,1.2964602091682764,6.451141813468197,7.268573284238824,1.3000000000000005,9,407,1
4.91956342950079,1.1566920001452037,1.2761918963324228,1.3006276504634289,5.736087939955727,3.0693609910819575,1.3000000000000005,9,407,2
5.057363273286635,1.2277411234283333,1.2746876331170562,1.3434029664850269,6.223619300350868,3.434068477152328,1.3000000000000005,9,407,3
5.262900188154019,1.2140361582899473,1.2848080440382217,1.3281075402386635,6.153000628836558,3.4167612929206905,1.3000000000000005,9,407,4
4.561199820195743,1.1636168607609474,1.317261438908041,1.3783217175391456,5.812733684027585,3.0506724382284345,1.3000000000000005,9,407,5
4.981073847219172,1.420427477067165,1.5733202729638616,1.745159758091282,7.309612469126322,4.479131122419154,1.5000000000000002,9,408,1
4.959573058014655,1.4166380565674868,1.5782696795836817,1.7201209996606743,7.295789750228538,4.217802332779852,1.5000000000000002,9,408,2
4.9983794945072,1.470820867108765,1.6101238349370215,1.8064063387974072,7.654076717112627,14.966439896703427,1.5000000000000002,9,408,3
4.644069051252041,1.4164949143426335,1.5884895690165377,1.772886816641415,7.2896581809600285,3.434752349452838,1.5000000000000002,9,408,4
4.831803610747779,1.453390766143878,1.612278933417693,1.8357204661568092,7.555876465125154,3.534027510919632,1.5000000000000002,9,408,5
5.15837361694523,1.710924720579686,1.883224566542852,2.342249590561461,9.210215466159688,20.10933768233328,1.7000000000000002,9,409,1
4.989091209524044,1.658882766368437,1.8579605808190505,2.351814212886255,8.819507407635463,4.078981145503301,1.7000000000000002,9,409,2
5.366165538679916,1.6969919124344102,1.876320917876034,2.2357799156871097,9.014361013944365,4.506184687646148,1.7000000000000002,9,409,3
5.132137726877173,1.634134564073595,1.8571019657793,2.2646165637464555,8.627307150623544,3.3720372889897923,1.7000000000000002,9,409,4
5.402335458313553,1.746816691674295,1.870908799921728,2.2848735188622205,9.405382254685485,5.750958865623321,1.7000000000000002,9,409,5
5.354538491908509,2.038270760260059,2.1470971769916973,3.0720999016028196,11.419382969042433,46.01592413312086,1.9,9,410,1
5.485433061701786,2.0253449497098384,2.1234553359165975,2.927398432872653,11.354401458351145,46.075479626857685,1.9,9,410,2
5.005625189449022,2.074700582619235,2.1317549487421976,3.1315735326450795,11.724109926731362,6.315603926754235,1.9,9,410,3
5.108697594431467,1.9792829869834787,2.1421958554712672,3.0105665101421946,11.031407180221157,15.678589186985567,1.9,9,410,4
5.435771526843901,2.015515464874047,2.152256962644915,3.0515017133544413,11.26719596879852,187.07370415025773,1.9,9,410,5
5.47421344049628,2.158926269388862,2.3172517542506825,3.4684734017199856,12.333532993398745,85.02149221437499,2.1,9,411,1
5.446576540514297,2.239955576403496,2.330395780879875,3.608028057943153,12.996746072034588,8.554769543693846,2.1,9,411,2
5.0788469879392535,2.1198207561877576,2.3010335327227036,3.6895490078386506,11.933597024361754,35.01376480894154,2.1,9,411,3
5.405776754775489,2.075135890156486,2.546839257841128,3.3777934729606773,11.914659341375366,23.56753257800696,2.1,9,411,4
5.246699443116919,2.14342084499312,2.3718144286815623,3.6278644801875055,12.172457905617083,10.118716563026435,2.1,9,411,5
5.312194303877624,2.4196663740888154,2.5141985280805983,4.325273679272639,14.467918489278722,60.69626244181968,2.3000000000000003,9,412,1
5.609167768341122,2.3576988717803222,2.5134195823881567,4.146402468510918,13.969221211955157,83.73549372972285,2.3000000000000003,9,412,2
5.127345700704153,2.28693844749934,2.489809829651837,4.263246504594588,13.579755831998838,177.86974773758632,2.3000000000000003,9,412,3
5.4522012592659825,2.427783342385938,2.518328315237546,4.3357265334964925,14.50217177787606,69.04503429922005,2.3000000000000003,9,412,4
5.217786501244925,2.141974996066483,2.460548448392734,3.7811804851772113,11.813982865643672,15.523971588364512,2.3000000000000003,9,412,5
5.49606705982527,2.456231121253408,2.6236516644677805,4.6628193955876975,14.913018397471152,47.01374630733872,2.5000000000000004,9,413,1
4.978299856830329,2.4316129980625196,2.674631251792633,4.77451509757315,14.525114937705435,46.70683119129659,2.5000000000000004,9,413,2
5.685468827419795,2.534701415016211,2.6149618294902215,4.751253387261302,15.60574018416356,59.612307416877336,2.5000000000000004,9,413,3
4.624101651701501,2.3456045013695026,2.685211377525549,4.622275311609306,13.667484409485136,27.14294061160526,2.5000000000000004,9,413,4
5.023932521205643,2.474276747828785,2.8168342236610733,4.797972322654302,14.61148966679284,36.88908616912301,2.5000000000000004,9,413,5
5.389389387342981,2.530660240275472,2.8715367569302983,4.97658757795751,15.339945727209184,232.02982578021653,2.7,9,414,1
5.280739396071341,2.5056730594526098,2.769644325198651,5.2300645497816465,15.32781192367985,58.82737837921554,2.7,9,414,2
4.80726442046648,2.442067676256578,2.8079731333816835,5.130007555050923,14.592644593832755,39.246717404847715,2.7,9,414,3
5.204976753655767,2.4119014252204636,2.8351228918264666,4.872592441261062,14.354080081525192,24.92524865105336,2.7,9,414,4
5.596804309232131,2.4585448307979028,2.821851816272111,4.944379916550345,14.803443910359247,190.48820693797256,2.7,9,414,5
5.031877734969949,2.5311175828004115,2.9904706607966975,5.683198012173873,15.737101694978277,240.94327513624427,2.9000000000000004,9,415,1
5.3968511583738445,2.618763071190874,3.0033409544734115,5.64109934221378,16.572690992218973,42.42041917366484,2.9000000000000004,9,415,2
5.071609850915302,2.421851149028696,2.9546838391622825,5.342588429143489,14.521241597933024,23.809846321307116,2.9000000000000004,9,415,3
5.408376077901818,2.480276166723481,2.9856659353118493,5.369930614335632,15.074615542959634,217.79905386183387,2.9000000000000004,9,415,4
5.599924874420189,2.621684197903936,2.9875734996085073,5.621522066850258,16.5681881023884,67.01414884679662,2.9000000000000004,9,415,5
5.164678120458118,2.533662760999174,3.180576779196482,5.900263970095428,15.897211928392014,205.15587683331265,3.1,9,416,1
4.823749545555779,2.5270166749106613,3.103595851625798,6.099526746593379,15.791237348452402,25.19487718962044,3.1,9,416,2
4.911385303002167,2.7630870230020146,3.651688723585067,5.7884103826455,14.93481448124217,76.24216216233698,3.1,9,416,3
5.116444888100625,2.5252492086697993,3.1808446983529137,5.85548669689636,15.707354819571758,46.80499973541227,3.1,9,416,4
5.123384237146167,2.512211418642062,3.078691508698539,5.9443312606117775,15.581821618668492,79.72772929363086,3.1,9,416,5
5.163078833030171,2.4997186795935677,3.2904639687228867,6.227341856582492,15.599756978086589,49.42505217991986,3.3000000000000003,9,417,1
4.917107357173528,2.528669829693216,3.348840928647996,6.270082511862436,15.95201173378969,77.3460784530661,3.3000000000000003,9,417,2
5.085868617038116,2.544155441067399,3.304554473813592,6.475437525478415,16.14532146892351,72.85736137661839,3.3000000000000003,9,417,3
5.522508036217005,2.565795275084408,3.2740487637129165,6.15987090804625,16.2859613405883,33.02121276496994,3.3000000000000003,9,417,4
5.172051895823698,2.4697489492585736,3.2335969618938414,6.042619408771066,15.349080147321702,77.76012398438158,3.3000000000000003,9,417,5
5.17077256937646,2.603492393348811,3.4402618387466957,6.629541628453841,16.91396740362561,145.13268613830206,3.5000000000000004,9,418,1
4.6855286096458295,2.470116875457509,3.4381878098073533,6.606045956615247,15.405287870820928,101.87145144489324,3.5000000000000004,9,418,2
5.35484370208941,2.6236492506172584,3.4255054213447393,6.596683679053673,17.137693953154624,277.97481785671675,3.5000000000000004,9,418,3
5.25534526833864,2.557000928498438,3.488509433515336,6.46774739392338,16.336318954621234,1006.8522971116928,3.5000000000000004,9,418,4
5.561250899522491,2.6182970842602424,3.4731439775251913,6.5522875091755415,17.04749496695288,470.8462378339301,3.5000000000000004,9,418,5
5.584510567188298,2.546644808031576,3.6455019385015217,6.2215374899000055,15.867136166190784,78.05123818277784,3.7,9,419,1
4.482756080735318,2.4942885228555105,3.689701645586241,6.955157423338716,15.797076166089704,18.93729235756479,3.7,9,419,2
5.29248188514919,2.54389464523188,3.671394026958661,6.751718210651061,16.337258756629296,196.45797588775247,3.7,9,419,3
5.199616895013348,2.5087185041930176,3.632558310905675,6.386962608531234,15.775849529736329,113.75843827556828,3.7,9,419,4
5.302374878359414,2.55056752527543,3.622762554342757,6.695068851503772,16.37419840683559,39.12300644321897,3.7,9,419,5
5.637721183996125,2.6691862410096108,3.874622849394611,7.145504006792266,17.939050255285796,56.63408117266714,3.9,9,420,1
5.547034545212422,2.522830231106468,3.7539007569550686,7.019685124942301,16.219295974132006,86.6593700667337,3.9,9,420,2
5.511836829203644,2.5747624565934535,3.6616730358554217,6.8939617092188294,17.159185317647754,169.53777084517333,3.9,9,420,3
5.075131762666241,2.573225803588379,3.782685678411227,7.145046127224963,16.84619662407115,42.556566313457694,3.9,9,420,4
4.929261780351407,2.5286453512857365,3.9000443534637066,7.0958683133401195,16.258180069863673,20.363364958903112,3.9,9,420,5
5.459317815436423,2.5941268987917256,3.9812033765637183,7.403601080197359,17.226910846060203,178.49644523427057,4.1,9,421,1
5.056446506996593,2.581597394427897,3.983609263930119,7.301880302805005,17.030682189782794,76.95252562273006,4.1,9,421,2
5.374117164142001,2.612090447874504,4.06869175136283,7.473025294875387,17.49287586532842,363.1184220414156,4.1,9,421,3
5.099883794886547,2.5324022593699818,3.9542118190229663,7.330735965170365,16.449708664339777,383.8202759070434,4.1,9,421,4
5.510683253519027,2.6389539844230967,4.0528363744971525,7.332991547560355,17.67813493315831,93.16274803029516,4.1,9,421,5
5.1866129062197155,2.5654330946469317,4.193946681158932,7.726937338088874,17.06245555882176,51.53805417109511,4.3,9,422,1
5.351610894277345,2.5621016405029424,4.147591772148472,7.556728577313371,16.929514454532384,50.42526297204916,4.3,9,422,2
5.555247423070508,2.6514641021140357,4.221984625706514,7.684215285678132,18.11244118508282,189.2887579763922,4.3,9,422,3
5.496854338958015,2.6396558891467716,4.158952251914633,7.629258949946154,17.92271574279034,539.024941392872,4.3,9,422,4
5.133075897284585,2.568668267579283,4.114097530221294,7.741443061318484,17.09839653176469,50.42052809527927,4.3,9,422,5
5.154877005222372,2.5771212608312273,4.364338764208285,7.955551175637422,17.327182494635633,64.17234273565454,4.5,9,423,1
5.4386498883125345,2.583565173709734,4.4076571255195605,7.967688418228279,17.421935357898487,43.13306492822283,4.5,9,423,2
5.128186369702779,2.572223912029332,4.268429138016769,8.08967159522331,17.36259288924274,45.86257999678355,4.5,9,423,3
5.601659724303172,2.598852685148884,4.3615156554595025,7.893619934736765,17.574860559224426,101.87225723440902,4.5,9,423,4
5.138617991476086,2.5460370088476716,4.370539922465341,7.983696101708263,16.938903919431844,42.15850323279761,4.5,9,423,5
4.959349289047724,2.5403575783744703,4.561126194007033,8.297382959965113,17.03533655282563,89.9438786092147,4.7,9,424,1
5.468562867319879,2.616921876432749,4.63739484997052,8.209813278523203,17.942275485305853,1431.64814846297,4.7,9,424,2
5.635672057234937,2.511088578334524,4.580831342196774,8.100952121814496,16.601051311134164,70.40556974556587,4.7,9,424,3
4.982487865738558,2.511146333912208,4.503415866154992,8.231886316907492,16.6199500972513,23.966504021904363,4.7,9,424,4
5.010074081343612,2.5667359388120965,4.56118951494224,8.365999480949542,17.41269801277673,175.390927261519,4.7,9,424,5
5.1870440290234825,2.550023644764187,4.743588683595264,8.472278348229262,17.24142818075572,192.7750526717996,4.9,9,425,1
5.594224494287053,2.5765386927550953,4.759043018124403,8.46416652166533,17.59954388872917,200.20844159134967,4.9,9,425,2
5.269451305854732,2.5768904012929146,4.786877314956317,8.503294699875017,17.607391220649454,452.678534491813,4.9,9,425,3
5.3450316323985305,2.595203970970372,4.707292991331678,8.521655169638386,17.869477874909265,153.79707012548974,4.9,9,425,4
5.4208272119172145,2.553942738286654,4.741845828986348,8.390071191035013,17.24378262322336,103.43927151377464,4.9,9,425,5
4.802420431651671,2.463534222938491,4.9082417414864254,8.812200036661261,16.25731775547977,31.100215485156024,5.1,9,426,1
5.559378468835601,2.6195593531940595,4.951775897688234,8.722315316256479,18.31102744861679,51.746907499093815,5.1,9,426,2
5.411722014546511,2.578810702717441,5.055593755353037,8.737125148718045,17.78076791642863,9148.584483692,5.1,9,426,3
5.473294194618278,2.6137850790662394,4.840566898016111,8.677418459530433,18.19188078544513,179.4901985648421,5.1,9,426,4
5.702155649214114,2.6075965644451524,5.067779177119968,8.753419223732626,18.147052713743825,45.73173768758143,5.1,9,426,5
5.28721974403709,2.5724036406324515,4.995683500912799,8.89244456326027,17.866471701425155,104.74589771334465,5.3,9,427,1
5.705358383646188,2.654470347127538,5.081649480283111,9.130200026787678,19.028555153677036,77.74836658039243,5.3,9,427,2
5.025419846156433,2.5498379669876923,5.179762371364222,9.061088639320715,17.55570661363368,51.98679377887345,5.3,9,427,3
5.197547316882144,2.6054518205378736,5.059678610515637,9.12128815249138,18.34973451763631,68.05253369330993,5.3,9,427,4
5.261155709686921,2.6093363093914035,5.129216582562182,9.020049751473858,18.34516616645896,118.32699135048776,5.3,9,427,5
5.163483083422012,2.5887618577356877,5.427453782357765,9.373271506946775,18.263051750547486,157.00083373604585,5.5,9,428,1
5.1929963371349235,2.589306412535194,5.361453234099135,9.34201220465378,18.26640261667451,38.65116045484192,5.5,9,428,2
4.944138419837815,2.5789371757409976,5.182921001312719,9.26480950433359,18.057970860990466,146.61468292155183,5.5,9,428,3
5.105890920454473,2.540180227426158,5.498915820257932,9.22928293456839,17.515022267273388,10734.77608437667,5.5,9,428,4
5.155030710179073,2.528368328669819,5.369531452566773,9.22980936288685,17.340685631885275,86.20760006261817,5.5,9,428,5
5.137683754413254,2.5157715238862663,5.389911600771136,9.52369794079772,17.301966596973816,21.54381989765527,5.7,9,429,1
5.168377445817455,2.5689175621310283,5.57281857052553,9.559689616744045,18.080960037779075,102.17611820829696,5.7,9,429,2
5.330226192174813,2.5997097429232428,5.409817161805706,9.617312196838348,18.565533682732745,151.4472022654299,5.7,9,429,3
5.034331966547186,2.5431373997840137,5.542009125939056,9.575957557545392,17.693455327311092,249.75017163618008,5.7,9,429,4
5.424018158095984,2.5530547433408493,5.451001766980156,9.622353126876854,17.88196550329081,37.37141409328156,5.7,9,429,5
5.217442179584902,2.578872106861266,5.729033380650714,9.908134229686674,18.410281593411675,519.1809400848646,5.9,9,430,1
5.039732957064259,2.533648741005864,5.685411005957137,9.92653500860902,17.74603178576611,47.873340607769954,5.9,9,430,2
4.546713004369343,2.4350548340190925,5.591628174287377,9.871855376458576,16.30037709645534,26.177242855711505,5.9,9,430,3
5.531762440097019,2.649452427795203,5.876803766911377,9.83174894265296,19.39242457865891,145.041253656458,5.9,9,430,4
5.714836159900018,2.6665183142901574,5.703012201804083,9.755958943920062,19.58741130179214,97.23196219077144,5.9,9,430,5
4.967449842808221,2.6750700567415864,5.6479011447343375,9.10264663770028,16.88524442786854,271.8343435998119,6.1,9,431,1
5.626162421454606,2.624320886088574,5.869331434102276,10.11929351613485,19.185941601969212,79.44718815218249,6.1,9,431,2
5.30779628094756,2.6068942998771965,6.008620451330648,10.010898103040947,18.880923160582544,56.78858666818996,6.1,9,431,3
5.109908448943769,2.5220220927804617,6.009559549096257,10.108141228348943,17.68422108798165,33.52161253631436,6.1,9,431,4
5.0096419309477005,2.487268701743941,5.813547985716287,10.139482687255292,17.188494637522236,33.83037344714755,6.1,9,431,5
5.569779177310375,2.642450831696667,6.130723190661756,10.249768462078016,19.535038868750743,438.3917587715513,6.3,9,432,1
4.882343342065134,2.57238484050683,6.003842166993475,10.395254074345996,18.579537339656863,78.79416238236185,6.3,9,432,2
5.329704301390748,2.546844440982709,6.0679623832061464,10.28554793805205,18.13817133484346,91.80732082812366,6.3,9,432,3
5.065293840313798,2.4867168914121356,6.106773824392722,10.40384320406713,17.301759205414342,1293.065964765264,6.3,9,432,4
5.221979902487228,2.506926302675283,6.172985807326851,10.3737110855008,17.579701331811982,47.24445437699936,6.3,9,432,5
5.584783284685475,2.6670921920208936,6.382540715747714,10.658823602445036,20.174779550432827,837.7247833688632,6.5,9,433,1
5.654905078873684,2.602390709465676,6.321460961266775,10.660188771241584,19.198866465867553,322.4993875073981,6.5,9,433,2
5.373132134575652,2.5758608080136125,6.320377110108742,10.6707596677068,18.77677492965991,53.77029678083672,6.5,9,433,3
4.987626770208167,2.56046456188065,6.2650347942539275,10.700938757031954,18.5546227866723,27.975478038097123,6.5,9,433,4
5.638100897521947,2.498782754097324,6.3199415375153976,10.609583436637642,17.611415789936714,59.830745946330595,6.5,9,433,5
5.04581838709553,2.5038086664626698,6.486152950849024,10.858638001801625,17.777741697837218,43.90689900045204,6.7,9,434,1
5.231747638823042,2.5193065958805416,6.445001681903673,10.9090081807121,17.989266669852725,86.86305661462065,6.7,9,434,2
5.50914053634341,2.6180942870848636,6.5955903288427775,10.818305586841111,19.5140967770666,1455.0123969736178,6.7,9,434,3
4.932640826251376,2.524670651890262,6.637574868884468,10.876529381873482,18.105140999982737,27.185930921875254,6.7,9,434,4
5.0736356757661225,2.5879187138914395,6.611065827844303,11.038222727462363,19.16135958234359,67.6638726054906,6.7,9,434,5
5.378263133119498,2.566772498754347,6.829643040097019,11.244322611385982,18.959307292116343,181.51664518543967,6.9,9,435,1
5.131453257283445,2.5397331573490827,6.610159915226776,11.27104054646732,18.54295562147194,99.78935299546504,6.9,9,435,2
5.587747789221941,2.643591614943462,6.681651223578945,11.196797477970131,20.1479128751067,649.4232116004831,6.9,9,435,3
5.387801133245504,2.612245269165459,6.848633834263937,11.158266101536846,19.635663194061397,231.59281539675064,6.9,9,435,4
4.948121484539364,2.5267247384179035,6.5851658376358735,11.196588047015716,18.289406869431787,102.779155404,6.9,9,435,5
5.263111080057067,2.6149028502896803,6.9048986021257965,11.502295789602172,19.869319596917354,75.49572300497987,7.1,9,436,1
5.183147759374399,2.5818843738190527,7.076762081646114,11.379403774782563,19.274793593443015,330.34540308316275,7.1,9,436,2
5.296475157254573,2.650949595412131,7.0390423240836775,11.423850641728816,20.38657675550756,402.5453061259797,7.1,9,436,3
5.420855039318877,2.6086538254196676,7.129494579665012,11.677699736706757,19.8535762559478,70.92534888436306,7.1,9,436,4
5.37013663894768,2.541829216755202,6.8115365871958105,11.246477235533794,18.498912912908793,277.94844014262253,7.1,9,436,5
5.309155580218475,2.5726254408462683,7.113208567833811,11.58294742691252,19.21885834280458,62.11436929803443,7.3,9,437,1
5.0158589527034705,2.5458534691181107,7.273081698688523,11.7951844638956,18.898427448996586,218.0924876314901,7.3,9,437,2
5.718942337014835,2.663635283824291,7.066095393543777,11.7492331501752,20.798284589551997,810.2380504853729,7.3,9,437,3
5.049380472433408,2.5369650952475316,6.949910864855315,11.765019689765651,18.751850536660985,27.571476559255043,7.3,9,437,4
5.165843208225706,2.5964376392235504,7.252901600747654,11.66531511589485,19.666293960107108,221.3442953398658,7.3,9,437,5
5.1726321548231775,2.5181269968262994,7.281203182566589,11.735870802492546,18.421184951809114,75.05418562303504,7.5,9,438,1
4.826048614330743,2.5302892584680285,7.265274593868764,12.067647619855432,18.77626231035191,50.944340596128434,7.5,9,438,2
5.500757699988653,2.5666581433456246,7.174204253668368,11.83953711725515,19.250471587893937,147.79472586331104,7.5,9,438,3
5.293505731172767,2.5814550200177138,7.260808047561809,11.880456932561485,19.54207906648371,56.491970526520426,7.5,9,438,4
5.311447751279467,2.596365343975995,7.30307332565533,12.041471696841551,19.868579330159132,75.52198940610974,7.5,9,438,5
5.270131658679876,2.529080340666572,7.506207859342834,12.250990359978337,18.867976761915553,101.07777581700324,7.7,9,439,1
5.039510726062988,2.548748304268562,7.460322597320986,12.228225822766182,19.1922065690062,183.8096598273783,7.7,9,439,2
5.205409255270606,2.5664712080079513,7.695202263686824,12.375607448593636,19.556539340137153,324.5244389081698,7.7,9,439,3
5.469666664848214,2.57392372807508,7.6968315838297405,12.141164090278856,19.50784784316853,34.597668339598606,7.7,9,439,4
5.1830455175034436,2.563899506490193,7.497952937135055,12.414539691149695,19.53458802499215,53.60832892090591,7.7,9,439,5
5.077082704317998,2.527853568867967,7.682455981890048,12.471292402704307,18.936770976011264,47.48540608169372,7.9,9,440,1
5.474330542218702,2.5638035643344015,7.728856959290318,12.416147981179714,19.53085183830891,156.8556763043973,7.9,9,440,2
5.118205545895247,2.5428123933589633,7.533135085440455,12.729012855946156,19.3212723010295,30.831963593886528,7.9,9,440,3
5.3965480191002975,2.6077324845701506,7.756010815155377,12.6685040053098,20.416617732633956,77.34660435248168,7.9,9,440,4
5.496891459795139,2.640963115420249,7.503768793696808,12.438496852289418,20.847058962077345,318.05326225736354,7.9,9,440,5
5.233835195270421,2.585010904088489,7.954547749223737,12.811546114264395,20.102884994592245,390.871354317957,8.1,9,441,1
4.98178587769083,2.5645254149701584,8.019834551660404,12.816419895194594,19.723002000707226,1190.3771442321613,8.1,9,441,2
5.354757967558514,2.575749046376441,7.9994931230504465,12.809126588504691,19.946499025489956,32.08069457050155,8.1,9,441,3
5.193979994681256,2.572203651090452,8.004688724655821,12.735395458171316,19.837495687504468,62.601575212243915,8.1,9,441,4
5.790483675447087,2.645882321684906,7.926600657490395,12.736914995803344,21.138697894752216,300.07289956166767,8.1,9,441,5
5.1200819495573295,2.544028105049965,8.101420495992553,12.997847489707413,19.48815897328477,82.81577977201702,8.3,9,442,1
5.1375153170136665,2.578926401271253,8.10056284944555,13.093419870056014,20.16036776964436,1503.68041911951,8.3,9,442,2
5.401185421197052,2.6416784400620243,8.10716552051222,13.067323500312648,21.240811556460496,118.13300166896263,8.3,9,442,3
5.212146242600843,2.5252217930320766,8.305404665410883,13.060603238861653,19.20995576155095,295.78242326249455,8.3,9,442,4
5.257387369744585,2.5940864320233517,8.130745922563142,13.23465178366634,20.504869014273037,764.4214331690524,8.3,9,442,5
5.324789704495091,2.5359272743561054,8.290066461660727,13.433773111046031,19.579036083648074,241.794487835695,8.5,9,443,1
5.450095189196514,2.629358384364167,8.399948534857238,13.26986582196988,21.136526075406348,218.65134214677695,8.5,9,443,2
5.41591612098972,2.562877466564543,8.241104697203362,13.31357990345027,19.96678930484193,68.21180618393292,8.5,9,443,3
5.03934921692583,2.595719532602917,8.2920629748096,13.482662420708396,20.68545902843225,54.42035793163245,8.5,9,443,4
5.3316425132547645,2.542496289338514,8.264883597480132,13.310960719771892,19.615377790154675,163.04695673806637,8.5,9,443,5
5.468473778533733,2.5808821757630716,8.337175887607229,13.694762059909689,20.511667180456246,109.0551729657433,8.7,9,444,1
5.322526261623119,2.6034203560913793,8.71575089783901,13.8042337780234,20.98669659770693,115.28893399776857,8.7,9,444,2
5.161377904243724,2.6143679625221985,8.398871025123489,13.501468444302589,21.03301011511995,78.19128896212648,8.7,9,444,3
5.48349141568572,2.585923400292882,8.40853182786956,13.673520889096562,20.58798929288405,25.860945382235897,8.7,9,444,4
4.977005995283218,2.54526062179924,8.514179340815755,13.788950435564306,19.928613152305086,535.517350876084,8.7,9,444,5
5.125694867350665,2.5601415805793306,8.546835687437039,13.83895180843708,20.221557969856732,116.0904800395767,8.9,9,445,1
5.000854800293149,2.5249946504763208,8.864036767384231,13.790198856884087,19.551493939874277,123.30524819696596,8.9,9,445,2
4.814248382621217,2.533940970161273,8.653009161365915,13.853487487891572,19.746692756132816,57.89625938786187,8.9,9,445,3
5.166921992356817,2.5688397290085017,8.739996612395261,13.963530121633513,20.442707391706367,104.55086587538332,8.9,9,445,4
5.418965334040633,2.6286637290542525,8.689536366067705,13.885993549793143,21.521767646540024,67.56698118624412,8.9,9,445,5
5.136603046469748,2.5782128878929615,8.809090229940487,14.21807772002962,20.76577513251956,52.31360488478256,9.1,9,446,1
5.381173006058451,2.567526292562881,8.600987492932195,14.240064134838194,20.569016309811463,189.35836043867792,9.1,9,446,2
5.202025204596371,2.568481548743262,9.082731103820391,14.16188886266658,20.564566671032555,73.35904165854491,9.1,9,446,3
4.9658774562692845,2.554343035448465,8.730692589657524,14.16488986035543,20.295040627006717,1473.4609372018683,9.1,9,446,4
4.587181181742638,2.4644283037226424,8.726929255734394,14.224053512152016,18.626004996796233,41.1717898205285,9.1,9,446,5
5.3810314416889256,2.6544170066788064,8.990686671581038,14.55597674606149,22.41833368410372,939.0785953445612,9.3,9,447,1
5.546762556548534,2.5984112628390057,9.045421299788227,14.544472996710786,21.325772201025092,1322.1803174531062,9.3,9,447,2
5.015077476711515,2.5822716659943095,9.22341396981647,14.600193250573936,21.042947390478098,89.07892425194169,9.3,9,447,3
5.719823013216602,2.5809940199447854,9.303728026040528,14.534828117060403,21.01002013220179,57.15545400791885,9.3,9,447,4
4.778378211434517,2.501450214478476,9.054921890570787,14.451184656233552,19.432076696095567,58.60574235428032,9.3,9,447,5
5.072895130335848,2.5881736322627997,9.338665829950616,14.721046860839753,21.233089175265167,112.9218881352094,9.5,9,448,1
5.256930860019337,2.6353654896228456,9.37403540816184,14.801863084744513,22.185369814297847,73.10565605785511,9.5,9,448,2
5.414715656440149,2.5436085053079207,9.519464004281616,14.572193033418571,20.305735320185384,140.7107356997193,9.5,9,448,3
5.047103487273181,2.60768038682079,9.39231688972939,14.686908058112577,21.586002308389936,26.06065338642528,9.5,9,448,4
5.275153420978194,2.603402758646598,9.427316047075683,14.779428609174891,21.55154036650299,210.7748147227009,9.5,9,448,5
5.238234865950214,2.5544806514907368,9.654714391778882,15.004284905807172,20.74155820181614,34.74257532924133,9.7,9,449,1
5.011067099668141,2.5839070673691604,9.53442580970867,15.100077066711362,21.351392098936707,199.92602846497235,9.7,9,449,2
5.283998325233036,2.570835805910995,9.507828685136127,15.110391495153037,21.105799889523745,32.28263688928192,9.7,9,449,3
5.422702550927491,2.61718877981935,9.423979735495283,15.02708739429428,21.988981119414017,406.05898042407046,9.7,9,449,4
4.829498718963206,2.4500901074569263,9.619725171101344,15.044965488122903,18.721591232199778,36.89028801900228,9.7,9,449,5
4.994189372049373,2.5501730140109657,9.70729467473034,15.091699132775634,20.69041060093932,55.07629556236565,9.9,9,450,1
5.145879784557322,2.554079934762054,9.60339308045496,15.330398974111546,20.89108859170102,480.2841476423178,9.9,9,450,2
5.167771714073627,2.593318993343615,9.861845369834766,15.3689636661359,21.706042152691634,670.7823255085871,9.9,9,450,3
5.49305340222716,2.566202552549816,9.725605015807549,15.110053969886366,20.999455110907633,67.38823214073182,9.9,9,450,4
5.105239100070058,2.548144227874143,9.3825290459974,15.196216834723351,20.710507556824155,3855.3441637085543,9.9,9,450,5
0.285566589693985,0.08258456896464492,0.09702238127565792,0.09786062079237492,0.427809043452981,0.4898934226406833,0.1,10,451,1
0.2795881126381683,0.0915203525648733,0.09655117354539028,0.0979462078496069,0.4787919114715312,0.5477689942523962,0.1,10,451,2
0.3257592295806691,0.09452024696468696,0.09909063127362087,0.10048796684565632,0.4991194482484508,0.5778001288186528,0.1,10,451,3
0.31038352447528306,0.10331660972279363,0.10227496763814035,0.1008076160942896,0.5591403051507623,0.6648709642596998,0.1,10,451,4
0.2921350069195635,0.09907325706009944,0.09901574572778996,0.1002984510213492,0.5282361327161065,0.6264104680877225,0.1,10,451,5
1.987039771346804,0.2712536444260335,0.28258727051632665,0.29299313978337027,1.3960307478429377,1.421249296861911,0.30000000000000004,10,452,1
2.5136566675378886,0.28919219814391106,0.29165428819898603,0.2894736892660487,1.5123814582780075,1.590571729628422,0.30000000000000004,10,452,2
2.3848082844253224,0.27330634869649895,0.2905983083365419,0.2914866555448038,1.4118749243135162,1.4487688954535982,0.30000000000000004,10,452,3
2.1366046231820217,0.2874612578369196,0.2862700280606672,0.29454076943472357,1.5124467364431138,1.5704781874834552,0.30000000000000004,10,452,4
2.226653793934256,0.28150389999487,0.2865566920104283,0.290095635283754,1.460980760366036,1.5300030626150154,0.30000000000000004,10,452,5
3.8906519780218343,0.47556918489839456,0.4776689608114456,0.4797991893877442,2.435803369400224,2.2767456379359596,0.5,10,453,1
3.4652345108827407,0.4152530246388241,0.46129305476859006,0.48065251157458705,2.071539653856928,1.847002123758074,0.5,10,453,2
3.8376713522886488,0.4461835427295568,0.47371876666887885,0.4922018875506342,2.2563146667955456,2.0659781789411027,0.5,10,453,3
4.12871273769921,0.5071819800858138,0.4774984461642411,0.491076354177363,2.6145732916493185,2.430784421131039,0.5,10,453,4
3.5778876570956464,0.44585937575622786,0.4592454718367267,0.47656460209600066,2.2537478581213652,2.0706533823390663,0.5,10,453,5
4.172092310478097,0.5891327347177445,0.6368556704294863,0.665771734150373,2.9126495630432245,2.354476230503137,0.7000000000000001,10,454,1
4.347214124405333,0.5963815932831358,0.6450889517609584,0.6479831877286204,2.945181565946186,2.3682375262769515,0.7000000000000001,10,454,2
3.9915064620026106,0.5706026691672365,0.6352002076560238,0.6766934223919242,2.80730692109335,2.22850016776396,0.7000000000000001,10,454,3
4.41583272878873,0.6168311890191823,0.6461119124657806,0.6682458124837928,3.091655460601499,2.527891464229096,0.7000000000000001,10,454,4
4.385726250763897,0.60736709058664,0.6547106257609999,0.6683307127411432,3.0257075982791988,2.44512003480928,0.7000000000000001,10,454,5
4.537041802762378,0.7215146411244107,0.8252455095635824,0.859000659309149,3.518429234448304,2.4752119775803068,0.9,10,455,1
4.800566553943707,0.7435196597685397,0.8330197341644603,0.8422101550490522,3.657166182899179,2.6340515553836537,0.9,10,455,2
4.206844884521385,0.71495571064952,0.8371774288194958,0.855847331446659,3.4821324647760483,2.409819166708756,0.9,10,455,3
4.485230277523997,0.7246817628854793,0.8166662392566506,0.8553173028529735,3.548589661698114,2.5403598511218544,0.9,10,455,4
4.398633172813964,0.7144813441984983,0.8312659939207135,0.8265481972494996,3.461910241218456,2.3659651018085524,0.9,10,455,5
4.588144607453294,0.869011498739205,1.0355777992833048,1.0421193165722122,4.214660956387373,2.546097712921485,1.1,10,456,1
4.619512012381442,0.8588769913701347,1.0309266738115648,1.072153710969374,4.142129345628094,2.4731632870627243,1.1,10,456,2
4.979551879949761,0.8579727581116647,1.02341184071499,1.0488356068381,4.1565108751398006,2.5158064780821263,1.1,10,456,3
4.718715586085692,0.8614197622857772,1.0084162942549324,1.0330534701308811,4.177788507873043,2.5891589942000617,1.1,10,456,4
4.4325731513035604,0.7617738369094118,1.064984525700295,1.0646597825557014,3.5216317370221293,1.5253032853017916,1.1,10,456,5
4.3195387425531075,0.9955712523424302,1.2662417858459267,1.2684180760409776,4.799598033200437,2.386607207165113,1.3000000000000005,10,457,1
4.6984701340567545,0.9862081091940108,1.277838552801983,1.3102761423266565,4.743923030089365,2.1847361428737204,1.3000000000000005,10,457,2
4.539011921260424,1.0336374078953312,1.2715281061548018,1.264390373803893,5.041315673030709,2.671217284679987,1.3000000000000005,10,457,3
4.8992295382980195,1.0574780234894006,1.2784451399621442,1.3145603368147334,5.1840191328030905,2.7911777461028966,1.3000000000000005,10,457,4
4.2262183624469065,0.9894538070514972,1.2775456047015168,1.296726357934678,4.74643632081135,2.562775583364474,1.3000000000000005,10,457,5
5.114761760010497,1.1912588574407996,1.5073141831095571,1.523596865403591,5.896713135640022,4.202069356384,1.5000000000000002,10,458,1
4.635384147197827,1.147664411654145,1.525779098710627,1.5374520799178444,5.57146654010466,3.3352779586306243,1.5000000000000002,10,458,2
5.210510950451525,1.2312436462463383,1.584409509071687,1.514803535001292,6.133778955646155,3.6064811043591822,1.5000000000000002,10,458,3
4.600781056973766,1.1872186129661997,1.561260005169187,1.5836763564751648,5.856300863759323,2.7135396264289273,1.5000000000000002,10,458,4
5.212969421442824,1.1812726154308175,1.496942644208855,1.5706536492393937,5.959362279694366,3.3148374796363704,1.5000000000000002,10,458,5
5.138210826211696,1.4208295854547626,1.787500155956789,1.916183665285489,7.241622782977963,6.784374984334984,1.7000000000000002,10,459,1
4.939218042452383,1.3498546698208096,1.86425451984754,2.0405561700720756,6.9225189803247495,4.155305023662138,1.7000000000000002,10,459,2
4.83393822390099,1.4623833408810998,1.8574058084168417,1.9742664408984647,7.48478431644006,5.34269146356858,1.7000000000000002,10,459,3
5.192719512087352,1.414298537301136,1.7406282094011671,1.8526869303977465,7.172601107793868,7.23454597656858,1.7000000000000002,10,459,4
4.550565096617007,1.3404347856784982,1.830524347182381,1.9769462527691737,6.781355036783863,52.31374751084485,1.7000000000000002,10,459,5
4.655002663928649,1.5233734781472172,2.128964222268095,2.422870096725207,7.766360681170891,12.423780875652543,1.9,10,460,1
4.719589958458294,1.6891856674040755,2.1391841295784664,2.524605954971717,8.926515347087781,21.350300921889485,1.9,10,460,2
4.635324481492416,1.521887940169253,2.188210369653622,2.6936934074122583,7.625276856249663,10.428874466107636,1.9,10,460,3
4.699269720610015,1.6437539116879447,2.1075851077922088,2.444619781575053,8.662137797784338,9.969760385985852,1.9,10,460,4
4.699349610461668,1.6479675462269794,2.0525655342256592,2.684113080304148,8.799299246010197,14.301664545313889,1.9,10,460,5
5.16551693255603,1.8016003146647637,2.369156864915769,2.7802286067211326,9.67359412117051,45.033546863579346,2.1,10,461,1
5.055992903559539,1.8101837663193696,2.3214996384833606,3.0555121016266305,9.70993299480604,16.90887454629884,2.1,10,461,2
4.709234226202045,1.7731386665952775,2.3716037179549567,3.168263381731251,9.412986685978172,104.64289881598106,2.1,10,461,3
4.451091584828442,1.862700791818329,2.358085679083897,3.260595785966488,10.155074765703542,8.686568175211564,2.1,10,461,4
4.871294110125154,1.8059504178320989,2.3412622782020107,3.075729419888265,9.662081302609312,15.72282802212633,2.1,10,461,5
4.8858622284082704,2.140655560530466,2.516748344793307,3.926666548183859,12.333277543709048,38.40546851161737,2.3000000000000003,10,462,1
5.069565444375801,2.064228247401875,2.539029538483498,3.712064762521736,11.64884334468765,19.131355012900784,2.3000000000000003,10,462,2
4.875531674598233,2.045375334312164,2.521380757554886,3.731081809120629,11.506950352693698,28.4026657053996,2.3000000000000003,10,462,3
4.711740091982899,2.036967880697339,2.542159409180369,3.861171232390989,11.51804062109915,73.89210459247262,2.3000000000000003,10,462,4
5.075379288857219,2.074344035890368,2.5252353500308904,3.837600184476578,11.707009227412955,11.134120212581628,2.3000000000000003,10,462,5
4.97205091079926,2.135698960309299,2.762722706684932,4.343941068322903,12.236211714818998,145.3008433111445,2.5000000000000004,10,463,1
4.735533297826115,2.0912851626863582,2.6995775564905196,4.453755813778568,11.738356233036626,39.36344971814464,2.5000000000000004,10,463,2
4.485528235672673,2.152672092077347,2.757395167802636,4.521671169017507,12.319985626213136,28.21178647519839,2.5000000000000004,10,463,3
4.5650054260732444,2.113736708855169,2.6757801333921125,4.419304630045867,12.265603996286917,86.4293586633841,2.5000000000000004,10,463,4
5.054399725988313,2.024482448685073,2.704211734781552,4.290119544761952,11.15602118661379,23.148748030294115,2.5000000000000004,10,463,5
4.72160392324226,2.2685709934769456,2.781256938926762,5.129378329286251,13.381472946417944,39.31575350563974,2.7,10,464,1
4.905261265586244,2.1579989218596025,2.8538335159349977,4.993540312134149,12.223848264822214,9.872439466020236,2.7,10,464,2
5.140126149923599,2.2468665860550714,2.799102962796191,4.713285321847883,13.163981709368128,30.56850917605733,2.7,10,464,3
4.955642529218476,2.238730794812331,2.8191702641790664,5.196911416801014,12.931642649740043,26.819449934476733,2.7,10,464,4
4.891613093011784,2.356499100007102,2.987207157625137,5.163657572864694,13.967007704469369,22.350381354142364,2.7,10,464,5
4.7772883751315796,2.3568278835416545,2.9327690699524864,5.697163854867922,14.182884937488026,56.14200477935006,2.9000000000000004,10,465,1
4.756363162218481,2.3652258585347785,2.9780310179946716,5.775426429621252,14.26711311021717,24.55127465634989,2.9000000000000004,10,465,2
4.959700194698684,2.4233761930535302,2.9973174437594796,5.5699294168029265,14.881498197627227,75.14687002517758,2.9000000000000004,10,465,3
4.789897080214713,2.155746448895502,2.955113289304371,5.413101304542648,12.19869250680468,38.91697901833893,2.9000000000000004,10,465,4
4.615941848218989,2.147651437182999,3.097107299725958,5.439449694298521,12.04545627813538,49.893222256572635,2.9000000000000004,10,465,5
4.903809151726697,2.2178963731822847,3.1490189335766807,5.597182482672249,12.82140058966845,25.659687565524045,3.1,10,466,1
5.114632596413633,2.360545980722161,3.0663847714156502,5.942716493968358,14.261608188492191,62.496714644398445,3.1,10,466,2
4.830221824498704,2.4137194495294305,3.0881044426224795,5.977949297369088,15.004293253580448,23.273631258327587,3.1,10,466,3
4.6221599645076354,2.446362801840831,3.166706692769322,6.05571447606015,15.265605972724924,51.70170017067927,3.1,10,466,4
4.9756976167558475,2.289240890886468,3.1088958109866107,5.803474667310329,13.679986692722148,72.92299823981679,3.1,10,466,5
4.4044626600679715,2.3015671455334616,3.486925172168915,6.391044249542083,13.511956589742512,40.317176922147986,3.3000000000000003,10,467,1
4.662646113914852,2.236588311145395,3.2680433104314406,6.221585387067522,12.993227537935493,24.69978697980184,3.3000000000000003,10,467,2
5.012276950832703,2.497565735789703,3.3674774769843228,6.571280768813497,15.517136986812032,94.0045749354909,3.3000000000000003,10,467,3
4.426288735005999,2.1811727837787123,3.234228137244222,6.404844694798521,12.39807504844343,17.748123788643607,3.3000000000000003,10,467,4
5.590157497943739,2.4801797619858448,3.342219737709715,6.055663319372739,15.512798328742075,108.35636033749712,3.3000000000000003,10,467,5
4.341076679561216,2.321446743393749,3.457879384203095,6.857956061350512,13.845385826597813,24.13570769836427,3.5000000000000004,10,468,1
4.667405686549518,2.1914865339011933,3.531039770348222,6.902291530768346,12.382364417299536,42.694936897630775,3.5000000000000004,10,468,2
5.035193513352833,2.3103528792133834,3.520953901217832,6.820962608780193,13.725633566332329,31.364882336974436,3.5000000000000004,10,468,3
4.708943664248906,2.475425676363565,3.4612031909162844,7.027894019296472,15.735561315260066,2077.471482737953,3.5000000000000004,10,468,4
4.506882962681922,2.3169062776812916,3.462887182098682,6.925457270650832,13.944803764078864,473.22776729665986,3.5000000000000004,10,468,5
5.259362244534528,2.451977321446208,3.6330474071284384,7.105983772200339,15.539234601764091,49.89348324942045,3.7,10,469,1
5.048718155766188,2.449177596254558,3.616891326312115,7.383973882027341,15.589265304638,39.4940094853929,3.7,10,469,2
4.783138845967456,2.4175166696575965,3.652621883503119,7.294417517488144,15.196772708517909,47.10652498822628,3.7,10,469,3
4.727146111397454,2.181765875989986,3.608183850218195,6.888233011744519,12.221662510549631,45.22241333320577,3.7,10,469,4
4.799792204260784,2.505350064480764,3.6025558210960535,7.280704217339996,16.26129427735075,232.1092839393743,3.7,10,469,5
4.415245988544866,2.374140664346356,3.790052017924453,7.42204847805219,14.736492126208946,1146.1555189961405,3.9,10,470,1
5.227374419522902,2.498013472952261,3.8546161226029168,7.677770364152287,16.28821232456838,86.57742684944213,3.9,10,470,2
4.725787196503937,2.305863041209914,3.810726145546339,7.64169170109512,13.847876369132848,36.46996184660316,3.9,10,470,3
4.360702828776827,2.1299430290649255,3.4996008886106824,7.085812368592359,11.577203906884195,48.2356312475395,3.9,10,470,4
4.88476152896937,2.4229820095512298,3.8140238332631458,7.560390431617724,15.329404173193844,33.40149774524155,3.9,10,470,5
5.228940836324771,2.541365665154649,3.946772433282931,7.626774140766526,16.823834189341927,54.73980332949959,4.1,10,471,1
4.862765935740043,2.4214511618944834,3.858763902580984,7.799198774822275,15.39167663987484,169.3071268266459,4.1,10,471,2
4.668505513178247,2.462967100739216,3.9478303384174462,8.043376966071156,15.98522486881802,94.648944456462,4.1,10,471,3
4.556190601541083,2.4554964192258613,3.893973912307276,7.959661625272978,15.82080887914168,62.943051309406925,4.1,10,471,4
4.914102493741681,2.5329306771357967,4.0601468373691,7.612340549020005,16.56226625275167,78.34779056241607,4.1,10,471,5
4.770697401168127,2.524084173214444,4.190609148278905,8.358722488044542,16.904562550368052,172.4541139936088,4.3,10,472,1
4.840435829108342,2.4826516714138025,4.217940063777789,7.973524896980528,16.305676055769805,171.62166565828213,4.3,10,472,2
4.662973308935244,2.4724307802929584,4.153056691383941,8.136996073920153,16.14543075758618,64.35881259667697,4.3,10,472,3
4.659953946142855,2.368106342171664,4.20018945982891,8.123293400849333,15.023837228315042,1177.633749422646,4.3,10,472,4
4.667008240431014,2.4668079653032513,4.2621762824344085,7.924299927669091,16.14836119466263,41.9375071413244,4.3,10,472,5
4.830479423101975,2.4398683040433204,4.2960633428386545,8.416848014990874,15.91319176185702,46.27755821193104,4.5,10,473,1
4.677066891625863,2.2908490346621506,4.275435860842274,8.347846314505754,13.85778281915937,209.54474989727387,4.5,10,473,2
5.134171735947743,2.5059150521883753,4.296180188475855,8.378552598482747,16.685629628034555,170.99080747156086,4.5,10,473,3
4.869728776244939,2.4797476094017283,4.337115561751812,8.35090383043507,16.34830407579576,662.2349915744563,4.5,10,473,4
4.847424315413193,2.484851769409972,4.389021465562166,8.39036191133123,16.42677502451314,2838.6817499539234,4.5,10,473,5
4.872589572893957,2.3831666698996425,4.572985970459205,8.675820130479002,15.188888828035166,44.01233650139003,4.7,10,474,1
4.910239323919324,2.405507205400228,4.489179981901965,8.35875490487606,15.382363028891849,44.54736450322664,4.7,10,474,2
4.957886413547175,2.400503129495933,4.601217347675362,8.594313901073273,15.37935393390512,846.0441650874318,4.7,10,474,3
4.660306161839922,2.4566883062495677,4.604285566837203,8.830736606763399,16.258988295486837,47.05270142624159,4.7,10,474,4
4.749402314683715,2.481388480417968,4.48731186695101,8.666996306874497,16.535352502983034,40.031900338972086,4.7,10,474,5
4.601751374173033,2.403017008146062,4.79376460576522,9.154401188586704,15.64515141651095,36.55241480246361,4.9,10,475,1
4.750075929837287,2.469071099436737,4.649813441172194,8.693739230577929,16.123863787956743,47.31898301879371,4.9,10,475,2
4.7912919475784275,2.3156635287915073,4.68678492310272,8.92425416725272,14.39130940042954,10.85576916607539,4.9,10,475,3
4.842220009332521,2.5339828254142565,4.703888812927725,9.008498586044722,17.366421301726184,76.63574001790171,4.9,10,475,4
4.749918966771968,2.3920832206017435,4.6419599173414,9.003434738786476,15.439475210777882,44.47991630254336,4.9,10,475,5
4.989292184121732,2.52210664748805,4.906591927533431,9.23791036104354,17.325774477196124,84.59645663819933,5.1,10,476,1
4.442697171489081,2.389277888543478,4.906766942014361,9.273667614438512,15.49588943793162,62.38790236579792,5.1,10,476,2
4.891784248812564,2.4779832590584308,4.949124602753548,9.26378465916362,16.716993644954407,180.64051052011675,5.1,10,476,3
4.8626356270591735,2.3764097478641317,4.855069165764506,8.977348886225382,15.387534330517244,31.48024134258516,5.1,10,476,4
4.483460282565058,2.3596109405905046,5.011816830531218,9.277052113178192,15.095509283010005,185.1391251989051,5.1,10,476,5
4.645608847244065,2.4417393103196328,5.147636936126335,9.583306844572553,16.346753742220418,29.50350524228992,5.3,10,477,1
4.5910989830950655,2.5014058148308163,5.049635898245085,9.517264816913784,17.147703218719055,82.5359138382828,5.3,10,477,2
5.593375871729113,2.4041093667211317,4.978355037916369,9.200597152501553,15.775501468131536,35.63848900703312,5.3,10,477,3
5.359491880267912,2.248094341060951,4.929731789058833,9.304230233840125,13.61646278387959,11.356155391357502,5.3,10,477,4
4.750333001372021,2.5521257772000503,5.082871149948622,9.659666373210712,17.949431083874458,100.24109472981536,5.3,10,477,5
4.743271014593454,2.389497927087229,5.270827480891474,9.676723542256656,15.619730677070327,128.43949716107153,5.5,10,478,1
4.618796092952958,2.4802441764855954,5.365358067386756,9.792320845876183,16.967986672096405,115.028902676744,5.5,10,478,2
4.829225352172387,2.4775934355872327,5.262902895217657,9.649049903120895,16.417622315068154,23.19414379203285,5.5,10,478,3
4.949851288776199,2.48253707914584,5.22519106814616,9.609112871395045,16.987133709715405,30.16133706784696,5.5,10,478,4
4.8995925320348315,2.4058617859717577,5.258923116681502,9.800162367897707,15.962846842723426,2180.6830667885783,5.5,10,478,5
4.901305137956097,2.5003346634979353,5.502716903032656,9.645870481694784,17.125795012559262,228.04269762847815,5.7,10,479,1
5.231545282107762,2.5685958233577693,5.4428350561582155,10.116101716662062,18.436747152927392,119.23214532516256,5.7,10,479,2
4.608947175085715,2.4949880855625826,5.4988428572169354,10.110559472876604,17.331075968068422,55.95382263251238,5.7,10,479,3
4.922047599174545,2.530579125645174,5.529623150801006,10.165420824265787,17.898992337478603,71.37061294331261,5.7,10,479,4
4.85547508268436,2.3488371784070936,5.472043945520561,9.833791733347324,15.03406822625389,903.463787221881,5.7,10,479,5
4.728375792668991,2.39578528117899,5.689703784720304,10.24997368140117,16.1278738990527,61.60718619135175,5.9,10,480,1
4.514132806063929,2.3639831516048737,5.7447220586369685,10.320850349438,15.563501568818047,15.408261804873478,5.9,10,480,2
5.501790617692562,2.596762914686578,5.726307041884351,10.274858493045889,18.96487492795774,31.82813073301794,5.9,10,480,3
5.057644204366324,2.57816450575859,5.621055064140454,10.299663728630104,18.65748583281656,135.10729212169406,5.9,10,480,4
5.232784010495133,2.5473692209374126,5.5990798771002765,10.192150550269274,18.197929231176428,44.72655385383379,5.9,10,480,5
5.353837001432506,2.3768622625409117,5.95365345313055,10.462649159761048,15.80696791937415,34.03215961633284,6.1,10,481,1
4.58774685724212,2.316706211583049,5.920140712887579,10.62009455097482,14.881328188711285,23.05044613238675,6.1,10,481,2
4.927111940347205,2.4532214964853707,5.774947670016908,10.725818757063212,16.998309391323545,28.32943688623824,6.1,10,481,3
4.826862463666224,2.5319690132543955,5.88642839459865,10.677558504097528,18.1634494511718,2099.9007429929784,6.1,10,481,4
5.2437828717732415,2.517531961253975,5.899870127861179,10.532552594339307,17.94307969971157,158.00364631220893,6.1,10,481,5
4.886178348293907,2.554144580996178,6.077784935727748,10.727611733929743,18.546569414053295,45.08462710620907,6.3,10,482,1
4.892472322309611,2.491956506737747,6.0661124818415635,10.921907979674486,17.775232741838906,201.60403763664192,6.3,10,482,2
4.913471940716688,2.5375316564967494,5.997993704249516,10.85032548303421,18.477089630521423,57.16249649509961,6.3,10,482,3
4.490682039375845,2.387357475744769,6.003520758907784,10.786389531130247,16.21442987821616,70.49137376557698,6.3,10,482,4
4.480360189942859,2.430083901558059,5.927652831560293,10.835664264686194,16.677893728147044,259.01879101347674,6.3,10,482,5
4.852221276786186,2.3815890349404016,6.238876073171658,11.131819872861438,16.07984108593801,82.60616534205673,6.5,10,483,1
4.853072794801238,2.480942237915887,6.358237047879631,11.164058356415923,17.580034392594825,1207.743059166576,6.5,10,483,2
5.07946991357415,2.4692610584749444,6.1513472595451235,11.07057307649437,17.409074431424777,34.87947850215323,6.5,10,483,3
4.950037815293731,2.3603074055477964,6.300624293472066,11.085221254283748,15.679015612668303,94.17750827562836,6.5,10,483,4
4.542779664456053,2.476406576335932,6.379652938870083,11.351385257038167,17.630397592040747,2565.999877349984,6.5,10,483,5
5.544273526341418,2.6087861224539997,6.491053487758925,11.318438600673586,19.722295042863895,36.278786437634274,6.7,10,484,1
4.6670882162656335,2.49162234878808,6.361938787802217,11.352265039153927,17.892286301126216,6338.363317960012,6.7,10,484,2
5.200669516507854,2.4442393759629573,6.52944776719691,11.202138391969122,17.127582464365666,39.20119373855239,6.7,10,484,3
4.982896541950613,2.546728524043602,6.424578928824823,11.2118171369878,18.651869623628617,48.90016176583168,6.7,10,484,4
4.9940904595210744,2.480294332975552,6.45153474552021,11.174500615926569,17.644755122449766,64.37843501566003,6.7,10,484,5
5.0060055004763315,2.515351726729485,6.58916572864208,11.79101745790346,18.49624701951885,66.63488587519963,6.9,10,485,1
4.787130119291105,2.4947025332722785,6.664579864936759,11.742371089701084,18.09855431755046,4500.266415775948,6.9,10,485,2
4.686423180959127,2.49858978904313,6.5681654027072955,11.853827032999035,18.213684037933632,1297.6423694157245,6.9,10,485,3
4.89635744765515,2.4577850145017464,6.685579156538865,11.712216115911918,17.49452377316283,229.01132767960365,6.9,10,485,4
4.8939129396522985,2.427108194129623,6.415397788850647,11.653963250745331,16.99614595837175,24.932881935966577,6.9,10,485,5
4.588275128820088,2.4764506026809405,6.8935121720462895,12.121880352259838,17.990045135536533,237.2024510882031,7.1,10,486,1
4.982501970669369,2.3881623589782213,6.654425300831393,11.87324003986801,16.443777088318697,53.54271763417383,7.1,10,486,2
5.160689639536042,2.4907859597122073,6.948487203967688,11.648994960107691,18.054583063458924,112.3649193769072,7.1,10,486,3
4.896588317043261,2.422554971865669,6.90681234877087,12.015847047958983,17.04776300161454,47.86033871624264,7.1,10,486,4
4.90421986257492,2.544188194219829,6.837010205400011,11.793318978923088,18.954329910091825,109.7235690310901,7.1,10,486,5
5.004609799984893,2.579310669453996,6.945400229529266,12.15177501171537,19.744547408967357,46.51967179503271,7.3,10,487,1
4.995521834336307,2.383752306397513,7.1253463714887095,12.250318810577928,16.550844242303132,30.205459051883935,7.3,10,487,2
4.867533322681604,2.5383945158847716,7.100007461631308,12.308999314482984,19.110725406390245,49.48074042849055,7.3,10,487,3
5.189837296607466,2.461229463976746,6.96422249836384,12.153532954550762,17.77693760541501,66.80221277555543,7.3,10,487,4
4.974853947179632,2.565602112424586,6.9710283530692685,12.198042108980648,19.54108859043056,127.96221937051511,7.3,10,487,5
4.668865906126277,2.46401809560803,7.300440582608407,12.62022735690506,17.98229350738889,52.032605592826606,7.5,10,488,1
5.672373943752623,2.6206207669181234,7.262657888477944,12.222043913221269,20.44935714817731,41.860150040322296,7.5,10,488,2
4.732758105289926,2.2946553673688665,7.275136689750411,12.26303121173074,14.913415257391412,17.487936703263706,7.5,10,488,3
4.656704750825186,2.5660414476282316,7.367755061431839,12.547781437798369,19.688518970279503,56.6860740487547,7.5,10,488,4
5.04628655424647,2.477378862051478,7.383048382993683,12.474501395849568,18.17297440740593,31.96925417000595,7.5,10,488,5
5.773064912085341,2.6002672283733945,7.59744616393162,12.789153890726508,20.421488304957514,84.69316161807734,7.7,10,489,1
4.807970873542162,2.5012210609077905,7.57839947482135,12.77417306609484,18.68638476711242,557.5513284309412,7.7,10,489,2
5.4442002776912375,2.523272972510503,7.521846280159577,12.703124483419352,19.0692863779437,274.0927733162361,7.7,10,489,3
4.654932268301427,2.5553263376749578,7.371265897026642,12.6914988970615,19.601945535032023,126.3809739505708,7.7,10,489,4
5.085423730139261,2.328853523230313,7.5596057652555295,12.784014509578862,15.718715227974768,62.83754921774569,7.7,10,489,5
4.741164581024721,2.464204752305246,7.681600354138109,13.128071765073004,18.233461253640545,45.97500031273147,7.9,10,490,1
4.5956675567944805,2.501458291633018,7.718832653436207,12.861862363013026,18.755612072331196,226.62185107033457,7.9,10,490,2
4.660380401625771,2.392954333163347,7.599307231386794,13.06199960426896,16.917088109447572,68.69490328989623,7.9,10,490,3
4.7336831023467205,2.3970435055058883,7.664850452694251,12.9726338480889,16.998061358014642,223.2518367938713,7.9,10,490,4
4.734694738713559,2.432481653253625,7.612270119181344,13.177448492094344,17.690443981924847,105.10735336913562,7.9,10,490,5
4.931174274851558,2.4729332725239064,7.906632886174933,13.329234240066638,18.51294401737924,157.22671348147594,8.1,10,491,1
4.813225980572819,2.244265899672375,7.873962018707134,13.033835701055752,14.32912234113695,12.49735456792934,8.1,10,491,2
4.987632526265818,2.505341497600593,8.045907006821228,13.241665080169485,19.128867810512823,56.0739546327768,8.1,10,491,3
5.089950890749239,2.4244223638299864,7.7682223080396,13.222758001816253,17.59024406054439,323.8371098958352,8.1,10,491,4
5.046899649909017,2.4770784774827908,7.931281874876193,13.343455631571056,18.548655290104385,61.632986957552355,8.1,10,491,5
4.837127572031993,2.4425687606683306,8.141354924873426,13.631294011800302,18.083741111417197,46.096308610181794,8.3,10,492,1
4.617830540110064,2.508743777583752,8.260200607288434,13.589452302251006,19.215849892622455,67.85360123050846,8.3,10,492,2
4.921120895205123,2.583952373944261,7.995147885718644,13.434761677352084,20.49537787222805,74.16356667767192,8.3,10,492,3
5.190323710861484,2.5047535833852064,8.040669924839575,13.46820392448932,19.156711771147418,25.35370489816678,8.3,10,492,4
5.079065373668157,2.2787551420043535,8.083958083328067,13.353011546360314,15.062427186952617,91.88353058677644,8.3,10,492,5
4.712552428526079,2.515038670772349,8.475387095484331,13.7826403256486,19.436585918515544,289.62223300332124,8.5,10,493,1
5.035651299639491,2.5353902743972987,8.27516256067864,13.698660086513046,19.799211759504185,135.3019610846405,8.5,10,493,2
4.577885349152693,2.487730564730086,8.092916095061092,13.94426030863297,18.975860719148137,32.07727145266198,8.5,10,493,3
4.838783477532085,2.535382420779035,8.207901576934225,13.988812542484082,19.905980339607986,151.76026948695474,8.5,10,493,4
5.20238908596459,2.530448487614403,8.449230615943993,13.78317451978891,19.729610920456395,244.2111138706758,8.5,10,493,5
5.4371302225853615,2.576683245494579,8.53824983751631,14.170893534228416,20.762213649820264,57.79852196767261,8.7,10,494,1
4.806767102870553,2.29228013882853,8.284526805044022,14.184239049609635,15.505923329024109,527.2195023364613,8.7,10,494,2
4.837329384051461,2.3268405826699725,8.305437895459992,14.11480478535296,16.107101044404125,35.590502609149155,8.7,10,494,3
5.2838105604138965,2.5077066368700893,8.378455172972298,14.18313502663752,19.5530269039399,49.323492149392045,8.7,10,494,4
4.8936406937428885,2.3199552549130766,8.077373897637285,13.682546940613785,15.915322892023712,12.81887259257438,8.7,10,494,5
4.902866378873757,2.5199327026688203,8.73577540293104,14.464782816529755,19.78930944014462,2886.1963841643983,8.9,10,495,1
5.258533782398969,2.5895079620880725,8.724361658953717,14.34385075529114,21.10390921534172,68.26069841736266,8.9,10,495,2
5.337665672243037,2.492022444679572,8.754510767570709,14.325268674473676,19.344764194574097,38.64194832696881,8.9,10,495,3
4.997815301123294,2.411091614107551,8.748608997634037,14.325861749673338,17.791242307684648,57.23923203912617,8.9,10,495,4
4.907548608768727,2.3106292506962816,8.684629231239947,14.178190787264718,15.825600886508887,91.93909603634144,8.9,10,495,5
4.926255710661972,2.4571483255374855,8.85670301175645,14.573194500126082,18.73036981426697,83.19050048889054,9.1,10,496,1
4.954758532921141,2.48706722163259,8.667006551984713,14.591759383002014,19.315712071749022,215.44617968275065,9.1,10,496,2
4.710431797396641,2.4805511052358944,8.987683320650534,14.77855853545396,19.27072682899731,32.821001419821435,9.1,10,496,3
5.253521236712395,2.5490446680416756,8.98104898565581,14.44575988878489,20.4268492435323,92.21580366914596,9.1,10,496,4
4.798768029007852,2.5238663961093866,8.779572307052387,14.464331287024288,19.9523145830524,126.50538408330956,9.1,10,496,5
4.73249394004261,2.510383411747606,9.11383149772955,14.70667445131112,19.80296869996122,38.967442276556554,9.3,10,497,1
5.472742621149974,2.545851452839745,9.127586294056895,14.859251859728069,20.613103729074854,153.6461878017532,9.3,10,497,2
5.278560024453902,2.5750938474747667,8.849084268441308,14.721224116560403,21.163092344024083,92.79785892500708,9.3,10,497,3
4.7496613697192185,2.4323039904267025,9.149266477594256,14.997487289888667,18.41501120100346,229.030912024221,9.3,10,497,4
4.941205870776374,2.5685182238007926,9.21689359157084,14.87475857399282,21.000541882589832,45.551338228536984,9.3,10,497,5
4.834642481681624,2.3360676004270173,9.155068514797623,14.859743009424148,16.58473681714287,18.225225068315993,9.5,10,498,1
4.76456482534967,2.5140020851670415,9.1158883150289,15.099020287484596,20.063627498317896,104.9067049540954,9.5,10,498,2
4.9153246842110665,2.532607556745108,9.395103017700784,15.207979270545676,20.47439003641757,70.26470632296639,9.5,10,498,3
4.866905310274285,2.2984187010613213,9.09603650193282,15.1089036965164,15.82670197344297,589.3781345040572,9.5,10,498,4
5.055903235686077,2.489740144437746,9.166214236642878,15.149251886237645,19.645202631631363,247.71635333468805,9.5,10,498,5
4.830998910222871,2.4792956949890743,9.532474947180392,15.52851388077135,19.59944887516381,91.514188224162,9.7,10,499,1
4.6525760000627105,2.5005504503813705,9.576552150961142,15.420801212849428,19.941989677143265,137.57272741286596,9.7,10,499,2
4.9402310608334545,2.4802864536110065,9.659625450331012,15.519198508647866,19.62892340889154,676.1280137626617,9.7,10,499,3
5.215851237736648,2.5395594285435195,9.483061764383551,15.059054151217646,20.5958232698493,45.59504127448497,9.7,10,499,4
5.368658149227984,2.4764857402224454,9.606731970341356,14.903435874410334,19.33115415395626,149.80484730553235,9.7,10,499,5
4.746396527302107,2.495794782201354,9.925145111113329,15.91560161468586,20.118438578514706,384.6587409687127,9.9,10,500,1
4.8918879505004496,2.533107874109374,9.532657091391997,15.611876882253698,20.740125064204484,46.067412962781574,9.9,10,500,2
4.477075576539683,2.5148936722507416,9.734761534381107,15.659577970617876,20.297967666065148,75.61404975113545,9.9,10,500,3
5.072920070835391,2.2328908439071573,9.427165074650576,15.519518547900372,14.9261955923658,71.91588427383904,9.9,10,500,4
4.816515898638328,2.4578325542936823,9.893855584621216,15.44900062764656,19.160074569433835,310.1834913735188,9.9,10,500,5
0.23204392850560351,0.08444210125790882,0.09698082361502648,0.09713250513056602,0.442986304769892,0.5386062079616082,0.1,11,501,1
0.2460119274942414,0.08452044531826643,0.09698494545243902,0.09862330031731742,0.44051599218336573,0.5489273432818308,0.1,11,501,2
0.22960977085519485,0.08891121920448146,0.09656808382670276,0.09834592829783484,0.4667024906621994,0.5695953876870985,0.1,11,501,3
0.27086868596594704,0.08429087111071484,0.09724083207869284,0.09555056483323036,0.4373765307919683,0.5172213683367387,0.1,11,501,4
0.2558049671543228,0.08858222173880209,0.09688463289933594,0.09626584655095298,0.46984602100844824,0.6122182844033575,0.1,11,501,5
1.8767464289732656,0.20668639715034817,0.27638380682195607,0.2839943928176688,1.012286438521587,0.8458538373895422,0.30000000000000004,11,502,1
2.113918838870524,0.21940732693882836,0.27841681658956857,0.2918358264462151,1.097167840128185,0.9961822287023138,0.30000000000000004,11,502,2
1.8660689453098365,0.20984086736805657,0.2718096848011096,0.29029384169077926,1.026539645371887,0.9182935112579866,0.30000000000000004,11,502,3
1.9881858806522683,0.2149200544773109,0.27438151821340845,0.291904403701495,1.0888353224322849,1.0129441768234924,0.30000000000000004,11,502,4
2.01444597194539,0.218871051207616,0.2726295524107285,0.29085665831391927,1.0869003795003156,0.9676937536285456,0.30000000000000004,11,502,5
3.078513291982603,0.36807406470510873,0.4452879631524058,0.475940943499417,1.8040068545117909,1.508748065477989,0.5,11,503,1
3.3546106285241852,0.35079534966467146,0.4401461327028131,0.4671431665859545,1.707090674268009,1.356068240716348,0.5,11,503,2
3.6194691630245104,0.38319798187598136,0.4645837000075516,0.4634492753731394,1.9120921916714488,1.6446803327699178,0.5,11,503,3
3.408724780399615,0.36535890904286594,0.4505743195314984,0.480611309186404,1.8073009189054607,1.475988790492195,0.5,11,503,4
3.323746046175354,0.33193432897938924,0.44574333486184087,0.4855252428658416,1.5863960788354734,1.149163230732228,0.5,11,503,5
4.284235896995188,0.5142818902194107,0.6289689635563074,0.6683217854119686,2.5082081608110927,1.861582640939109,0.7000000000000001,11,504,1
3.937427546693272,0.4860340294104353,0.6202904030330193,0.6743411049091513,2.3444990350609634,1.64600203497556,0.7000000000000001,11,504,2
3.5268160954034333,0.4615910904639232,0.6239398087188842,0.6593183456722066,2.1833438028758647,1.3919270302601363,0.7000000000000001,11,504,3
4.114008569630609,0.49096277371776,0.6186273121119578,0.6664538585863166,2.3681846192685847,1.70226803772694,0.7000000000000001,11,504,4
3.5824137442011033,0.4712035599184002,0.6257266785777736,0.6709457353115752,2.248560954055273,1.4469379152886337,0.7000000000000001,11,504,5
4.068122756669083,0.5893565393847551,0.79671025097933,0.8973182765187371,2.792167304830949,1.4872291989021609,0.9,11,505,1
4.091585416368825,0.6056084208967751,0.8203011885169782,0.9054838490416974,2.8685751651419147,1.5809056004907032,0.9,11,505,2
4.414577935843357,0.6157937948090008,0.7924760054683335,0.8518239558957809,2.9286274974483524,1.850225910080279,0.9,11,505,3
3.9869507651082183,0.5928038777825011,0.8018088388207112,0.879375872029758,2.7706462040713467,1.499785836719519,0.9,11,505,4
4.240668106372934,0.5934675267604205,0.81043674508313,0.8931431954648122,2.8077625485965,1.5036969808567764,0.9,11,505,5
4.317975724886904,0.776625140276689,1.0377310549638037,1.086229289749412,3.5457431554497965,1.6999429153031789,1.1,11,506,1
4.386259617009235,0.7294914077463577,0.9874865588159256,1.0595506738964506,3.4641402034800333,1.7670924175870335,1.1,11,506,2
3.717799047541419,0.7152226435869466,1.0163665031331195,1.0849524393575782,3.3524390059852855,1.4588930727927352,1.1,11,506,3
3.6888491633128977,0.6715476096053589,1.0533037702165653,1.0830986379791263,3.1258331587530965,0.9113649263975828,1.1,11,506,4
4.044597828103117,0.731481435392418,0.994119830997968,1.1122204484176472,3.372103196067209,1.531794256366853,1.1,11,506,5
3.995523618541132,0.7768422737158917,1.1794316534808358,1.309866900034799,3.823342782047183,1.236206452139415,1.3000000000000005,11,507,1
3.928555008995564,0.7753967587516891,1.244648497505553,1.326436607442825,3.62249257903148,0.5809785149446514,1.3000000000000005,11,507,2
4.324073558108895,0.824525560137655,1.253564648849821,1.3499035919394804,3.888872677686543,1.0263928376086384,1.3000000000000005,11,507,3
4.181763215874642,0.8590562501216393,1.199315558375384,1.2663377165731766,4.068330654134524,1.8502109667895976,1.3000000000000005,11,507,4
4.234660446755242,0.8844748461724421,1.244154295398355,1.2725071259414429,4.195870561021679,1.6751020979404698,1.3000000000000005,11,507,5
4.5796076340556215,0.9893299746033754,1.4039649499686062,1.488066499822852,4.680607656917714,2.3526418759179366,1.5000000000000002,11,508,1
4.3772812919882655,0.9342659700853873,1.4437606410346602,1.4669726856063108,4.418293859359514,1.8050593519749747,1.5000000000000002,11,508,2
4.068132365722872,0.9352803414467692,1.4812761341614245,1.4359228407100866,4.430465055555643,0.9688350167858024,1.5000000000000002,11,508,3
4.258277433755088,1.028044561135702,1.4052781293435732,1.4699533416702857,4.821461645357251,9.953212115813884,1.5000000000000002,11,508,4
4.268407725569419,1.0567895354636996,1.5993089465532837,1.423423569504182,5.15625716409568,2.5854116367994133,1.5000000000000002,11,508,5
4.173863741680762,1.193134828400922,1.7657852964830378,1.7403655159929623,5.751827338713121,67.31153425521941,1.7000000000000002,11,509,1
3.962825279154971,1.1308232360662611,1.7650770402164455,1.8724952798531331,5.340685778238019,80.23598529745614,1.7000000000000002,11,509,2
4.371478314290511,1.1936403760833605,1.7784383989078612,1.7653170037923425,5.814219871148296,6.107201405239045,1.7000000000000002,11,509,3
4.596193197765205,1.2259010392370329,1.654124770279673,1.871451463814925,5.940657223177126,3.755809270357693,1.7000000000000002,11,509,4
4.122959496267697,1.1888069250510018,1.753676310044453,1.7156212060365297,5.703999634151623,1.7450851489469967,1.7000000000000002,11,509,5
4.4566023660036915,1.4023336900393883,2.281519817568603,2.1283033192649374,6.954226149198271,32.96219364954449,1.9,11,510,1
4.12539407622577,1.3732801639712593,2.0020440289602304,2.0485200216828754,6.843151220849204,4.855451425627897,1.9,11,510,2
4.109905411703945,1.304972868115402,2.162268526442424,2.243412062857016,6.424416181873312,27.909260708776273,1.9,11,510,3
4.507741763540939,1.3485228687280757,2.075487272599391,2.2472986372526726,6.652207506830938,9.619145398202742,1.9,11,510,4
4.403252165556325,1.4241136295022825,2.2156783688917248,2.207520383742606,7.108776831002698,99.00073260195356,1.9,11,510,5
4.4320124281522855,1.5673101285950108,2.3786711790994923,2.929896671859397,7.904707158591027,22.09601048408959,2.1,11,511,1
4.57788073103027,1.5577211300653486,2.181632612480042,2.720949167918726,7.194694887773054,12.578460940089943,2.1,11,511,2
4.253426958670275,1.6283922084967375,2.295679138282426,3.225220583798114,8.307728628167265,10.29459757902045,2.1,11,511,3
4.334696687252119,1.4434513153180788,2.1485299250923955,2.6230393343619376,7.191862809968858,10.5429625801547,2.1,11,511,4
4.24819207616516,1.49623172563756,2.1478972193223504,2.501393119683725,7.447804586517225,40.21441029062898,2.1,11,511,5
4.541543700700045,1.6540290327923606,2.4534334804190143,2.910515515700611,8.614436710013528,9.122497375285263,2.3000000000000003,11,512,1
4.050633314059948,1.9030652267638932,2.628988874205855,3.87055153404994,8.594350587134949,24.20480401231386,2.3000000000000003,11,512,2
4.20030192950208,2.079374988998953,2.8986445047664584,3.572205086914339,9.51165340308023,31.886190649935305,2.3000000000000003,11,512,3
4.374456813947774,1.7133919555359478,2.5428802203696868,3.125925752660579,8.833655797277943,6.553641511238273,2.3000000000000003,11,512,4
3.8570936789901342,1.7416017840935578,2.504111874132322,3.2913419968655093,9.039180603850353,32.468541610275096,2.3000000000000003,11,512,5
4.265538302621605,1.851796747239755,2.626429664724889,3.754379735682296,9.923882073589263,11.62127716268481,2.5000000000000004,11,513,1
3.67911092545,1.8450259980284696,2.7310615396146645,4.2539329304688405,9.617174716521273,28.010155889073104,2.5000000000000004,11,513,2
4.335588091948547,1.963223764646508,2.8321814121283984,4.009829325534693,10.713202352559112,20.79374443362302,2.5000000000000004,11,513,3
4.37204503924586,1.9275535222932796,2.7733165172270167,3.878548404194683,10.498596682449442,74.42128133538206,2.5000000000000004,11,513,4
4.427306519475979,1.911770331283153,2.6864114071667173,4.229495307208191,10.20897040578927,52.40391052367615,2.5000000000000004,11,513,5
4.427996442045033,1.791126812840415,2.5369570486582043,4.08453043942281,9.610727920062638,31.626456352392896,2.7,11,514,1
4.096540253884153,2.146277197051714,2.4021863919317283,6.51536884774908,11.763831384342884,6.888375764173422,2.7,11,514,2
4.18987851138005,2.030973714299912,3.147796220025291,4.786350957166933,10.996000828226151,27.91492510266403,2.7,11,514,3
4.3547584210841475,2.029222960056852,3.2716791335341613,4.6774460812557415,11.025809509450342,18.218443613851363,2.7,11,514,4
3.864186510625829,1.837215464116519,2.6510822188220695,4.3407641355807804,9.757373329521952,14.038769494090618,2.7,11,514,5
4.504483263571919,1.8852389263320923,2.737040154762062,4.417040272628552,10.180207255021632,143.56415163092862,2.9000000000000004,11,515,1
4.397602120516455,2.094521192880198,2.991063689218923,5.746007010008772,11.309270362569531,33.99428227326836,2.9000000000000004,11,515,2
4.039687905943166,1.9803165738950712,3.2516001060268027,5.395992891000835,10.462619577270935,97.34714320003673,2.9000000000000004,11,515,3
4.453721200426989,2.0799344254571492,2.9436097697290355,5.16359672810448,11.791932200623709,276.3931857936728,2.9000000000000004,11,515,4
4.200539262953597,2.1579201128925303,2.9629975701586524,5.039282338689611,12.527619901541602,109.1537453571836,2.9000000000000004,11,515,5
4.383034878790951,2.0359654743144397,3.109675906051808,5.587621038033301,11.040878112166768,89.42851372474965,3.1,11,516,1
4.771893042959689,2.0935352293122724,3.010834816175456,5.226962539452869,11.57544999515598,199.81126509198384,3.1,11,516,2
4.4849495962632195,2.1412506208521713,3.1768905295730065,5.156839773928654,11.82793098017262,32.98381174968747,3.1,11,516,3
4.583348502888507,2.082147545029942,3.18233504797363,5.933838260458024,11.40004730850039,39.6359948802727,3.1,11,516,4
4.5371570717133425,2.0912640646357623,3.199209509630714,5.296494281962954,11.367306645989304,19.66911152444036,3.1,11,516,5
4.541635471903216,2.1689790454385007,3.1448145604641153,5.919247479510039,12.530332025526167,30.103586580116808,3.3000000000000003,11,517,1
4.377342820318871,2.2122013272875756,3.1340673979608056,6.400176053755596,12.76337987850089,55.48349318853773,3.3000000000000003,11,517,2
4.755877765429869,2.164417205598967,3.3847610332680973,6.5942725791957155,12.168119752760775,1539.9249502107164,3.3000000000000003,11,517,3
4.6457864355869445,2.2375154424961634,3.3333794316713616,6.604955542109784,12.61555374751626,724.909424887478,3.3000000000000003,11,517,4
4.616802848788055,2.213498408296796,3.235192595352821,6.445942042905262,12.73526605907038,97.9538692940596,3.3000000000000003,11,517,5
4.295920129492086,2.235270778999253,3.1765480431963127,7.115386137685325,12.936880533478098,414.5796460969784,3.5000000000000004,11,518,1
4.181057346596069,2.1968674806022586,3.3986914485694246,6.488936872523944,12.75835228490891,27.344201195188113,3.5000000000000004,11,518,2
4.774037959781243,2.203025939051388,3.4711534518986964,6.347560583813014,12.536120439211084,58.66488841007619,3.5000000000000004,11,518,3
3.748021290317192,2.2166325452395395,3.386428739216137,6.41722376983376,12.768731951460556,32.94444562917499,3.5000000000000004,11,518,4
4.50544409448642,2.167938049351024,3.503978725390212,7.355461740599963,12.322759867836783,13.986030773446558,3.5000000000000004,11,518,5
4.112300864494494,2.3050364939890753,3.746296808920474,6.248585117575955,13.594976480382106,79.24843776643011,3.7,11,519,1
3.9816238068458785,2.371228407126697,3.679839709942296,7.143584274196908,12.701144414127109,75.49427934942426,3.7,11,519,2
4.49306731083868,2.211147314012682,3.427687568044791,7.337062917001598,12.803212237791792,79.3540227006694,3.7,11,519,3
4.64562754291418,2.1117534056403753,3.42227734100088,7.598427050444806,11.6193431646424,13.934254097306448,3.7,11,519,4
4.23953654936577,2.274678274708053,3.4846048192116243,6.366800712679246,13.545503256532262,163.34276865848358,3.7,11,519,5
4.648893832939583,2.2963515308279834,3.6905707032892465,6.387969148610993,13.360916866163713,147.94351491396392,3.9,11,520,1
4.782185625161999,2.2401630860362873,3.5029414263776286,5.456905592742785,12.988811892183548,105.35944186194088,3.9,11,520,2
4.437504577901824,2.3291895372328058,3.6087672997637488,7.256613235705498,14.127162585535674,164.30568014399276,3.9,11,520,3
4.364492376800051,2.202035282290291,3.4748072717488077,7.5801883687066,12.565799098413292,34.34339033439559,3.9,11,520,4
4.300480558744635,2.1967832596081456,3.9115221222621055,8.4200857875126,12.50308965403342,70.8453986245362,3.9,11,520,5
4.383396176503276,2.3819283974386503,3.612210477959747,7.756248019124825,14.51537494519103,38.078932280846736,4.1,11,521,1
4.170687454489387,2.3017368729461767,3.8983809143155894,6.618343224655658,13.230974902903757,245.04298952066745,4.1,11,521,2
4.159617611415071,2.2604711459840776,4.099699496721604,7.784445528267883,13.333552640782171,42.628240843123486,4.1,11,521,3
4.357135489203754,2.230216190220812,4.118858519078328,8.360386731706125,12.970873209563909,24.515516386686844,4.1,11,521,4
4.921555340124634,2.3602023031230552,3.802674961482732,6.419221721022977,14.480509289793988,193.17886187060145,4.1,11,521,5
3.9994302058211657,2.212308778977712,4.189561872950763,8.136507194101815,12.871075618099294,81.09598470718424,4.3,11,522,1
4.506887097782041,2.1862028240430695,4.2950376799771695,9.024197732561642,12.577534747796228,13.48544895197782,4.3,11,522,2
4.747653852236238,2.335046455563269,4.023356243264837,8.047879960868991,14.597374464295145,39.93074350276791,4.3,11,522,3
4.315964107790288,2.1327234417348904,4.06994527740773,8.59122146626217,11.81883263300668,20.553419623159353,4.3,11,522,4
4.156613707307601,2.152389992981496,3.714894189965832,7.997280676187097,12.435969742198322,32.315438353052876,4.3,11,522,5
4.742731879710293,2.3111107898890833,4.332454721858092,8.480610248862078,14.20355782581359,30.28813310638157,4.5,11,523,1
4.751544954025805,2.28054367965193,4.246445288331413,8.149126430126744,13.712022319733286,98.51995585402622,4.5,11,523,2
4.771748267618815,2.1292403650352014,4.011200383373814,7.787549680548104,12.00287292740937,11.663880198699442,4.5,11,523,3
4.167219631076102,2.226038769776318,4.308083613925844,8.589604366983723,13.1744989280453,37.68584827076915,4.5,11,523,4
5.237384856789065,2.191893352645708,4.371218359075326,8.723065818428548,12.677801740487904,572.5155511687144,4.5,11,523,5
3.8448802959315658,2.322554711044489,4.502131911461466,9.021767964939023,14.43581246647442,43.39203029110402,4.7,11,524,1
4.614003190108841,2.218566552612319,4.35476164943004,8.790737171313767,13.129010501712347,75.5220476488189,4.7,11,524,2
4.346115992914368,2.2886190619520166,4.384034530317968,8.962974636046514,13.976768992237709,31.884417355908383,4.7,11,524,3
4.297832143348911,2.174657782535459,4.403087853903167,9.088728507594466,12.656887803808576,13.83419326278026,4.7,11,524,4
4.22525156042868,2.2554342793123,4.32560229680678,8.880852850697359,13.715723940693154,27.522571447415157,4.7,11,524,5
6.129257493034491,2.1503280172914683,4.21007824109081,8.56780935361318,13.558914624811896,129.51924972814277,4.9,11,525,1
4.670325779370879,2.2692077395810037,4.621419995147679,9.090550509273776,13.431842199455682,26.814633993353304,4.9,11,525,2
4.634640651078501,2.376666911139596,4.573966786471532,8.41004830520585,14.925944682681282,37.31497003319179,4.9,11,525,3
4.659551946474346,2.3403192836629017,4.697061019390272,9.100800198750555,14.86041057567123,63.22983752248248,4.9,11,525,4
5.9168947026356085,1.996788137752332,4.360117163510361,9.367938121141552,12.948805812725544,14.280424892138052,4.9,11,525,5
4.312156146699648,2.2353596466376193,4.863987074539952,9.80596585403516,13.435554982847693,21.586885440672987,5.1,11,526,1
4.340959397512724,2.351165156350034,4.733368714385017,9.295753282527816,15.129569004495911,44.25939332784205,5.1,11,526,2
4.680719320777256,2.371902825083019,4.7621861235020795,8.843432306721589,15.18109363094178,225.7073883287698,5.1,11,526,3
4.293427828884303,2.211186966143957,4.900056021234,9.812685294453992,13.078601623658663,47.079517110863264,5.1,11,526,4
4.314559290194124,2.3918686553690933,4.556143790680603,9.03602979595487,13.82112473258604,12.835950115710215,5.1,11,526,5
4.0477037914174865,2.2323131684748914,5.035040774720439,9.818161244046646,13.4709883599704,20.574674142739266,5.3,11,527,1
4.269148300922459,2.1794042025255536,4.777549569749699,9.37503269666179,12.671777292288848,14.989640049205672,5.3,11,527,2
4.636753218008563,2.255588877813943,5.067839080578202,10.035797271163457,13.77228973896917,2155.9487388979587,5.3,11,527,3
4.634650398406597,2.357750917777644,5.113990916757883,9.70290476860542,15.210640569935954,2287.317770700872,5.3,11,527,4
4.2333881156835815,2.1635012354099583,4.996581544966604,9.832273884877592,12.401609244498184,58.78350937723343,5.3,11,527,5
4.41056537158122,2.27046002103512,5.185936707862489,9.799897578517726,14.07775867344819,77.80499773993022,5.5,11,528,1
4.432141505260547,2.2130321865744933,5.16363209283481,9.81242032654264,13.135908369855844,19.66718091746966,5.5,11,528,2
4.1460210041786665,2.2823656998904513,5.219914543222171,9.9769257306458,14.172726103852105,12.538047187429152,5.5,11,528,3
4.735842699926876,2.1872036821958347,5.06458943799876,10.320117667174916,12.829088588142628,21.517716658251462,5.5,11,528,4
4.509433227665583,2.1803309587046305,4.967620677613681,9.431410714986855,13.812184636602398,51.151437506304134,5.5,11,528,5
4.4876615677160245,2.305124536053495,5.187113262248287,9.923153336140723,14.763799579459189,49.0369246262247,5.7,11,529,1
5.086849551181989,2.422539854244546,5.369542610720117,9.935636495174618,15.922011683316263,97.43630664257556,5.7,11,529,2
5.185112901447587,2.1855420638591108,5.405430714129069,10.279181440815712,12.85056561334514,15.392849293493825,5.7,11,529,3
4.630726587037781,2.292051447289798,5.103203979816658,9.68136208212092,14.28509164111522,43.04969585960157,5.7,11,529,4
4.400717204221088,2.1321650557494114,5.499546449960532,10.64281830590075,12.025984467309012,677.9734965124729,5.7,11,529,5
4.424708482608689,2.145091294203238,5.7134444973316905,10.742573819105251,12.234327584807382,14.0469008824343,5.9,11,530,1
4.344615604008236,2.2107888731341507,5.619357642579445,10.589369758577805,13.261765578725145,19.93145413471108,5.9,11,530,2
4.635000344382145,2.3973314792728204,5.646921864911011,10.579362646754136,16.09412710279652,90.67651678494896,5.9,11,530,3
4.330149190121014,2.392521957124079,5.499174571833813,10.270176362819196,15.9531590411687,22.029532915385538,5.9,11,530,4
4.431031370226489,2.3410653291517205,5.4682699030240975,10.468059583346642,15.261324800832048,83.2239256862401,5.9,11,530,5
4.083318519151213,2.249054631589813,5.790885692310439,11.071973494613294,13.867431271997235,80.24068199133401,6.1,11,531,1
4.359975982316945,2.332123918382213,5.874551080065682,10.88045247311176,15.15319234846312,17.725759000699863,6.1,11,531,2
4.461817059848854,2.332694557748872,5.669833593924534,10.851048663739387,15.346160862499527,89.10135476630137,6.1,11,531,3
4.271056497224107,2.199773297671911,5.811318354024522,11.20123684016521,13.167048498134845,46.652990313868955,6.1,11,531,4
4.309851104545859,2.156215314764729,5.978150379386223,11.44344907625172,12.482332922329254,38.786517884440826,6.1,11,531,5
4.51000517518577,2.185229858692422,6.059188727515161,11.448236897792764,13.00091221128935,53.539713103105264,6.3,11,532,1
4.709019379768106,2.4005575784878577,6.175527897037159,10.716523091994612,17.141210765929383,272.5212618634065,6.3,11,532,2
4.705368742967663,2.253490544298939,6.220305745119947,11.277802355210332,14.071662803569128,55.59069306975336,6.3,11,532,3
4.734597928075359,2.3553230962301495,5.964859765159615,10.89448721725708,15.594833748560724,37.75216091746726,6.3,11,532,4
4.753067963483035,2.224393741059211,6.001077915803905,11.007550340231385,13.557699636974618,100.98118678215867,6.3,11,532,5
4.202620851570981,2.3300790188450553,6.167261064318247,11.435813320717928,15.343257254885613,30.40121377914566,6.5,11,533,1
4.737929019173452,2.3010814436084637,6.201367030453027,10.865693365824466,14.08989773943567,30.93523065097305,6.5,11,533,2
4.613839549200023,2.14631768452707,6.4493407144581205,11.566661466916324,12.370837152819572,87.45049177136124,6.5,11,533,3
4.282152088712997,2.2114398923726486,6.453630295888178,11.6029337206906,13.437767255371764,7.7366767447595395,6.5,11,533,4
4.427819862500618,2.176481953742982,6.177047084262131,11.615597270147113,12.903174228060612,22.053102286226306,6.5,11,533,5
4.391128609673036,2.3809882353835343,6.19776029225849,11.622316153063128,16.312086312877362,103.35347778286416,6.7,11,534,1
4.710049182600329,2.2942054800472897,6.349898799944197,11.756847620268273,14.869527260305196,27.777138022348467,6.7,11,534,2
4.672507797619198,2.257161747532288,5.556999372073161,10.099389083201492,14.059372617301555,465.3896958190209,6.7,11,534,3
4.2042163707071065,2.384888919012474,6.361273101967471,11.51461310393442,16.317889272322155,53.988101007297885,6.7,11,534,4
4.492836179679321,2.3028887462834473,6.379634629756123,11.870322175539222,15.02404015814736,40.05730057401613,6.7,11,534,5
4.67378690052973,2.272768158812644,6.384030988632895,11.165309344429518,14.141851585734097,12.1294434804821,6.9,11,535,1
4.045824174403292,2.2932792769812096,6.644195314694701,11.888650792105228,14.854330846660936,14.036755388832164,6.9,11,535,2
4.326989754430945,2.2458215446270695,6.245749482199581,11.677451009691223,14.071098147721845,129.2140621315067,6.9,11,535,3
4.488616714509502,2.189941797621058,6.363282886715382,12.07452688671818,13.17053276352438,20.74399690663373,6.9,11,535,4
4.320999774188339,2.2732810057861657,6.462409709353305,11.932089409030777,14.553878943031403,134.38795226472985,6.9,11,535,5
4.67870520580641,2.2327041372867407,6.855392024573506,12.22029639850227,13.927758846182586,72.86979482378997,7.1,11,536,1
3.966123524895647,2.300353355489466,6.755384088861757,12.32651214786324,15.117212351036084,17.806152750566422,7.1,11,536,2
3.911745151711824,2.20430845509452,6.503501904847554,12.046113792124435,13.464171663363096,23.917343725622043,7.1,11,536,3
4.543569612304638,2.2481720153721727,6.5791252244554235,12.030126625513963,14.262397453468918,39.47518130954851,7.1,11,536,4
4.418199381994811,2.29577877068879,6.704428718401141,11.8643466318267,14.906196590635243,47.00266193405455,7.1,11,536,5
3.888562135182999,2.248517655230329,7.023624774510905,12.530921175721522,14.253283599583831,13.27019037712176,7.3,11,537,1
4.5557674534272925,2.1908291336805803,7.06395202673247,12.610394307826228,13.287377399929008,16.357064178327278,7.3,11,537,2
4.914850510421494,2.351309465894749,6.5966103078490885,12.823627411851955,16.112535970103075,17.261688077150904,7.3,11,537,3
4.426622044466484,2.3647193078528193,7.129629284907027,12.542384890301983,16.29279345602405,26.36717617389511,7.3,11,537,4
4.329174405250706,2.2475668812806897,7.057713161435594,12.68661198667792,14.301920112644824,17.21953727922434,7.3,11,537,5
4.414092996695459,2.249175341265235,7.203792349703158,12.819533831325202,14.337264259102714,18.818742463336935,7.5,11,538,1
4.601511220040941,2.307960466747572,6.985459328115103,12.405118904527429,15.290790522295808,18.34486389272437,7.5,11,538,2
4.453801751282453,2.254494676760662,7.005651259799362,12.443443928152115,14.374804533122724,57.53265133893456,7.5,11,538,3
4.470262724604229,2.176483668035671,7.082104799228961,12.565844506523874,13.05686294056672,8.157815070893067,7.5,11,538,4
4.379741385123184,2.2847513804391006,7.116004815544348,12.750674434633355,14.968519273670106,34.42025624829861,7.5,11,538,5
4.067192562101867,2.1355597757296367,7.324822636521275,12.840633331803538,12.38647911064312,19.822301061543303,7.7,11,539,1
4.365090363457021,2.2310736459352967,7.103916508327572,12.59851541214572,14.111860949188126,12.708987915150969,7.7,11,539,2
4.719592446105001,2.200019771738103,7.361002329139035,12.788283092811392,13.47715799235179,28.82614149740645,7.7,11,539,3
4.255868604015693,2.215780379218797,7.154892044091676,13.156539839237674,13.814840055209553,8.481091359147545,7.7,11,539,4
4.322652023530069,2.4255835624349658,7.201510366794381,12.949795750839522,17.525623660119667,900.4457202496316,7.7,11,539,5
4.262863087224102,2.236798892514097,7.521814097228116,13.112882738082115,14.186557351954557,86.49249856435047,7.9,11,540,1
4.940855865426243,2.16390686510948,7.754316037880908,13.095690917119228,12.927493192966448,12.131386235503095,7.9,11,540,2
4.50079975185492,2.380259270171594,7.478917588410956,12.476907323436434,16.625642916266457,1166.655548461261,7.9,11,540,3
4.273609234289157,2.305629856976293,7.696081697785663,13.310007698212631,15.477518822299723,25.33524100881311,7.9,11,540,4
4.359312430959026,2.4016681283166834,7.430325385938996,12.12739785295587,17.121361234398755,44.50695113618227,7.9,11,540,5
4.416904191459614,2.3281644803499875,7.977896875828126,13.545087955128,15.933557686853815,89.52490988872577,8.1,11,541,1
4.457260479181019,2.145222594840825,7.919985843299762,13.22977163881936,12.600272583941225,634.0230187347888,8.1,11,541,2
3.975005953498554,2.3174451426027867,7.776495366608128,13.682050564290376,15.79882428791147,66.72707973890874,8.1,11,541,3
4.865245580278406,2.258618765873909,7.884196913039348,13.538923139772091,14.683169151109231,30.531901215830377,8.1,11,541,4
4.615289580792731,2.374773017373575,7.619786365144145,13.206949467321133,16.790480915438142,22.795327581916982,8.1,11,541,5
4.703289495543357,2.3111205288533645,7.7592261247465215,13.253356352719562,15.520242142895512,32.14903115694934,8.3,11,542,1
4.36620717402635,2.265524315417975,8.02458233737618,14.01639085187197,14.921165975187009,41.90523560819064,8.3,11,542,2
4.724789010577809,2.2160487714003296,8.203505531225197,13.57838049337049,13.937097144492634,11.47277156116476,8.3,11,542,3
4.585603074328495,2.246028168742937,7.943863719627778,13.587795502357944,14.505845891108336,20.079176599535927,8.3,11,542,4
4.545282974362923,2.1989932441841344,7.946621801992858,13.87107088415344,13.678589923384523,20.510013371223422,8.3,11,542,5
4.355216119845367,2.2431469284151757,8.169158536990514,14.192724407313726,14.550838777924373,21.922887749179935,8.5,11,543,1
6.230640260614183,2.3197989197988673,7.265245540333642,12.57666569892527,14.589229096419851,19.85240943030439,8.5,11,543,2
4.360768174378846,2.2693680630955715,8.345277514441612,13.910638392339912,15.07403115017292,13.24860995382854,8.5,11,543,3
4.589182578595396,2.298064136147147,8.325131206161046,14.202783309604811,15.583677283252548,30.778867317979927,8.5,11,543,4
4.590348477232043,2.319851654132197,8.188786368761697,14.052806241666511,16.025833656890775,109.46464269777152,8.5,11,543,5
4.23030779845077,2.1733324901507665,8.253792867327075,13.905501505411952,13.201429893866669,19.795482914906938,8.7,11,544,1
4.141029934453353,2.2589892211774,7.710275740739539,13.145744454335947,14.795566250235373,19.682622134312115,8.7,11,544,2
4.651034983661067,2.199660713350006,7.447446757425232,12.304148366981126,13.225841052771656,10.372854546419337,8.7,11,544,3
4.203560029410807,2.270310320814517,8.45907562072801,14.27991397980606,15.07056636653569,90.29068362411527,8.7,11,544,4
4.434660541651449,2.2867717447810825,8.476577810745647,14.501132025071978,15.43464434170164,145.08084056869282,8.7,11,544,5
4.61093852115536,2.2749801391559856,8.48956116419477,14.411331004991034,15.422747254255716,52.39818572427797,8.9,11,545,1
4.790225576825403,2.17593382234241,9.154861308732762,14.361190142887928,13.310593790606976,26.36637698120393,8.9,11,545,2
4.623972371176556,2.258362771067322,8.743598966941642,14.62408722676377,14.94768007771501,15.26423330058761,8.9,11,545,3
4.20405241842002,2.345433506179436,8.8664724884865,14.41439331670411,16.602900659356582,126.16866358261542,8.9,11,545,4
4.181834773205285,2.320791702513443,8.515502081996672,14.573995905588598,16.201681113901838,70.56473061736321,8.9,11,545,5
3.876352086638346,2.2931056846183053,8.691874051251718,14.965808625260928,15.697963351790229,16.367639947446797,9.1,11,546,1
4.223520809016986,2.3562126790945066,8.778205157809163,14.942327137371064,16.96525474874372,19.349279216757232,9.1,11,546,2
4.541224509698107,2.3401637385567957,8.718267409713533,14.26120902079568,16.472997818284693,31.589533448162868,9.1,11,546,3
4.3653121367072245,2.300694889569925,8.730266491542483,14.500717518663738,15.772218329415544,457.9812932542753,9.1,11,546,4
4.472910969757504,2.249887091793277,8.622843550187044,14.907496072391856,14.861564958604802,26.25001604492663,9.1,11,546,5
4.639334000463042,2.266722299710659,9.126766556125652,15.208938983365552,15.32268787091852,192.6791680345107,9.3,11,547,1
4.142260457343264,2.3604243707845165,9.089361994437802,14.92137723574483,13.528496154330352,57.57967417822821,9.3,11,547,2
4.212943540016503,2.2178486382405085,8.909165012367247,15.201655596103276,14.303526311086374,12.010226358749874,9.3,11,547,3
4.122095842682302,2.222550436598685,7.784374754652096,13.924753557392652,14.142144599561576,38.64982762222085,9.3,11,547,4
4.1715291354167086,2.4010789922168883,8.934951214942814,15.078186835266036,17.88178333732249,52.099071729816686,9.3,11,547,5
4.581279919798514,2.3062054979898656,9.069677461772988,14.63476777957908,15.982217188266512,19.002610673011223,9.5,11,548,1
4.535611873493597,2.297921570812009,9.178973304001884,15.196333947297145,15.895723759567472,20.23520364773851,9.5,11,548,2
3.821022979187179,2.2887967083333134,9.50423785077594,15.31803422592095,15.69396990819662,89.402379539312,9.5,11,548,3
4.461477498994812,2.2979875899574966,9.249580124554384,15.15392787077481,15.991540040287887,21.5882642644995,9.5,11,548,4
4.3724587806078965,2.2138540653686833,9.50787843282243,15.539198926582309,14.266429013072008,20.549521187837335,9.5,11,548,5
4.5968664165953905,2.1557927528959953,9.333663038988796,15.553616664879367,13.09102369973463,18.792170446339103,9.7,11,549,1
4.601475551881911,2.303816173882186,9.338199504786424,15.24599150585864,16.125152823611035,23.62493091602355,9.7,11,549,2
4.315284523285061,2.3205703425732165,9.63262661447868,15.529759898336268,16.389382563070015,40.607408178773696,9.7,11,549,3
4.720868593511603,2.321696081534106,9.490601261893394,15.447540380773315,16.205570417961916,29.291222054417,9.7,11,549,4
5.622878202382684,3.2683634651822824,7.309974122877146,12.669693763992836,12.474999651698983,58.35752732942288,9.7,11,549,5
4.374334308689231,2.348032495399856,9.59627714981217,16.14828288198493,17.139438184739387,40.43243950643266,9.9,11,550,1
4.113407379952764,2.2720577963550244,9.82648822552222,16.173429197648094,15.59468517334887,38.13707576913704,9.9,11,550,2
4.6564560690088985,2.182428164398331,9.613964274637496,16.040235044659262,13.7224670883738,11.87100292256815,9.9,11,550,3
4.300683347520121,2.26774719953195,9.665840604618358,15.841542693858106,15.53796528619886,25.70196698635618,9.9,11,550,4
2.7014023923275654,2.9255924488279614,7.74349478341574,14.17575329525222,10.252137564628288,1849.85658385043,9.9,11,550,5
0.21492582635363325,0.09320675424829102,0.0974939719198698,0.1011011299528301,0.5001992087012217,0.6838864595218578,0.1,12,551,1
0.22607344791563863,0.09720321692455408,0.10032840090803814,0.10112203070402807,0.5244934623570667,0.6927566230334529,0.1,12,551,2
0.23141582768232136,0.0942531401969525,0.0981375673377397,0.10001762809370736,0.5082665761562711,0.6794224507512314,0.1,12,551,3
0.24676695988794112,0.0951939691894492,0.09761687018435757,0.10035578487799283,0.5186456259029717,0.6808138012236717,0.1,12,551,4
0.23916846527586924,0.09731404164217217,0.0991965211415416,0.09875219929796115,0.5219116240690254,0.6746329919495755,0.1,12,551,5
1.7303297615748698,0.2305004967364657,0.28139756533356775,0.29085451772734605,1.2032085901545182,1.5001395910146498,0.30000000000000004,12,552,1
1.7534895565712276,0.22211636047182173,0.2778636598356451,0.290228319669789,1.134980607470495,1.2750047407584717,0.30000000000000004,12,552,2
2.072930766031612,0.25877672517839645,0.2847744042981082,0.2941515244460022,1.3548080225116554,1.8011471507891792,0.30000000000000004,12,552,3
1.6369257808776263,0.22488344369523447,0.28403647033289525,0.29240988425299874,1.162049544668588,1.2965646082340412,0.30000000000000004,12,552,4
1.5827472963965372,0.2192088717346518,0.27647439682475944,0.29588624414324055,1.1389826010792472,1.3089322247344408,0.30000000000000004,12,552,5
2.993014426148581,0.340354259479328,0.4487851238734,0.4844311834068682,1.7114396054114644,1.8086591186619687,0.5,12,553,1
2.998778346874306,0.36010553752794555,0.4607130456165776,0.4924261710135087,1.8574374952777368,2.026241312307998,0.5,12,553,2
3.0065388798192036,0.36505388909772934,0.4555058172213428,0.48239697422750855,1.8449960937111456,2.0677502343853607,0.5,12,553,3
3.304085414361733,0.39934432292745753,0.46428896502709827,0.49714111033729186,2.067968729891262,11.770456961206673,0.5,12,553,4
2.926146218891359,0.3098074499403416,0.4385127529238778,0.48006209112978326,1.5116327391759126,1.016446254751178,0.5,12,553,5
3.249703962659223,0.4849372898134955,0.6290958464121499,0.6781602927105619,2.4425797016607755,3.7149809030129015,0.7000000000000001,12,554,1
3.6574564895007406,0.46804537152809256,0.6254251084522529,0.6773935398986368,2.3215045812204274,3.413201584715714,0.7000000000000001,12,554,2
3.8018037046241946,0.49216400168732016,0.624995688695971,0.6757303463047205,2.4683136333803617,17.76552270235331,0.7000000000000001,12,554,3
3.2000864110064375,0.480610032497315,0.6259591719053405,0.6781331189920199,2.4496227650857767,5.733280712898353,0.7000000000000001,12,554,4
3.7584585268056383,0.4641958855322331,0.6178195020762659,0.6819231678871837,2.31846917824074,2.3862268798404567,0.7000000000000001,12,554,5
4.140760732042408,0.6167747207008292,0.8171313625878821,0.871783143654826,3.1840287591527208,11.848304471993664,0.9,12,555,1
3.2390138219493547,0.5552049668998095,0.788165722775263,0.8509593372029481,2.6838716669303415,4.12524625431173,0.9,12,555,2
3.5296865541727502,0.5858181332675574,0.8171749892509693,0.8599322120449955,2.901421919192351,8.656020328348898,0.9,12,555,3
3.4534963741596467,0.6921113052101839,0.8368751538842563,0.8598323932515821,3.593127636449881,764.3874809075454,0.9,12,555,4
3.6506211182949464,0.6879212357145393,0.8325148637710905,0.8940312488509131,3.6196709636282423,178.3214705432042,0.9,12,555,5
4.025478849160627,1.1338257306754294,1.09438069815058,1.0946024958769258,6.357839246598484,1053.8770426534738,1.1,12,556,1
3.97038648976275,0.7634957016553073,0.986044136478801,1.076798145536562,3.795219852985576,163.59258734103662,1.1,12,556,2
3.949232401448324,0.7442812509381597,0.9829751861247304,1.038852820289068,3.779634882216247,32.29505424672033,1.1,12,556,3
3.5623916098531128,0.6677780087199142,0.9876190176176062,1.0803732477795096,3.177983973821783,1.1333390016796243,1.1,12,556,4
3.7075904702896825,0.6728204630147163,0.961139415004657,1.0801138180158387,3.293700997031953,3.775985358349653,1.1,12,556,5
3.973792191875524,1.2777440355206324,1.3155859599873427,1.2713443919116243,7.2443854955349885,763.5757339366015,1.3000000000000005,12,557,1
3.666745234084708,0.8571069519444924,1.1596536329301594,1.231629794051029,4.376835836056827,208.62417572422856,1.3000000000000005,12,557,2
4.360329574622171,0.8222335471769303,1.268768417958387,1.220667165280117,3.9679216552641,4.428904751799812,1.3000000000000005,12,557,3
4.0281153240803205,0.8221920411005511,1.2121869028882724,1.26258698460635,3.982329813295833,6.781735048783869,1.3000000000000005,12,557,4
4.172700328200791,1.0045256484987426,1.2032465845467009,1.251075563234077,5.288902908791127,294.1144018239841,1.3000000000000005,12,557,5
3.8664281675948593,0.952574265813399,1.4029596109131166,1.4411673721734062,4.617201824437354,58.15163494256633,1.5000000000000002,12,558,1
3.531351289509841,1.0225860306350554,1.329896221874104,1.437381631414825,5.094778473968343,665.2548652672264,1.5000000000000002,12,558,2
3.60939178051989,0.9313757979546724,1.4126874820228184,1.5324697386041402,4.497097976755973,2.6027277759317395,1.5000000000000002,12,558,3
3.769069449013505,1.4809841808044226,1.498366379689289,1.426193424449662,8.424270171223089,466.81678437062817,1.5000000000000002,12,558,4
4.170871274008075,0.961088799653008,1.3576593287595693,1.4352327630151311,4.718620577748044,7514.721189728203,1.5000000000000002,12,558,5
4.503069651014376,1.1221063324047762,1.5274637887826992,1.6050131848304638,5.827574396493704,258.87985420189796,1.7000000000000002,12,559,1
4.6908106022145555,1.3041431548214109,1.5839888820614592,1.642221147740061,6.915869246603486,258.8810864380442,1.7000000000000002,12,559,2
4.333593828244894,1.0649304077820845,1.6235327176499186,1.710239976024183,5.195460019040053,6.744224568820506,1.7000000000000002,12,559,3
3.979064268575551,1.2481932966356228,1.6549008016226936,1.6016433967781876,6.774608104547315,261.476816479851,1.7000000000000002,12,559,4
4.143913329106716,1.2733911321632996,1.5626945161051828,1.6124534140178022,6.820533014257661,177.80403537273077,1.7000000000000002,12,559,5
3.815721897095795,1.403486451135499,1.7908521837975575,1.8020120864619176,7.767045652555789,470.8255676504584,1.9,12,560,1
3.804088220986118,1.2072568869759852,1.7365713689298723,1.7573883973049909,6.156797162846222,128.10887720940443,1.9,12,560,2
3.881692890204732,1.2071989476486482,1.825004753838684,1.9525844499380884,5.9302934577413255,16.216828469304456,1.9,12,560,3
4.196345832554384,1.8951642706178025,1.9245621903329595,1.797353699619171,11.287619712076262,624.0990517558434,1.9,12,560,4
3.868713139990154,1.423133682660185,1.7885263725284777,1.7919506593513133,7.746304883318258,410.41457817214456,1.9,12,560,5
4.334495343449021,1.3696031543389942,1.868722753142976,2.0201728484527535,7.214718547574824,257.59732403079397,2.1,12,561,1
4.121618198430986,1.3199685894191278,1.9609605859933696,2.0837403346312837,6.770424484785806,3017.389097710758,2.1,12,561,2
4.086104449350446,1.304049552128182,1.9429138528965937,2.1276659500290007,6.43523104653776,99.77008868625263,2.1,12,561,3
4.056029000325013,1.37581407324652,1.913876278704527,1.9674494559111015,7.31628318276476,195.40681832974076,2.1,12,561,4
3.482401521801859,1.4328694285827324,2.2818739439576943,2.5589650798272867,7.068261426635648,63.8844280056357,2.1,12,561,5
3.6090815057531302,1.4308594648894604,2.2341950180697605,2.4972691994540477,7.335538580319525,254.90671608443577,2.3000000000000003,12,562,1
4.09901929192738,1.5160466054515225,2.244229086696199,2.5328942085176935,7.494911899026552,34.82935293644715,2.3000000000000003,12,562,2
4.490672408202527,1.436595560719048,2.1297924393839,2.2758758968459847,7.3068076568847,844.2823435073452,2.3000000000000003,12,562,3
3.721668840152181,1.4668155054153664,2.254886624178703,2.7136912674395064,7.408999407757365,65.07295821693876,2.3000000000000003,12,562,4
4.61059506422641,2.348013386279138,2.375738916410467,2.175945635106271,14.51709454903837,398.232792017137,2.3000000000000003,12,562,5
4.193702618810387,1.8347701883583984,2.3399518389877536,2.350599088122468,10.355940648003331,503.58965480292864,2.5000000000000004,12,563,1
3.94658002137734,1.6030409580365677,2.2731173781543488,2.4246450117375073,8.614580302181928,1431.9086390940502,2.5000000000000004,12,563,2
3.879139049262193,1.771935533335974,2.672543105606402,4.051271657869401,9.19802901146228,47.1016463234632,2.5000000000000004,12,563,3
3.4990270338674994,1.533727586545797,2.3300406340250657,2.6760981511556747,7.944019394063839,460.37918484947227,2.5000000000000004,12,563,4
4.179659050133521,1.596491891999965,2.4980984608554206,2.8564932092098503,8.287759526815513,432.75636793703086,2.5000000000000004,12,563,5
4.003452477791089,1.957155179764947,2.5147221934246375,2.4974494731057,11.652765812725573,331.74604467397376,2.7,12,564,1
3.8452508475963714,1.65033302809374,2.4677087917943457,2.894977367651455,8.70805014407677,187.30438776332653,2.7,12,564,2
3.891395542295717,1.690961639087787,2.487765271402857,2.6235909601460277,9.40630471710114,2089.712606952364,2.7,12,564,3
4.324848813813365,1.6700609411442666,2.5631925648042384,3.20898267484125,8.706307024424062,404.6556770751765,2.7,12,564,4
4.288955961012296,1.7589891806986635,2.483374044621854,2.6226132572313094,9.751829909386608,592.6736523203298,2.7,12,564,5
3.940778021564846,2.9013781904502305,2.8530970843478807,2.7218855439329,19.716911935470677,663.5526191696084,2.9000000000000004,12,565,1
4.270448936973053,1.7533727220001096,2.664200237561174,3.2649166719106812,9.403973584807868,487.53333857879034,2.9000000000000004,12,565,2
3.632034695806442,1.7546411586865065,2.6377532550145313,3.779798055542168,9.048035795576904,220.5129536289916,2.9000000000000004,12,565,3
4.112584483111506,1.907293974668042,2.726066468208891,2.8820349316191867,10.93000423868013,557.7373153608954,2.9000000000000004,12,565,4
4.076469804823325,2.5421679262515484,2.8684941204002854,2.944791214271992,16.335270951439483,909.761113183982,2.9000000000000004,12,565,5
4.574621879213925,2.2160702766702003,2.88713558668402,2.897265767107129,13.67104658318861,480.4541737222711,3.1,12,566,1
4.146765057282318,1.9117366895524457,3.003538499032383,4.386867027263385,10.436284823470476,69.98017634184045,3.1,12,566,2
4.2935392264322685,1.8178283624803184,2.736622541100181,3.0959276330639702,10.69072396805157,80.285096472558,3.1,12,566,3
4.295151951890983,1.9179555993968231,3.187208705467663,3.527827415392448,10.434862928614445,674.1292919455506,3.1,12,566,4
3.640971226760439,1.8965630183592372,2.8261173453506903,3.2205472050613464,10.908809852353835,311.2809148844444,3.1,12,566,5
4.36638298251505,2.0075141915280903,3.067467078361368,4.671203394534175,10.926831916108933,64.10124957867804,3.3000000000000003,12,567,1
4.581695272170661,1.8956113676063475,3.8936567438913663,5.3244053159628555,10.525822585002627,752.5756640541412,3.3000000000000003,12,567,2
4.479110183093223,2.0604732738217475,3.0198798417812363,3.4253453998620924,12.262283031295375,798.1220546354665,3.3000000000000003,12,567,3
4.252688831301926,2.035949153904821,3.069244016638112,3.4295428723690153,12.03749923687846,358.49374467469227,3.3000000000000003,12,567,4
4.304804515787002,2.01439178574364,2.939648771974828,3.4195949379316093,11.93811165049534,1588.7489811410214,3.3000000000000003,12,567,5
4.169623962794358,1.9685191267963968,3.074310500013792,4.227408333044839,11.180470445878958,183.60514410468096,3.5000000000000004,12,568,1
3.8065983478820167,1.9367796774984656,3.047157358073567,4.289066658138352,10.969495806986192,72.90726435593773,3.5000000000000004,12,568,2
4.116551012996186,1.9825921657793977,3.079763649713021,4.269762337946402,11.64975845167497,103.66898065780693,3.5000000000000004,12,568,3
3.4543794661877323,2.0686977849371595,3.4223065992616144,3.7845025477015577,13.77440236471199,370.54436056828195,3.5000000000000004,12,568,4
4.221062224804819,2.556468485945213,3.340065676071109,3.3924625473126016,17.48820827908685,13065.101821009848,3.5000000000000004,12,568,5
3.498057600071449,2.1050644143624244,3.358249199576258,4.587110545921489,11.866353630787206,16973.79288901801,3.7,12,569,1
4.119545397154452,2.05291803619194,3.5117989243450465,4.924010279921692,11.979395585511508,218.0416240732986,3.7,12,569,2
4.007850543472895,2.1533887423961113,3.3869354193461385,3.9442721011308417,12.998316789813664,119.17083964989185,3.7,12,569,3
4.370748238193977,2.1615987536935366,3.4836377999663215,6.36283083583144,12.451910894739592,155.52944325050592,3.7,12,569,4
4.058736890382989,2.2078007619823654,3.4499339126000073,4.05594036899388,13.508166579195516,188.19136709880837,3.7,12,569,5
4.14549911503493,2.707924695650839,3.5873218077788844,3.886352839278186,19.137024069308772,165.53759201618325,3.9,12,570,1
4.307465828069777,2.136249287259217,3.6636590030073735,6.556442778393589,11.810025046397593,104.27937023638992,3.9,12,570,2
3.876853941423116,2.084045063971321,3.527986457649308,5.066263737653531,12.160124114852543,136.0147258323914,3.9,12,570,3
3.9961579864614944,2.127007179099559,3.885955373684336,6.93044415277504,11.946540204693598,115.6908468234247,3.9,12,570,4
3.938250367885405,2.5403415266342355,3.618723519971518,3.757555226721287,17.506300397106784,2678.098830785457,3.9,12,570,5
4.056093876888452,2.3503603082889173,3.702267294602223,4.642705522914377,15.147083920416945,173.59667119499198,4.1,12,571,1
3.8843518143067617,3.0934072267913937,3.803680372692232,3.951427840405,19.339255479306704,210.3461914344517,4.1,12,571,2
3.175447961176376,2.360043156332161,3.905290274709448,5.551228522301387,12.676622247447334,498.9470322669681,4.1,12,571,3
3.706769480064715,2.2280945540469292,3.806130777808478,7.265276488357528,13.079915638055637,112.34953546729722,4.1,12,571,4
4.102378179661959,2.8510409129139425,3.8534174123115985,4.1140876954110075,20.225757074154014,1195.3346508749028,4.1,12,571,5
4.299282286001672,2.4102852352357225,3.865308078634102,4.827963734617101,15.852665862489395,85.38783509351217,4.3,12,572,1
3.717127214063899,2.2092038216767693,3.99198107982127,6.7288792130290505,13.21411080685,133.00757653986793,4.3,12,572,2
4.545273414031363,4.328459353842168,4.267890636384122,4.283891838911818,36.878682058956606,1051.8114285248769,4.3,12,572,3
4.25363283561747,2.210057198046188,3.936226420138563,7.332813103045355,13.015992114245682,373.99891189385903,4.3,12,572,4
3.753123121855206,2.4482797764727664,3.9967512088537456,5.02773671652667,16.249228977480723,376.7200014621406,4.3,12,572,5
3.5034196890057507,4.4202136577293984,4.478254205023104,4.385235299680039,37.87770047975104,348.87583181963635,4.5,12,573,1
3.870331754891871,4.447500786688226,4.400523950271691,4.456414285220767,38.877861149226256,264.23689335345955,4.5,12,573,2
4.064485741448824,2.4858417011999148,4.132593532023505,5.190035778455848,16.481280053812807,376.060680883542,4.5,12,573,3
4.4416420145114905,2.150495954787746,3.993023915753233,7.095200570622271,12.598725955037567,202.65418845528305,4.5,12,573,4
4.244477492745117,2.662228710901593,4.1846301877741565,4.7741032890378525,16.349911406769557,353.3953117770035,4.5,12,573,5
4.306412820861324,2.32628075774888,4.32635054815365,8.389582381019018,14.563674417368391,28.947346061410716,4.7,12,574,1
4.147800805079688,2.3117045824223688,4.206269069913803,6.089912258024022,14.650875315715034,60.87210241982052,4.7,12,574,2
4.489921840311308,2.210335270976665,3.92567153863773,8.724192929356244,13.092900362607043,4763.941728833487,4.7,12,574,3
3.80034344109415,3.038086604476699,4.236649148833807,5.054611338847001,24.623700275223825,610.794800051029,4.7,12,574,4
3.7721706706791354,2.2688576664526328,4.684994938194243,9.352897731974332,13.672702306890397,78.99314624163999,4.7,12,574,5
3.9909737844975184,2.584812493953436,4.5256685347967185,5.791230621065534,18.006376400901548,192.20303196412695,4.9,12,575,1
4.084136447620632,4.8487869415792275,4.809966177900521,4.913041584761575,43.224256077268386,740.0184386384349,4.9,12,575,2
4.007195010154663,6.007352806338546,4.725620630102632,4.751758878078063,46.258914214783616,611.3988087106178,4.9,12,575,3
4.763987398808715,2.2928809540716153,4.507298581185776,8.593200634232062,14.08432418211817,327.46189075773594,4.9,12,575,4
4.3930589683649695,2.3404250488686307,4.547764361748846,8.227296752989059,14.661924478705613,42.12381247035242,4.9,12,575,5
3.762520731706748,2.574900400790406,4.665512259626358,6.323849071724969,18.423988204689273,131.05871773729726,5.1,12,576,1
4.24015433194851,3.2901036621660453,4.727891300786177,5.316896996478596,26.87326112829636,8508.955847450714,5.1,12,576,2
3.7177804176388904,3.2674053048706204,4.679760052624872,5.369904514374908,26.932544267546085,317.5637255144886,5.1,12,576,3
3.780487184770818,2.592998676927496,4.712513594130115,6.217049660902899,18.42333812357444,469.4763109441629,5.1,12,576,4
4.048248833214279,2.626716869072987,4.570708578375851,6.232927088005228,18.437226772501717,172.15230600063427,5.1,12,576,5
4.340576264604252,2.3797851095495512,4.921271869314441,8.914102281967628,15.176906802383987,23.08896583728002,5.3,12,577,1
4.145223621015414,2.18995467159074,5.159617454530678,10.039404361006548,13.00352668926885,182.15374386252847,5.3,12,577,2
3.990537141314328,2.6342108967516107,5.008159986615409,6.4813391569089545,18.956338413671695,215.14190167093432,5.3,12,577,3
4.288784313066876,2.80596901146475,4.853980032034832,6.389051787224793,20.17078010480119,151.26857988093462,5.3,12,577,4
4.377358357202436,3.405904734935318,4.935866087809342,5.552630006892113,29.331019119167525,167.7043122645468,5.3,12,577,5
3.809418561322577,3.5322366654145076,5.3188546385200235,5.877204954029101,30.836898538863657,268.3149874754864,5.5,12,578,1
4.176385423975553,3.598779238975942,5.1264956783919935,5.805869850821099,31.52586897885912,843.0401757210583,5.5,12,578,2
4.445948204274549,5.503041825132755,5.49342703929411,5.6459907368650155,54.21412936850625,1130.1415552671465,5.5,12,578,3
4.052515045116511,3.640002275548384,5.198147453153055,5.6985244163054425,30.56702567606609,533.57344427199655,5.5,12,578,4
3.6886300418678326,2.4232169127334,5.0801457470655675,8.117953887556661,15.746448211807014,33.348087101460656,5.5,12,578,5
4.000635552314496,5.778855423271799,5.473014511391617,5.868952715172109,58.86827772260212,292.57506152319394,5.7,12,579,1
4.024890881184325,2.7555916170105137,5.190783548321133,7.110312262866937,21.266230930985824,454.659282891116,5.7,12,579,2
3.825003717337309,2.2387363088207217,5.523112620929177,10.104357623028957,13.685742953954025,54.28991673351842,5.7,12,579,3
3.8545514049184697,2.2059435432874506,5.415558374623898,11.31819418457199,13.306407342921563,12.388042939514056,5.7,12,579,4
4.21095381903476,3.6960424386317152,5.140862785525308,6.191675509927057,34.89161648058267,2240.797357748403,5.7,12,579,5
3.773501725323384,2.2607332253250605,6.854339472351233,11.104894641918964,14.139445279877323,21.527165438298855,5.9,12,580,1
3.962420436985204,2.335692671416747,5.470118380395233,9.217725278261687,14.709092675524824,35.68573529685501,5.9,12,580,2
3.775267924940551,2.4420084289770627,5.404004611371464,8.791879088973822,16.60404092100907,59.21289545155,5.9,12,580,3
3.844709228552921,3.802159541738907,5.539302013282613,6.307485675792467,35.40731004299765,230.74975992922523,5.9,12,580,4
4.436669855736954,2.2387162540922443,5.829369449646983,11.038326611458514,13.868093366725793,18.39757751617599,5.9,12,580,5
4.295696222436187,2.241104684139847,5.735123318265326,10.971843910782692,13.90866427951213,17.128066077034127,6.1,12,581,1
4.196168819202767,3.5575335088889704,5.659897444106776,6.0764006802353,32.45292638440274,276.9198570444504,6.1,12,581,2
4.198552314275629,2.898225085835368,6.090790791231625,7.456019884659859,23.35873351243811,852.3135437110348,6.1,12,581,3
3.9347279729241538,6.110303280904512,5.935283513571391,6.274420892770908,64.04635923528942,748.1950787491625,6.1,12,581,4
4.181764108571494,2.986494724290587,5.415783065529808,7.517739740290875,23.15177137048081,248.04746620581653,6.1,12,581,5
4.087516462929632,6.502369598871886,6.132108920139067,6.65147531608967,69.97954163196414,948.1127932216835,6.3,12,582,1
4.354525318430184,3.99424351059381,6.008878786591196,6.8451376970362885,38.47268884857793,575.0109796047249,6.3,12,582,2
4.441704326663559,4.091643686620816,6.252056052212261,6.843282804224682,40.41924377335084,306.2579141419321,6.3,12,582,3
4.623663437592328,6.2033637113978966,6.2099719748393065,6.616371532119271,68.58413020191648,5287.045557495469,6.3,12,582,4
4.727339894478305,6.407650562516045,6.148819723271459,6.758389595738017,69.65989022268528,546.742540871909,6.3,12,582,5
3.9076191810760057,4.139106374118622,5.953980028960702,7.08583078402938,42.039207376430035,216.82802381276372,6.5,12,583,1
4.334828851178271,2.9761955723338325,5.823177843874748,8.108409390969896,24.986970235956985,1908.821906560533,6.5,12,583,2
4.681337667168985,2.4418574803736526,6.038426282936749,10.055514838148108,16.48881765603264,89.42830472993766,6.5,12,583,3
3.9249731894512374,4.403129014913554,6.229037000736757,7.084561576560729,41.69356888463236,561.2104579792477,6.5,12,583,4
5.963494551855648,2.805466613193048,5.251427792640538,7.932129451631376,22.756786033059456,521.792028066901,6.5,12,583,5
4.1228224889834095,6.6749220355936405,6.549508615963214,7.067959949178088,76.69453269475164,729.7742919838272,6.7,12,584,1
3.9255548585206985,2.2883920075651525,6.324093245803184,11.14821644078473,14.479035926791235,59.91556198102942,6.7,12,584,2
4.144823110584577,6.666936660695251,6.448100618399556,7.19540344836553,76.30443304220411,939.4924139744444,6.7,12,584,3
4.108129129847788,3.068558109924189,6.271309031997509,8.179177985455519,26.917772041682195,379.0574811935434,6.7,12,584,4
4.210312053158922,4.135110018762629,6.571205844768673,7.42545991204188,42.67649837420974,648.7823234786873,6.7,12,584,5
4.0292031884241775,6.914692394313714,6.77215761369696,7.320709757847541,81.02328935580437,377.4468009624079,6.9,12,585,1
4.004714547587342,2.331746378193539,6.61347937577236,11.34582167142235,15.120154652992218,124.22975279969906,6.9,12,585,2
4.235126887652655,3.0468184999815215,6.467994798736632,8.889555672178677,26.676606476392376,400.1638770442511,6.9,12,585,3
3.931930709440461,2.403392899487341,6.453511323632001,10.939727112361922,16.91187485371623,299.7991443393859,6.9,12,585,4
4.104866859459298,3.0175621573301954,6.276952339324159,8.805538495983521,26.53126999296981,89.36377352621585,6.9,12,585,5
3.9113540175510457,3.1385176863140627,6.593564407323167,9.154043364622586,28.02621487094497,189.0090545758037,7.1,12,586,1
4.248034865957509,4.195358774911389,6.964583668463479,7.795055391318215,43.510723830642895,245.85663450658208,7.1,12,586,2
3.9782071344273553,6.94881407965237,6.731558076256973,7.6858148657647165,84.37424034835374,452.64441992971456,7.1,12,586,3
3.8860980625884087,3.1080808729860254,6.466642434862098,8.770652151310738,30.280639763063597,184.0644754352628,7.1,12,586,4
3.645883468893701,2.3731740565949906,6.637943579547193,10.872677523119204,15.866752395673474,223.72023054733916,7.1,12,586,5
3.96800048531765,4.333828044705885,6.85952641714212,8.21432584981799,48.60318234522158,253.48006242710193,7.3,12,587,1
4.24596131719794,7.270607514983186,7.036367897700119,7.911097979357973,88.07412194246726,14175.979877289095,7.3,12,587,2
3.700206972070645,3.141546198008844,6.740186613429418,9.347928221908914,29.56702757844042,514.2459057347958,7.3,12,587,3
4.158819022060644,2.259131350661291,6.965755230161388,12.148694700229775,14.424139744050798,42.10170908363404,7.3,12,587,4
4.401286573685996,2.4289437838606815,6.768507167878827,10.972798472048533,17.242062689609472,88.73171381120518,7.3,12,587,5
4.295525974137753,4.664456630721825,7.429246892126335,8.5993856510964,55.69817993339084,164.6852434611588,7.5,12,588,1
4.394121445310949,4.608000799598038,6.993239211418447,8.273434832036513,51.113107391121176,743.7142964876616,7.5,12,588,2
4.199009247463262,2.2046732856383984,7.432518937779234,12.925479070971589,13.661750785626069,7412.960556634861,7.5,12,588,3
3.7778083291603575,2.443983138036827,7.24159939243036,11.20017500863125,17.646094904376216,89.62619597255576,7.5,12,588,4
3.807411306522208,7.333592380217174,7.353960989757118,8.228992681322193,94.1459775498316,960.7300832596796,7.5,12,588,5
4.434077574824414,4.815683746236604,6.981036589413087,8.39741491179797,50.72109387950463,293.2699490983154,7.7,12,589,1
4.486106660749442,3.0824567881774527,6.981078113039347,10.152986904267044,30.16671990494033,383.39111238378354,7.7,12,589,2
4.316363902188607,2.4906906572380025,6.936238343356862,11.376121566075287,18.702636659149423,61.694095118468525,7.7,12,589,3
4.020389397618171,2.274479849885332,7.425606457458351,13.269490535412936,14.893401248608576,13.84192571751914,7.7,12,589,4
4.2595355036184035,3.0781270636827096,7.240415061658145,9.910637328415616,29.7331153200526,214.53668858065944,7.7,12,589,5
3.4814983463378124,2.4302522224640826,7.456717625935091,12.174137523582337,17.473182525806745,155.62167148692532,7.9,12,590,1
3.9377759815383615,2.7638887667049925,7.611216185021571,11.058453323439831,19.722871300476385,46.88395259891527,7.9,12,590,2
3.885159661518303,4.880894793262425,7.476032072129976,8.931432199184155,58.64170677037166,146.0977855286157,7.9,12,590,3
4.563730089590345,2.544665407778063,7.637067491631571,12.019856346734574,17.91064380466118,191.01046378633015,7.9,12,590,4
4.03739806283543,3.302572605881428,7.424712322709978,10.223686774280418,33.6997033065232,196.2189212131019,7.9,12,590,5
4.200845837113588,8.047018983350103,7.867220430241188,9.228132644881052,110.2626246981997,590.2354849447084,8.1,12,591,1
3.9328127295506583,8.085091487722837,7.888506676858014,9.064682810336992,109.06522265144724,612.2348899107452,8.1,12,591,2
4.176833640587994,4.954310912800522,7.667883340895001,9.192393868447107,61.21869524646705,292.9306616930872,8.1,12,591,3
4.6951746262173035,3.187984429785645,7.457332692584826,10.672889319423213,31.218929965379893,292.133104863441,8.1,12,591,4
3.525665601975708,3.336561453611988,7.728204859880618,10.932715002774028,33.19919927707485,714.9327409515794,8.1,12,591,5
4.226728975810709,2.279067063646193,7.783286050184936,13.82312686764596,15.281547987243105,45.32504718604989,8.3,12,592,1
4.1261355601605505,3.3397669739718054,7.793078763631144,10.777068319629908,36.204362027435685,126.3272131909795,8.3,12,592,2
4.1389789029639825,2.359808634066844,7.610799965907606,13.038524933363238,16.482354035061768,81.54667564367256,8.3,12,592,3
3.8735926515890338,2.489414310981901,7.990704944911576,12.48120229298907,19.096502702556112,41.95723455031058,8.3,12,592,4
3.744436218714213,5.067953916286755,7.819308607416451,9.647312398788094,62.80692326205595,516.3196559660745,8.3,12,592,5
4.646602725181833,3.354627806543967,8.066566692481954,11.065580894718192,35.936882834303475,547.4759869489747,8.5,12,593,1
3.9247196633777817,5.018687074298607,8.229908684062302,9.804631037474824,61.59922578521693,287.4744372550203,8.5,12,593,2
4.597170128094216,4.891026861283659,7.982022896793428,9.883096307391073,61.555360641344045,523.892701167318,8.5,12,593,3
3.6777685613501903,2.3812296679776748,7.936102830217316,12.395547078992609,17.43046020280557,101.70994515293206,8.5,12,593,4
3.667264708573986,2.518206532798196,7.920107343482867,12.717534627743124,19.363134552072076,116.3773666772974,8.5,12,593,5
4.405051135079435,2.411919343624176,8.279250902881024,13.222057892892284,19.029005817216156,147.74861711325264,8.7,12,594,1
4.263935003738776,5.191842245346628,8.08714502845529,10.0789107727589,69.58955132055497,578.8350871256748,8.7,12,594,2
4.491986024589742,4.992330225435616,8.085724060967015,10.107294951011175,65.96406668555919,464.6239594525337,8.7,12,594,3
3.956717358861119,2.3467592067165697,8.559401358252105,14.25330101744366,16.699268302475335,55.580216322162215,8.7,12,594,4
4.384801961792604,8.631945922618636,8.502715454773993,10.030964582819871,124.66090266631454,374.7021207378171,8.7,12,594,5
4.125543351601319,5.31773880666847,8.256577440710899,10.097897079748098,69.84146126479948,743.0044539932753,8.9,12,595,1
4.5541164849367854,5.262391219100723,8.326983928010453,10.225821077073563,70.31229638264492,443.8361892323004,8.9,12,595,2
4.298651596963991,3.2279615227167735,8.269248781030763,11.81670315623175,34.74585081569864,175.50207309768558,8.9,12,595,3
4.098364141273547,2.572517123681935,8.362062568002866,13.23693425133554,20.650670051427532,2055.3359089459573,8.9,12,595,4
4.213035597307115,2.179286232880088,8.532920990778846,14.327996091889124,13.488708495529943,1063.188218603961,8.9,12,595,5
3.9847730049649224,2.628030265048287,8.604357045021649,13.33772140757961,22.48747187502179,65.87524502836922,9.1,12,596,1
3.9311782541827927,9.065904497961458,8.6736373152267,10.55177167803491,137.4483491562967,589.3461479611408,9.1,12,596,2
3.8702852519050945,2.43129139296301,8.42624422869983,13.96606071270376,17.4107150537938,85.40598256049627,9.1,12,596,3
3.9964800988109954,2.6356813957365155,8.435227620936999,13.338577554097318,21.79156920262691,118.87334220060488,9.1,12,596,4
3.961057022529772,2.5206432697241885,8.64121509830225,13.959985075289698,19.860545658928935,34.47244734997367,9.1,12,596,5
4.049834524107069,3.3154808590998988,8.570130063749545,12.153458660131772,38.54656924426201,153.64157235452657,9.3,12,597,1
4.463107309744644,3.150984847317937,8.568276807564429,12.117666397991496,34.6404412377919,517.8606433374362,9.3,12,597,2
3.6817923222790294,3.698700852517938,8.396335651934884,12.073929193693136,34.438290364031005,311.99806392153613,9.3,12,597,3
4.196082882079584,2.430173747326927,8.666844176699566,13.990405329745911,19.444129713518457,264.1025229632371,9.3,12,597,4
4.1030355063524615,2.255087201581657,9.0290818593913,14.90137134417238,14.982198355330931,21.848772247755043,9.3,12,597,5
3.9248920361419968,5.585550999368836,9.070959182425332,11.14619244708184,78.70690057556838,456.5342420577412,9.5,12,598,1
3.4487743201127974,2.3895844329427325,8.97037584790314,14.247264025265045,18.647895291221005,113.13976316345013,9.5,12,598,2
5.799052353037233,2.65707247393784,7.843146736486423,12.423046360834276,22.601513303071332,324.1742321807523,9.5,12,598,3
3.747867560499628,2.5520658626184383,9.586596104109564,14.17407568337898,20.006547677215533,205.23714762608145,9.5,12,598,4
4.237503008954926,2.3901225248582154,9.175863757580151,14.509215178578774,18.52027485836152,46.56426606124308,9.5,12,598,5
4.791525523981071,9.537409667760429,9.434512970454794,11.06992489567958,143.67008800891458,589.0539754086908,9.7,12,599,1
4.2351822110792545,2.587763062248598,9.390530534881464,14.16383816675632,22.028127973039823,447.0504910867494,9.7,12,599,2
4.373166570523974,3.43415800005666,9.236232642630748,12.738348522876612,42.22983131188863,207.22946697754745,9.7,12,599,3
4.030058543544554,2.4915818639413607,9.250683310152528,14.330365816077345,21.10798544526365,122.2951433055639,9.7,12,599,4
3.8814291048548792,9.699625538268704,9.514313651620371,11.202551015040154,151.21470795380438,509.896753596625,9.7,12,599,5
3.4497868663869857,2.4818922207240353,9.26731813899355,14.61176671359875,20.98964702940659,104.27355468459024,9.9,12,600,1
4.009561265805015,5.711233162058547,9.414718015909884,11.65667258845213,81.27421067799017,151.78585379976073,9.9,12,600,2
3.783743292643579,5.687018163173507,9.573652543509631,11.56529181202693,81.95963752033104,1441.2727273322168,9.9,12,600,3
4.030870077316957,3.3584655082918973,9.421446407688167,13.0424532835753,37.42720257709685,805.957244875806,9.9,12,600,4
4.441563488588532,3.417957475797359,9.410689368976035,12.950592298957297,43.68731211274508,479.3345012485584,9.9,12,600,5
0.19279681357578632,0.10218414556472048,0.10047520874959096,0.09937823224156105,0.554784502458539,0.718642314878334,0.1,13,601,1
0.2138118608603221,0.10089920096175042,0.0988489343394319,0.09928163599861228,0.548325118663191,0.7133779195172819,0.1,13,601,2
0.22439406115945565,0.1005953248745295,0.09852145041305228,0.0982235588908072,0.532939826963892,0.6914684590583464,0.1,13,601,3
0.2226194500277755,0.09828842888232554,0.10011061445625229,0.09870945734539564,0.5308506638910574,0.6894449790696527,0.1,13,601,4
0.22705870199722816,0.09679008462773984,0.09799309994681656,0.0998953563114542,0.5189183659633542,0.6908907862947928,0.1,13,601,5
1.633493159060507,0.2551691852268406,0.28660748379974593,0.2954743461404844,1.3768889160500402,2.020955598946622,0.30000000000000004,13,602,1
1.6103878377581324,0.2958260620182716,0.30391019186214646,0.3047166409743059,1.594459994026684,2.579756254539084,0.30000000000000004,13,602,2
1.7318228860465257,0.2988181977474965,0.29975225384794474,0.3077936921024228,1.615536039183458,2.586566219657316,0.30000000000000004,13,602,3
1.5873584341531888,0.2985406716233925,0.2980945910172066,0.2986143925699476,1.615448954162585,2.951165367272305,0.30000000000000004,13,602,4
1.400545814186399,0.2991324941693448,0.30880077288455987,0.2973968951216251,1.628066702777732,3.7642385784665695,0.30000000000000004,13,602,5
2.438901638160069,0.40169486468731413,0.4674991648674631,0.4989765818338445,2.12567871862614,11.332079157949336,0.5,13,603,1
2.4783506339184727,0.4090945072842329,0.47746242258623606,0.4889134220394855,2.1795612488150167,6.301265982373541,0.5,13,603,2
2.594716815243354,0.4980634171465416,0.5092925388544096,0.49839467782369046,2.709000162388819,54.27612167668791,0.5,13,603,3
2.97461281139639,0.5104831141185562,0.5003111174759861,0.4916272225323344,2.7515929274642934,34.92018336767169,0.5,13,603,4
2.5879275962415043,0.38571663210839263,0.45907251591495607,0.49584202478433553,2.060669031211922,7.917759932659195,0.5,13,603,5
3.6526283564143225,0.7185973931619719,0.6979425800409348,0.6896794474489114,3.921200471460093,363.8311460227992,0.7000000000000001,13,604,1
3.478943709729331,0.5529623092459092,0.6387990154876249,0.6841664201673422,2.9196163790372287,32.34379558164836,0.7000000000000001,13,604,2
3.343294889267566,0.700173580315694,0.6894806360218522,0.6969289461378978,3.8226786642760313,488.0792008751153,0.7000000000000001,13,604,3
3.353118969245399,0.6901491953267265,0.6853917874969636,0.7093688112703451,3.745621539663722,5387.3516328100095,0.7000000000000001,13,604,4
3.716329709935144,0.7090094256562536,0.711495756844072,0.7000401555590248,3.8287318876380505,316.51773468882277,0.7000000000000001,13,604,5
3.2100268897451127,0.906618746078706,0.8925316377070804,0.8670635722006514,4.949083146156904,5764.0679672539545,0.9,13,605,1
3.4238250225085705,0.901188120703622,0.9193708645386648,0.8726390946826597,4.945103276956001,2104.0705178402513,0.9,13,605,2
3.418532756755864,0.8972626230249215,0.8966206347542569,0.8950200864398041,4.9445131169283725,441.9443183591641,0.9,13,605,3
3.3009731055164337,0.6966018872761629,0.8245028401900062,0.8774162090173612,3.699522429054147,550.643779851064,0.9,13,605,4
3.7092125033373313,0.6838418844545808,0.8187930949840743,0.8946069692917887,3.643115536275265,762.543061487729,0.9,13,605,5
3.2280613818669206,1.08182383015986,1.0980079726498786,1.0837996428028365,6.049427645678574,1542.72951963987,1.1,13,606,1
3.150855588890723,0.9545553077230412,1.0084660329466075,1.0529107288775357,5.0903777417787825,117.5251538400153,1.1,13,606,2
3.5941773246152864,1.1139443242226088,1.0905761376463698,1.074496168330506,6.067398029120117,468.24695232138777,1.1,13,606,3
3.432079859242694,0.8399493908025696,1.0151763079114524,1.055073578792811,4.458777050898497,180.82398356910764,1.1,13,606,4
2.9342367568252348,1.0857324650004074,1.1304154405854885,1.1036477982208088,6.072753672337099,639.445786032876,1.1,13,606,5
4.142698023585582,1.2572987185380462,1.3649094632881154,1.3032786391503877,7.250665015383629,853.4211849203188,1.3000000000000005,13,607,1
4.105683139771349,1.2634959757066797,1.3001907496910077,1.2973378078472528,7.128077357178465,5539.059224983948,1.3000000000000005,13,607,2
4.277704766276616,1.300936091611716,1.2975933359285727,1.2760084954810187,7.235297524440153,1829.2481013131016,1.3000000000000005,13,607,3
3.4643584872818263,1.2957306713023038,1.3002834442162892,1.2772983552374382,7.33785737591336,1604.8856186742637,1.3000000000000005,13,607,4
3.4391007931101716,1.2981386404070945,1.2808838379380203,1.29243572045045,7.433742192743981,827.6412790628686,1.3000000000000005,13,607,5
3.591120919976192,1.5206218891447412,1.5328163217080233,1.4303371787445307,8.47772898259474,992.9067400152272,1.5000000000000002,13,608,1
3.3665772007399277,1.4999558284757466,1.5111707857570638,1.4980109271882704,8.494297026436488,1971.2162315473304,1.5000000000000002,13,608,2
3.717309770214608,1.5159420081328994,1.4843414186312522,1.4728311893408832,8.71964486002399,202.5546214652006,1.5000000000000002,13,608,3
4.236751535758823,1.1396492724964613,1.4079298324255545,1.4008603293302355,6.077852359205036,268.81808491675775,1.5000000000000002,13,608,4
3.8442846322719566,1.5191506104370318,1.4940994600507915,1.451226223659135,8.562274772864582,573.9187431163423,1.5000000000000002,13,608,5
3.61717561345525,1.66770794919351,1.7104236860812108,1.607003251510832,9.672282776321458,1151.195997596043,1.7000000000000002,13,609,1
4.244271456923746,1.706338931729224,1.727182085182485,1.6535203808640333,9.90466618339666,142520.14393016478,1.7000000000000002,13,609,2
3.861917421270012,1.706362844648044,1.7166541624549194,1.6030324023014242,9.901170830793244,779.4274205512014,1.7000000000000002,13,609,3
4.273718836571342,1.7398048101614711,1.737463977773125,1.562964022659271,9.82431517322418,1250.6477118055147,1.7000000000000002,13,609,4
4.1420267730662745,1.705856646650393,1.7095525166968883,1.622271950114481,9.980029961716154,1353.4274230907502,1.7000000000000002,13,609,5
3.782630707531617,1.873616284203589,1.9206490089835733,1.8047204334010964,10.931177695094885,629.1306372089374,1.9,13,610,1
3.5309423223425354,1.865364108730029,1.8785247031921657,1.7227503539274718,10.980504653411028,38141.939255952835,1.9,13,610,2
3.4788040926203556,1.8809076204407087,1.944237736564074,1.8203998738910696,11.300036255198904,506.0500071341582,1.9,13,610,3
3.915978960824684,1.874995469935537,1.9079358303421257,1.8448078547312163,11.159577068004252,411.6750233588237,1.9,13,610,4
3.9083951948614257,1.914372271023936,1.8882620120747016,1.7900103255353546,11.221046640560337,596.3423098355197,1.9,13,610,5
4.035462843082129,2.0521368911261337,2.0522480617707615,2.0036251539996366,12.592252915389222,815.3677055987594,2.1,13,611,1
3.720844094512026,2.0521383370316792,2.157263189207079,2.0122903194898476,12.50296208317348,210.1478171849903,2.1,13,611,2
3.274203693597074,2.082937140486952,2.0978441591703247,1.9972709679374163,12.737849620889902,2325.7002117733587,2.1,13,611,3
4.052729548957763,2.087164817984056,2.1288705241446193,2.014123649155052,12.732558364738209,866.7928335475019,2.1,13,611,4
3.802602451629024,2.033683002600276,2.11718296309202,1.9649899756844451,12.310049217073614,249.79875935641388,2.1,13,611,5
4.250660841884424,2.2799501007271052,2.318357119767597,2.2085041306647537,14.32115358463926,380.7356612606413,2.3000000000000003,13,612,1
3.491562684005126,2.261127328826117,2.3157067645033713,2.325248339083058,14.105992876950928,820.7001422530387,2.3000000000000003,13,612,2
4.068793519288832,1.666624460266983,2.174003006547724,2.202734892595712,9.672773798546553,1863.7621063551603,2.3000000000000003,13,612,3
3.681225894586914,2.285974699318113,2.3448046557719584,2.1931225541819805,14.449024042085789,291.33117749823407,2.3000000000000003,13,612,4
3.6112527040335145,2.313861719940454,2.4458367966169567,2.1482945509988465,14.266285238545091,816.8594465806849,2.3000000000000003,13,612,5
3.915632967044544,2.4889691082135528,2.529000644955389,2.304455891191415,15.929513168898076,1044.6743180226583,2.5000000000000004,13,613,1
3.8860683138939143,2.5666157522377953,2.5117786496850036,2.3633374741715545,16.36954662726157,192.6254030379949,2.5000000000000004,13,613,2
4.079775325890878,1.6021195781846451,2.234343252087567,2.4421523498124804,8.891948723404294,1317.7249505187438,2.5000000000000004,13,613,3
4.28045933642084,2.4630019696201217,2.507347906501038,2.4201543028831636,15.658167049285938,1462.4994430415668,2.5000000000000004,13,613,4
3.6119837035279447,1.5384079760165144,2.2873335253945544,2.3931734518656023,8.637642733091916,222.38484268082416,2.5000000000000004,13,613,5
3.745713334380118,2.667351178925897,2.7153626240214086,2.5988565912030452,17.84593430225775,492.7469745385288,2.7,13,614,1
4.049224984876937,2.718961951940472,2.7722270997646703,2.608381565187026,17.711003586894666,241.69332891368597,2.7,13,614,2
4.273003946516205,2.6742477572316363,2.6701476495147047,2.580666364986654,17.570120274056432,656.8223557112873,2.7,13,614,3
3.5120477849483014,2.678903960708079,2.7120335116629946,2.499422661212005,17.904273046422983,13688.555848718686,2.7,13,614,4
3.956949685489859,2.661760658050667,2.6456519927784257,2.6030695861417263,18.173418224757217,584.9034829379641,2.7,13,614,5
4.56929579207219,2.108048139936037,2.6684610508717577,2.75299283865584,13.060187562568167,1522.271589014969,2.9000000000000004,13,615,1
3.3233830945344778,2.030208358531864,2.8590447645287504,3.1973778529345265,15.195386039195892,446.27322196295535,2.9000000000000004,13,615,2
4.06855661864444,2.0479884716320527,2.706503939232062,2.7766796142427284,12.751603984266078,213.72198350745737,2.9000000000000004,13,615,3
3.640501364113684,2.898402270623849,2.8911259257779163,2.726942354463946,19.154046098974742,574.3911768756901,2.9000000000000004,13,615,4
3.9967023176771743,2.718229411259036,2.7184842083482477,2.797162327529567,18.615693310626177,543.3205221549098,2.9000000000000004,13,615,5
4.186181432037206,3.052944512457281,3.1165390553806676,2.909720756343276,21.1630098218224,2439.1610524286684,3.1,13,616,1
3.558366329876962,3.282556938346524,3.070281786375767,2.966580927140245,23.499620635177653,265.47756906490946,3.1,13,616,2
4.2998077305628994,2.2015780985850575,2.858845708929903,2.963099914128748,14.037450372548337,822.9553937132304,3.1,13,616,3
4.139263136586787,2.254777139307413,2.884122464843474,3.027562998047444,14.416189381154016,260.72357812422706,3.1,13,616,4
3.900314953371552,3.0627641669570966,3.071895327287838,2.940942787644123,21.15920710993066,1442.6371845376498,3.1,13,616,5
4.494427814810225,3.3585045276522547,3.375337648794388,3.186360370812742,23.981080765833465,2817.858142783402,3.3000000000000003,13,617,1
4.435897293027812,3.310006008479892,3.2890695231889846,3.1296654538785744,23.863377053333043,291.03843943113554,3.3000000000000003,13,617,2
3.5487670319522353,3.2309157663057126,3.2875464918251693,3.148252580365898,23.404337870133876,541.8650157740994,3.3000000000000003,13,617,3
4.2688578509333475,3.184414210649533,3.2402536687051957,3.2099872496187993,22.525790979762103,723.8005152167476,3.3000000000000003,13,617,4
4.0339315121855535,2.3264259839091728,3.0525639266774705,3.4937667826433287,15.068981817883538,581.7250398045679,3.3000000000000003,13,617,5
3.7643870794172583,3.4486565177523305,3.5380644704836945,3.3744530488587015,25.676877381167465,546.6825682800874,3.5000000000000004,13,618,1
3.881552195245155,3.4952661678454766,3.4745369969595052,3.3284640994677095,25.559549210660123,356.9525989195534,3.5000000000000004,13,618,2
3.915735472424936,3.521972814681572,3.5368441738371645,3.355942454403426,26.093719484232135,311.00434716916635,3.5000000000000004,13,618,3
3.791416709392437,3.497901851082286,3.571473442070601,3.3151846078034084,26.22302895377454,1073.0660507452503,3.5000000000000004,13,618,4
4.136009845406474,3.4690305639098904,3.5482482458281623,3.315614543205377,25.95156768274765,1257.3238093631094,3.5000000000000004,13,618,5
3.7771163204081186,3.6660059415264823,3.6679629038436463,3.598276765806638,27.838656040632102,774.7160824029845,3.7,13,619,1
3.785711997500671,3.707391131651512,3.7101734108662296,3.5654112462671224,28.153456066602548,927.3911226209484,3.7,13,619,2
3.758374513189984,3.5725980044535812,3.640527076317914,3.686726809336652,27.651307803347095,1028.6445927095965,3.7,13,619,3
4.196838776996871,3.701543812182158,3.662992803183623,3.5387298154152007,28.351808438046035,2809.9323945713777,3.7,13,619,4
3.8671331616288342,3.3275470919171624,3.3512173586016663,3.1601289260685186,24.72784319627535,197.33257124860137,3.7,13,619,5
4.473099864378266,3.9666388443979232,3.787975166514273,3.7645076211440793,31.237186613548538,478.694263453928,3.9,13,620,1
3.773994409223405,3.704555704315527,3.60860066382707,3.627126310239214,29.285536700047437,389.9503592862101,3.9,13,620,2
4.023343173979034,4.099031822093104,3.875598148001644,3.933940883796226,32.29045265592342,471.85278840122203,3.9,13,620,3
4.251982146386517,2.7627197680490285,3.593137541132249,3.772023379955347,19.155232748501177,180.1494029215921,3.9,13,620,4
4.209546795637779,4.276742209452857,3.614071342662709,3.668304883995779,32.31486348757147,378.28809283733665,3.9,13,620,5
4.033464602874518,3.125456186244572,4.735173407822731,4.412234967270691,20.058867592185617,144.6657315202672,4.1,13,621,1
3.970707446808363,4.486392201641226,3.9760098085711806,3.920884089853901,35.194784325334126,825.8385208192133,4.1,13,621,2
3.816142809051638,4.08347844876083,4.0423104451128475,4.037824141483724,33.424991726798304,565.8502153339585,4.1,13,621,3
3.6467922098926513,4.084696919909926,4.075658007673683,4.086102900253414,32.804392195544104,10197.199954828791,4.1,13,621,4
4.187575776757267,4.045799581957527,4.078455781785056,3.9271842834263335,32.7084126215692,585.8771821511821,4.1,13,621,5
3.502112836168674,4.380358131632935,4.335453704158335,4.183250031632966,36.330137875168155,160.24186354177624,4.3,13,622,1
3.5665982278738952,2.935339882399204,4.393964817228868,5.207215339905964,14.209349254019104,473.13606480949625,4.3,13,622,2
3.805976503951365,4.905542596273393,4.164904778822748,4.121403943986202,41.77896406432837,160.63186695760177,4.3,13,622,3
4.141416745104609,4.342706098597921,4.280488582427968,4.168010293803155,36.58085160570137,2647.2099632117634,4.3,13,622,4
4.20459342665752,2.9526355206060555,4.052814343383262,4.267270621343525,22.116253389568744,360.7360068622333,4.3,13,622,5
3.982042132811459,4.732244558295119,4.278460411661856,4.391158180164324,39.17012611994802,185.30496140110947,4.5,13,623,1
3.602396200956253,4.763820976344645,4.484616168983803,4.439007502549141,39.86975560923638,250.0643669192228,4.5,13,623,2
4.316114772829383,4.525757208637305,4.4596258460806295,4.435831250258786,39.00587195858601,622.7039714691815,4.5,13,623,3
3.144574881757061,3.0936614622197744,4.399436611354261,4.685555295124096,22.13021429183273,256.88965739808606,4.5,13,623,4
4.018498231810943,3.01165272383957,4.180892499890976,4.502408651347936,22.50696628804521,584.86157376159,4.5,13,623,5
4.06023395882036,4.711321138252763,4.648129229163569,4.593510630497527,41.30384637796665,995.1507957897072,4.7,13,624,1
3.763268230390081,4.641453271087948,4.582438148620583,4.734957080235209,40.805692847866055,303.6933464336982,4.7,13,624,2
3.902838583371525,4.6883353771101275,4.661434708189352,4.715456695265257,41.345666468212585,1009.8144999861452,4.7,13,624,3
4.123689068024004,2.556424977806812,4.21558002330678,5.423263464275311,17.832517097891465,617.4550687521761,4.7,13,624,4
4.161798819086777,4.652850561841812,4.5977860676803495,4.756693524158277,40.81324183721714,530.7139224424233,4.7,13,624,5
4.190458161322125,2.591206814014005,4.343974138155532,5.587297795010904,18.521693937352342,477.09202404694696,4.9,13,625,1
4.044145045917433,5.235308803478627,4.658975481104754,4.786740870188718,45.14430013754925,194.76713855236113,4.9,13,625,2
4.43392540052154,3.280246116350209,4.534993836260946,5.00817560883315,25.36589570289219,225.8838995487519,4.9,13,625,3
3.428807851658783,5.7162127488110315,4.49915342150624,4.545158961865666,45.02379063621973,518.7930327142321,4.9,13,625,4
4.026069377733865,4.735005015865533,4.731099677219853,4.815818526295649,41.87875334750126,394.4181462390872,4.9,13,625,5
3.7498356410983207,5.113954051292589,5.044362793858299,5.193280953115787,47.83363505250564,1715.9134383544254,5.1,13,626,1
3.604749968840951,5.23846173915031,4.982369792774688,5.0869520417260015,48.65284031988291,724.8471762955528,5.1,13,626,2
3.4473598440075106,5.254653574631449,4.986263400405057,5.057652590964778,48.449382664341485,1230.9392800613025,5.1,13,626,3
3.775733158496263,5.27068155448936,5.023045291795388,5.074205267679015,48.88972508556542,471.9229560110126,5.1,13,626,4
4.093470006928437,5.102755516196703,5.090394729620843,5.054271772106408,46.14610198204623,3704.391405305965,5.1,13,626,5
3.626564187363103,5.274991335106717,5.232659019726309,5.350641034682899,49.45104742133804,750.9631613787141,5.3,13,627,1
3.3775025962022576,4.81199646433155,4.975166244442395,4.717958292640082,45.962052038136086,1837.5892499368297,5.3,13,627,2
3.7648543519694946,3.434052358170613,4.954003716996749,5.601416181571554,29.036296041952504,681.0649268436377,5.3,13,627,3
3.5192284973995696,5.1484826583121,5.146545892828452,5.48670909225356,49.95609546416528,812.6093970201724,5.3,13,627,4
4.0934293005894284,3.727855320284295,4.629537657198791,5.4876290415046105,31.071848883327707,780.8884690360838,5.3,13,627,5
4.459093527621063,5.361403662479486,5.505758509826446,5.542934265957931,53.6515508555842,130.1977243507307,5.5,13,628,1
3.815299337019987,5.306369894343288,6.217527434984039,6.779852215774147,53.15158212850527,449.263318681843,5.5,13,628,2
4.107977893029873,3.525234136426102,5.031100935737045,5.6944416626626095,30.4643986562042,551.5253142729747,5.5,13,628,3
4.263196449034089,3.614968119039206,5.139914730018338,5.837692004799075,32.24046277806456,196.31894403965455,5.5,13,628,4
3.542784666664058,5.3673012502577695,5.3708330657878225,5.72294900823862,53.15906034777504,897.2848673768082,5.5,13,628,5
4.134198543865829,5.82179617830158,5.597533189466148,5.813531162619961,58.92215402512663,347.3862507389888,5.7,13,629,1
4.146526034942332,5.421349078220266,5.774941408416449,5.629310256052026,54.19708857100549,423.1421895224733,5.7,13,629,2
3.411573549535077,5.5682727146872955,5.621517867607119,5.889874860387684,57.269390964364064,251.34289581917216,5.7,13,629,3
3.7066204771205182,5.875296238455546,5.654304072521993,5.999995802302961,61.54096533055331,1749.9424846127608,5.7,13,629,4
4.207727265296047,5.663572797011435,5.528121316478622,6.00744652695234,58.98630567767415,426.168055304426,5.7,13,629,5
3.777263661627104,5.967820071980315,5.897064935250397,6.743760089382359,69.79949514525781,1011.419671258094,5.9,13,630,1
4.123457548541308,5.891367965059315,5.650425165016485,6.070351109749982,61.044053538159766,285.88390744783925,5.9,13,630,2
3.789096082302584,2.9577666858049594,5.404777935359606,7.1465820127013515,23.066678240961046,220.55963132825784,5.9,13,630,3
3.938019355172568,5.945141911969386,5.913622481422469,6.2838656406965665,63.358008360470706,866.3686178765179,5.9,13,630,4
3.662411174191834,5.9290772758410055,5.841842531056993,6.055421762642797,62.48442000536184,481.7716715378354,5.9,13,630,5
3.9635699182481248,3.9084100258727785,5.64450695230449,6.614600800494251,36.47599072072363,586.2313185433887,6.1,13,631,1
4.390027975915935,5.973111707165101,6.001531004276876,6.371734800004791,63.35169728683527,380.27362679110973,6.1,13,631,2
4.359696239313423,5.972990788738233,5.946502286536699,6.3683247843212465,63.413500514941894,1166.8306512965282,6.1,13,631,3
4.364803715709026,6.177041222938432,5.904313763753058,6.45154250436157,66.41875690584456,1168.405123684435,6.1,13,631,4
4.0198641464287315,3.8947666918731394,5.60799174355906,6.568014133183956,36.6342632292997,253.92680876239396,6.1,13,631,5
3.881393545478117,6.202790345590554,6.225087645038155,6.4856311673409195,67.96829207316955,3581.14197151643,6.3,13,632,1
3.551507055649281,6.326462107571287,6.120994408449728,6.589826639234716,68.75297795293935,5073.344024177328,6.3,13,632,2
3.6200714431154823,6.233504393814632,6.159575563494021,6.6871936534903575,68.53753453940959,565.9860276956225,6.3,13,632,3
3.9199238910143306,6.39124609388595,6.156389904871439,6.700696701668142,69.92738965025606,309.47862865347844,6.3,13,632,4
4.421053687468599,6.135639874399334,5.9733232725304894,6.7757009493389715,66.49340927396815,469.65289194130446,6.3,13,632,5
4.213674104431119,6.335782557092592,6.304103292162337,7.148262310240864,70.35374936219927,1384.518119803198,6.5,13,633,1
3.11568140458031,6.454518266976568,6.374964205600312,7.01486572687216,72.5244578572415,559.4057525017807,6.5,13,633,2
3.9428775971140153,6.47617328242096,6.324675366004926,6.889299388889393,72.08100564030279,1125.205940042218,6.5,13,633,3
3.643490334794149,6.535571711874651,6.309751850487934,6.8903101316937665,72.12353335728665,864.2631541756649,6.5,13,633,4
4.273869080469651,4.086949288193178,6.061519109829036,6.971461649955421,39.29793509678905,174.5199541298505,6.5,13,633,5
4.3720458751875695,6.632775467554988,6.388759466909393,7.043522957583137,76.27365151148314,1426.5922421967111,6.7,13,634,1
4.174118439809425,4.083409474977475,6.363802155256865,7.226968225297817,41.80990482858337,6527.841138670402,6.7,13,634,2
4.231789713358662,6.645546716903668,6.6581974129364125,7.234769271593236,77.4821490650992,867.750932031092,6.7,13,634,3
4.270620561936391,4.227943895353019,6.427505301339654,7.326197672496141,43.51470514427544,879.6739061658261,6.7,13,634,4
4.3208569076395165,6.607605619788025,6.369441141012574,7.189861850360353,77.5734986238586,1864.5804340929576,6.7,13,634,5
4.286835199654309,6.887625293374578,6.775577633078444,7.330565974989001,80.87745479327604,1016.454890224294,6.9,13,635,1
3.692237151521392,4.184676825002632,6.434303313273649,7.748367205239965,44.01498955045576,2808.6921343978356,6.9,13,635,2
3.434271211417216,6.9058868521755326,6.641643190225954,7.321647231866691,80.60661844105213,479.0175700601162,6.9,13,635,3
3.8724725742500654,6.852948775479477,6.762276086957985,7.2588240189977,79.19973861237412,601.7300262826781,6.9,13,635,4
3.919460503850726,6.811428702048519,6.650939789299975,7.437762251377089,80.46951740372509,1074.7059524730014,6.9,13,635,5
3.910368672774596,7.048079817828457,6.897071284059176,7.548965588199277,83.49064277034208,1169.1870578962853,7.1,13,636,1
3.712484157039922,7.651743184442748,6.5046985477599,7.365515911540414,86.0517778652481,630.7594621869995,7.1,13,636,2
4.223752405445872,7.098075995567621,6.735300537283846,7.704076142379018,83.75423498015512,548.8468645627156,7.1,13,636,3
5.467883076016189,7.069445674683593,6.264490899360045,7.458810122320575,77.32057709674096,268.88233392245223,7.1,13,636,4
4.051889128234966,7.116341124714913,6.959613735305881,7.567754403529044,83.6348364952873,1252.069535893398,7.1,13,636,5
3.8628504295328985,7.205563333254511,6.956334860673686,8.023687466120323,88.78012428129665,1657.411316250263,7.3,13,637,1
3.7225722887241264,7.453057711872653,7.033853198303898,8.078626942320124,92.65192694810445,344.9318317154359,7.3,13,637,2
3.685275275262991,7.271441619879145,7.035888564105409,7.976250244148911,90.76653575089682,498.51970885571217,7.3,13,637,3
3.921434420648262,7.295780444864932,6.975416288192828,7.994321205734958,89.73722022031552,204.80440402697576,7.3,13,637,4
3.6274448510333985,7.577188247865734,7.0571618322082825,7.919450627384794,91.653165317007,272.70567871972213,7.3,13,637,5
3.692188674121166,7.504276950242881,7.187080489356998,8.06800225542886,93.58597929398152,355.36369807145053,7.5,13,638,1
3.6182328664624026,7.427885509786174,7.252461152478717,8.159473465744407,92.15090572846476,596.0774890833713,7.5,13,638,2
4.156602809438504,7.428159987275409,7.329654048422701,8.205962086193482,92.693372911722,891.1621767602077,7.5,13,638,3
4.174474116535027,7.615228562056961,7.40627398705576,8.299065973142653,96.96237877605442,1148.0400588123148,7.5,13,638,4
4.545713588947214,2.964311919729007,6.61009733361705,9.714545577070126,27.726437465141192,334.1383479684927,7.5,13,638,5
4.042505834726603,4.393158909546508,12.686026511281169,8.38026065742449,50.08680672579136,213.53509393703396,7.7,13,639,1
3.97479338651932,4.732948104764333,7.268366341660695,8.628991593415122,54.5852672983259,347.6240371800074,7.7,13,639,2
3.81868484655669,7.727433280103774,7.642715555665656,8.278145391517574,97.124402275718,4225.034622155803,7.7,13,639,3
3.892820660436094,7.798836479432738,7.434396858652636,8.352015981610005,98.15819829315038,323.40781279575634,7.7,13,639,4
3.516151667643342,7.835029114907464,7.544386981240859,8.528697121807333,100.95692327205543,776.5846767197955,7.7,13,639,5
3.879548733051601,7.608112255764731,7.358482576297286,8.593839432086865,100.10225408676712,546.6805090167355,7.9,13,640,1
4.967569027539339,7.944935980381318,7.79582562466527,8.677195729253217,98.7405203137088,133.62300483580518,7.9,13,640,2
4.15750678084033,7.721636576710674,7.798216465808071,8.887551396933816,102.9860288976474,279.9981318749089,7.9,13,640,3
3.1376092117630057,8.103773406889546,7.893137825572716,8.657624664749024,104.55111775610445,29725.230335046606,7.9,13,640,4
3.913593172793996,7.920430719079353,7.483725503677325,8.73551680650529,102.63579035197148,1158.0278027880468,7.9,13,640,5
4.34678689991221,8.24561006663925,7.7917642125257185,9.140382465361384,110.19938611324004,542.9691167628936,8.1,13,641,1
3.7160494438438194,8.028631820687073,8.0435473432223,8.914356720347437,107.26542405817057,370.3530560560674,8.1,13,641,2
4.192517905441907,7.981684666978888,7.861580675323478,8.791770202879697,101.20606430305232,2084.138890902272,8.1,13,641,3
4.172677427947324,8.075229305503635,8.106776908226228,8.861048987701375,108.2482931281852,602.9859140640347,8.1,13,641,4
4.143367237189227,7.884560187330243,7.929247853620323,8.903947524302792,107.24849065144788,854.4452860578814,8.1,13,641,5
3.653035381084011,8.466806686792944,8.283255677706212,9.416892234310565,117.3993804856105,1160.08250846774,8.3,13,642,1
4.265700841282063,8.637720260051108,8.15004825921158,9.273603810108783,116.43679231331087,181.04316218010453,8.3,13,642,2
3.65389724427572,8.225982082991484,8.261440147238003,9.285088935207334,112.68355701183047,670.3613699344534,8.3,13,642,3
4.471769382483509,8.709573452496574,7.822361626153982,8.984081054982331,110.63765852657188,1588.078691613298,8.3,13,642,4
4.598016073402462,8.344949960105028,8.195264793986873,9.207802621146673,112.70848194140206,3335.188516334201,8.3,13,642,5
3.867203395034201,8.560499230081632,8.367918693416193,9.465794078501643,117.809410256173,50303.7709120851,8.5,13,643,1
3.8576552634768086,5.339493332059907,7.83447039311233,9.75334825580827,66.64720621320909,161.8846022431984,8.5,13,643,2
4.366766552524651,8.458105500951122,8.451187167416004,9.40306721919894,116.35321524458736,487.7118018530931,8.5,13,643,3
3.8143125733197634,5.295058068578751,8.080465766448853,9.632278373536174,68.26184175868845,3857.2619394925664,8.5,13,643,4
3.598539979171602,8.459267016372557,8.441325826504373,9.347288797531686,115.15774858570228,15666.0598506119,8.5,13,643,5
3.910301132686993,5.050931998419582,8.100986315844011,10.131767785720156,64.88432240527618,2859.9936519780617,8.7,13,644,1
3.469626236211978,8.78131088317168,8.35324418011892,9.948066497596622,125.11549857654076,1612.0087487549554,8.7,13,644,2
3.97964184439534,5.131264660647037,7.9460136530003425,10.078473722968177,65.08778342964759,195.9175669834908,8.7,13,644,3
4.0472517914702335,8.705452096118723,8.32774747168788,9.681809903084012,122.08967491253422,4904.12166941296,8.7,13,644,4
4.451301340182708,8.95666425539655,8.417615417762239,10.033248565629435,129.72915235849214,907.5749362877484,8.7,13,644,5
4.207147880072555,8.891172262653484,8.716085825235528,10.029061081303816,126.16693012625947,945.703974346344,8.9,13,645,1
3.6998393887945342,5.325100826258455,8.25098343951825,10.450993523147655,70.42483603596088,522.7693688653876,8.9,13,645,2
4.064667228008028,9.01198676287784,8.872881478139137,10.136657812903978,129.81400149090982,2013.6583046120688,8.9,13,645,3
3.6777838220946393,8.738703810500917,8.710605866807898,10.112881826985024,126.3646007234065,235.76581943834796,8.9,13,645,4
5.005598743024011,9.276015182495344,8.49499523998295,9.706293977474532,128.78197536116278,1654.123082461074,8.9,13,645,5
3.5186060660465395,9.393057639083016,9.014913165014535,10.457672102115035,139.38303485443467,278.8165627455707,9.1,13,646,1
3.9351267862467743,8.846579627573675,8.781591813173215,10.102447573052183,128.64125175593233,590.1439058454364,9.1,13,646,2
4.410187573323878,8.910452858335761,8.65615220750557,10.112839606317111,129.32006159815657,312.50680974858926,9.1,13,646,3
3.735697462676068,9.228020678895131,8.969790761476823,10.534640474202885,138.3826238511599,337.87888619561306,9.1,13,646,4
4.13567838944125,9.121022996469511,8.907562493365734,10.411680863738814,136.74973375596466,1143.8086168052753,9.1,13,646,5
3.766079951219195,9.31896441551738,9.261336531537008,10.482326183504442,137.93853822661725,477.30002591043814,9.3,13,647,1
4.365117783786924,9.286541677918564,8.976571275573434,10.700950646424316,139.07098765149345,476.2670006820262,9.3,13,647,2
3.6360156083546977,9.221365895778264,9.018258989161849,10.493643335229432,138.00765534036634,1303.9095828471918,9.3,13,647,3
3.4485397513581217,9.35527152611104,8.92754471459181,10.671011382048995,141.04977007546796,697.9470126766344,9.3,13,647,4
3.7737408332523743,9.219919494830563,9.265765052427454,10.596932097984382,137.6511506266569,1596.8715595378185,9.3,13,647,5
3.857813631953951,9.420796111248404,9.442162234600262,10.905535750870508,144.76824866620777,232.01858864207023,9.5,13,648,1
3.822873288208952,9.416326074344514,9.303501756132762,10.989689292930212,146.3136531164274,811.0019758918968,9.5,13,648,2
4.461781586617282,9.521306221917952,9.168729567990477,10.83781062465712,142.40683178702636,235.04466233902656,9.5,13,648,3
4.108836319752666,9.73795282648838,9.237564471378205,10.580822905587311,142.6826569837738,376.90888127605155,9.5,13,648,4
3.975524167744428,9.358435359668892,9.550900041262738,11.005010529883338,145.00288739559767,176.03571757474552,9.5,13,648,5
4.037834625324359,9.636735789208656,9.93083825197477,11.151977419642208,150.5284035961219,1928.2006194634769,9.7,13,649,1
3.4789264905165367,9.689831575906036,9.418928114673951,11.39181321800151,151.64447522867877,1745.3130952710562,9.7,13,649,2
3.9090646812707734,9.605268187297678,9.25460011120232,11.075199683222785,147.9984923295528,1508.5668998377294,9.7,13,649,3
3.690388450789908,9.732385450047198,9.68604413747123,11.2824619820983,153.6620378466086,448.735364678241,9.7,13,649,4
3.833286438278885,9.740155193364084,9.459504846025355,11.236034619453717,151.40826297831114,4438.384125655474,9.7,13,649,5
4.396746052157617,9.997236717823244,9.828159019727693,11.4580155686346,158.73215133469276,449.0951563521149,9.9,13,650,1
4.462670664667906,5.592937757855613,9.091661495769223,11.728634088828532,80.26991918911952,3267.120449696286,9.9,13,650,2
3.728426466241302,9.868826283854974,9.485932325392328,11.48076524063378,154.7189833750866,773.9498924550919,9.9,13,650,3
4.192390652881441,9.996830395727674,9.786325090935156,11.706394997968331,158.89837526556192,6335.113446096576,9.9,13,650,4
3.452523443761882,5.877268298796518,9.375505460076718,11.923163524478438,86.59069543217329,584.1868206324413,9.9,13,650,5
0.19409723526055103,0.10033492391649856,0.10004832065993764,0.09930550086098804,0.5315407892697938,0.7071297198102287,0.1,14,651,1
0.2075020597557251,0.09986670534875508,0.09863035418481016,0.09974780381969356,0.5298517030204916,0.7017494922022847,0.1,14,651,2
0.18964280687837623,0.0996975619147242,0.10050380134714622,0.10040096221081748,0.5356019734105999,0.6959787588796966,0.1,14,651,3
0.21615830379588405,0.10212071808717524,0.10045369074019184,0.09930353091189335,0.5528165010333862,0.718601770773392,0.1,14,651,4
0.190770483521115,0.09802636935213828,0.10035500024996348,0.1011728622482644,0.5355773981808598,0.698262216045189,0.1,14,651,5
1.4035761116514225,0.3066967548894415,0.3023280623832911,0.2987016540899561,1.6434833726025453,2.7445163345320207,0.30000000000000004,14,652,1
1.450873780564827,0.30271973401100133,0.30017648281113285,0.3094920349048629,1.64094179632436,2.636096674820576,0.30000000000000004,14,652,2
1.4310105489415903,0.2995684243565511,0.29932603751572817,0.2982177426561297,1.6191215043888638,2.548684269113257,0.30000000000000004,14,652,3
1.486950000641308,0.30368010371113874,0.3038554710110107,0.30449717025620116,1.6413231153757328,2.686031147643438,0.30000000000000004,14,652,4
1.7269462554544164,0.29822650145871377,0.29239812267376725,0.2914205561016919,1.6082173146524226,2.596938051347017,0.30000000000000004,14,652,5
2.6584808225705476,0.5044514472090467,0.49965013195608304,0.5008730158882466,2.7383730275261007,117.39139601771308,0.5,14,653,1
2.59286479535638,0.5060901608659311,0.4966644082047621,0.5012102644199051,2.730133567960054,184.90590465222988,0.5,14,653,2
2.782286524152206,0.40049919643423254,0.4628253891501424,0.5024472808314842,2.139033572827125,6.2510961052637315,0.5,14,653,3
2.46390802604209,0.4981788424785963,0.4953097238452764,0.5025787149993739,2.697195739137171,39.699953767203105,0.5,14,653,4
2.819173695492695,0.4987525396856526,0.4930967202443479,0.5029144795328392,2.682576529276411,655.3941342119846,0.5,14,653,5
3.1500358191454354,0.6918956213293419,0.7014410384040859,0.6905659981029368,3.793694506532799,283.972748184237,0.7000000000000001,14,654,1
3.180747314653386,0.6969372436007574,0.6991798423924055,0.7040387168785469,3.777956422227787,216.85368894153896,0.7000000000000001,14,654,2
3.521785670168971,0.7014140949036501,0.7134728335878185,0.6906423702345286,3.8156737653972113,95.58532320415762,0.7000000000000001,14,654,3
3.0890822054644933,0.7148976381994103,0.7006852943762705,0.706963186547788,3.904370639097068,395.57377113764016,0.7000000000000001,14,654,4
2.9060881239806013,0.6990556605511261,0.6962256464682344,0.7239121133182701,3.7382505654175944,905.2640929082175,0.7000000000000001,14,654,5
3.535238652358078,0.9023195494379476,0.9069317407028272,0.9104002578357672,4.962680363801481,4146.620605107074,0.9,14,655,1
2.829915273857327,0.8869572604843465,0.8955700459605441,0.906096760556834,4.8225052377902315,458.7920113863746,0.9,14,655,2
3.647221544115352,0.907229630674464,0.9145418232438124,0.9083892534357222,4.979116659333627,668.273594856734,0.9,14,655,3
3.298996973828523,0.913587593244813,0.8979298438467656,0.8684596610558847,4.953884011625571,1166.5589286106565,0.9,14,655,4
3.4083715751583608,0.8988236923487558,0.9146197217797198,0.9068717831748264,4.9618110299925595,477.4121239398046,0.9,14,655,5
3.344672911243091,1.1074095174833536,1.1099423448253112,1.0712644275420502,6.128952894831708,858.1269434029432,1.1,14,656,1
3.579996067885724,1.092132670768014,1.0869455521796905,1.0769200921909856,6.003051008540896,338.6886771625061,1.1,14,656,2
3.3805360789201058,1.1418757158674857,1.1205751790446492,1.0902727591221573,6.308217061845306,1000.1570300292911,1.1,14,656,3
3.305317931400711,1.1033420814983912,1.1015027466856968,1.103919020772092,6.156931939195009,834.8347555939642,1.1,14,656,4
3.481220301263279,1.1018241216574651,1.1075753487290052,1.051249135092628,6.042288873503992,9037.485647631149,1.1,14,656,5
3.795478271550489,1.311498694515026,1.2861292919083536,1.286122045303076,7.334849702719349,1439.389450019488,1.3000000000000005,14,657,1
3.7474452527150888,1.3735666730011806,1.2616689945481308,1.2833562456024656,7.538012859509969,255.5161648903988,1.3000000000000005,14,657,2
3.912127544106413,1.2815879331763242,1.309005907930904,1.2509814308070253,7.05623644037801,712.0842024613347,1.3000000000000005,14,657,3
4.0630683165945225,1.3174894654606917,1.2948521109773503,1.326478938634223,7.361159468129563,1278.383892491819,1.3000000000000005,14,657,4
3.2476233164123776,1.3242376917461829,1.2672520162586556,1.2900794472324646,7.378237813325739,713.2263744484409,1.3000000000000005,14,657,5
3.7996076720613474,1.493873453454546,1.487459080290677,1.4666823307666317,8.422075083151427,1657.5451915267313,1.5000000000000002,14,658,1
3.5568847633654728,1.453934666769762,1.4974226567136566,1.420036500279561,8.030931547301908,730.8289490735393,1.5000000000000002,14,658,2
3.4398564707687793,1.4850702648061087,1.481302673338089,1.484148464525875,8.524392365972965,641.6987456029765,1.5000000000000002,14,658,3
4.214131183468899,1.488281061489483,1.4887614301833136,1.4819020880352756,8.45296076918339,260.67952360132045,1.5000000000000002,14,658,4
3.697374785497144,1.491504487589021,1.5162249777677408,1.4472391419590562,8.494129083813515,296.07724016185495,1.5000000000000002,14,658,5
3.2042556634027144,1.6618146860741896,1.751293853374647,1.679707372455966,9.58576433855159,1397.1451555934425,1.7000000000000002,14,659,1
3.8725693109250505,1.7024996451875636,1.7027188301018374,1.6815193344063348,9.860300932199353,587.5350273491482,1.7000000000000002,14,659,2
3.6795529768876074,1.6873060576037988,1.7399457751890337,1.6499335455166426,9.631011037494856,476.9574808240915,1.7000000000000002,14,659,3
3.7623316696385425,1.6887772919114517,1.7165314262918001,1.6254754891861898,9.86211825067343,7047.566290868424,1.7000000000000002,14,659,4
4.277839022166777,1.7255896479738746,1.6891187878080671,1.6002319545127317,9.992579731090418,1737.722099413872,1.7000000000000002,14,659,5
4.310880092596342,1.9332221981277415,1.9109736215979696,1.8268025021113716,11.396933032693038,489.5241141947316,1.9,14,660,1
3.669933445394723,1.8974258023672363,1.990672158967018,1.784401925802229,11.1865399892699,31415.286532489743,1.9,14,660,2
3.8970985228013584,1.867404141048146,1.957295330683867,1.8045017642680043,11.206271710047035,635.9103685862057,1.9,14,660,3
4.155138937558122,1.8341395441000037,1.9237304910275477,1.7640244479250546,10.82369482087509,345.0742329220625,1.9,14,660,4
3.976538588485507,1.8829380822699544,1.912347306299505,1.8206247216460243,11.08073137050636,468.3037550904476,1.9,14,660,5
3.8847558780045888,2.116810579788669,2.101084140978018,1.984350977274762,12.77129861907282,21297.136184835817,2.1,14,661,1
3.980280729559518,2.1077303607497417,2.1612237522679054,2.0933059612575224,12.964980379155868,709.213050354416,2.1,14,661,2
4.184877711380961,1.9876146174594769,2.1621839946315253,1.9902749826526247,11.997869763624756,465.44014289361235,2.1,14,661,3
4.063189865069738,2.089448749697124,2.103040478853504,1.9823561871284887,12.589676126095172,241.16006048179216,2.1,14,661,4
3.7241437751869335,2.116744786223401,2.063700872577639,2.0207903035528365,12.972711257890644,1545.0761926964194,2.1,14,661,5
3.816474479228142,2.3379629408117992,3.018938066773188,2.0879995572150216,14.561606384987726,286.5942961993999,2.3000000000000003,14,662,1
4.252966425951309,2.300577278163197,2.347444152660054,2.2087814169711786,14.471752024060766,883.1973921514482,2.3000000000000003,14,662,2
3.8319362089923654,2.3062991289575474,2.322277777521975,2.1771511850747864,14.314949389079135,602.8919832262914,2.3000000000000003,14,662,3
4.059801360948475,2.2812124301538614,2.333171007145639,2.267019745737652,14.39549399892191,788.2738495851137,2.3000000000000003,14,662,4
3.2804772213162647,2.2441434355194994,2.336090882963074,2.19171913676704,14.33545497766966,762.9496412540275,2.3000000000000003,14,662,5
3.830131188982312,2.5409363423838034,2.5355533873763054,2.290922436355888,16.263521093093303,885.675329388918,2.5000000000000004,14,663,1
4.512866647169227,2.5248033002075037,2.5187991481997916,2.3858236939823927,16.099495934336847,1047.4179627916217,2.5000000000000004,14,663,2
3.617526435964358,2.451367060775038,2.5253131003875393,2.3603053204314848,15.718116407307669,515.0010373324542,2.5000000000000004,14,663,3
3.70784806050308,2.5270023320594364,2.5142789999079604,2.4257665956121803,16.370654116352043,373.26295588003626,2.5000000000000004,14,663,4
4.2480051668755845,2.4766871371223567,2.4989340741808026,2.366329852711941,15.548043331594746,471.3961585146235,2.5000000000000004,14,663,5
3.6984993547271943,2.6622936184718675,2.751520662968556,2.5472382644448155,17.71329493073494,1086.8753761266858,2.7,14,664,1
4.054318010600151,2.656621845285658,2.6926371375290516,2.5267573494125566,17.469461676203476,1903.1604073749163,2.7,14,664,2
4.35153714739808,2.6455158728758845,2.639663824316541,2.6124470810519043,17.02403443785498,1151.682677319278,2.7,14,664,3
4.029870552794526,2.7446588992808976,2.6553376065282372,2.533726894916432,17.725703286903457,861.6936344890343,2.7,14,664,4
4.377056163116764,2.6014816242943093,2.6067670419455053,2.6566919584652715,17.316096092183546,1625.991089927165,2.7,14,664,5
4.69405047273526,2.8820188894421235,2.8801515180164348,2.787859755049376,19.6539896943366,387.5271072304632,2.9000000000000004,14,665,1
3.9362757230706302,2.919063148301428,2.968871907611539,2.748920180666096,20.35860124229995,475.9386569966533,2.9000000000000004,14,665,2
4.321536906641638,2.924875236310659,2.9742012136399394,2.816195222191226,19.682429487036725,528.9689517116304,2.9000000000000004,14,665,3
3.9570603777059343,2.9005686806757387,2.9294335887524663,2.770269511010366,19.818141646291537,643.2036275797273,2.9000000000000004,14,665,4
4.003678854221572,2.8961061666783303,2.859078038026972,2.69851810970914,19.29833715568627,478.9562023908415,2.9000000000000004,14,665,5
3.499375144752034,3.0475124999374015,3.082358204867569,2.953876366775273,21.215119005683626,297.34723846376653,3.1,14,666,1
3.430355089141732,3.0702183207529967,3.14612183466056,2.9290773543663984,21.33165213755173,377.1332460045117,3.1,14,666,2
4.309447476109574,2.958294295597426,2.9482734940827684,3.1176302535717695,20.505887753746975,3914.623605952591,3.1,14,666,3
3.874809596511375,2.2068038554853215,2.919512214311189,3.0002843178109893,14.398183087445895,1214.8603158470837,3.1,14,666,4
3.283819291354897,3.0708473440236044,3.1104653231972117,2.957073714421261,21.72434558889737,988.3041101055098,3.1,14,666,5
4.135259600197324,3.3180737040925914,3.204570933236437,3.128593891983716,23.770661710177833,337.5952174415516,3.3000000000000003,14,667,1
3.983699087593492,3.254839536688642,3.2762498300418805,3.0514852738025917,22.956187712059688,2683.93833995555,3.3000000000000003,14,667,2
4.1328794764824,3.236488535615401,3.221761698668888,3.152073278138944,23.589192454567776,1172.9759457066675,3.3000000000000003,14,667,3
4.2308993814947105,3.249498460425795,3.323999650156144,3.0961818700815855,23.362075105400734,772.2818869298487,3.3000000000000003,14,667,4
4.6244573354043474,3.3339162004810983,3.1300443803778233,3.3709991589327224,23.80509726942891,699.7368894829145,3.3000000000000003,14,667,5
4.124749647669461,3.7405292570430753,4.345319496156278,2.9872182275661627,25.395767676171253,1336.4428019164072,3.5000000000000004,14,668,1
3.927962089452243,3.5671157411965733,3.385205322379911,3.3533624731256864,26.292396076485485,470.5115167757984,3.5000000000000004,14,668,2
3.667960612071401,3.564992797854187,3.624909538255216,3.2942238966341906,26.23716975569257,200.14191107542416,3.5000000000000004,14,668,3
4.279770687414589,3.5641503266428143,3.3779417229136426,3.284999368794984,25.329321629704932,257.83984597357784,3.5000000000000004,14,668,4
3.9246212565797705,3.694840107575117,3.32537544722537,3.21219246907667,26.770638420789194,360.3360386364274,3.5000000000000004,14,668,5
3.892822443799688,3.9008333706453446,3.576863250161503,3.431412742635593,27.440137563965312,811.9502852493811,3.7,14,669,1
4.225003982272895,3.8386796030859194,3.783056960439829,3.5196331566756207,27.18640099566347,1432.5795068586883,3.7,14,669,2
4.182165758908234,3.64886738842108,3.47770357666808,3.4163817972710753,26.76574890152582,2336.3076515494727,3.7,14,669,3
3.7336759970866793,3.700227331244708,3.6225845155921865,3.4993432348023883,28.027425032211177,1284.9206235972122,3.7,14,669,4
4.443334962228011,3.658782161026076,3.610914968946859,3.5659264656671175,28.829343030678253,481.14368526252383,3.7,14,669,5
3.756058413355441,3.876970001883166,3.946444178256642,3.790076720657782,30.821024081143076,759.257546297339,3.9,14,670,1
3.77731516407694,3.818547961167799,3.81923221303985,3.754620062337669,30.44599213749344,630593.0648080148,3.9,14,670,2
3.7456282169434223,3.9734618811702584,3.806800575234622,3.805785967542469,31.457675981933395,265.4177493091613,3.9,14,670,3
4.157501203232266,4.455978688761448,3.790032049452884,3.738354647549008,30.10365826022915,1889.1311901640024,3.9,14,670,4
4.116317578409371,3.8292276445936793,3.8222322064255514,3.7824831489966098,30.070160703195352,1455.2519554257474,3.9,14,670,5
3.6142760694533673,4.09712375358616,4.041736670915191,3.919901352307946,32.9492826678111,793.2966439594849,4.1,14,671,1
3.4906537187836943,4.108499225426871,4.133035197102054,4.0491010981748605,33.3800852685553,434.24986278532623,4.1,14,671,2
4.116077164065348,4.122275674952654,3.9891555416614737,4.041856355326935,33.58238004586764,1736.1485441988773,4.1,14,671,3
3.4808580652876087,4.308406544441093,4.0129004612038015,3.8628735868398327,33.50347256753762,5852.570787726246,4.1,14,671,4
3.395825846289432,4.396913467484432,5.216783614470527,4.3105068554363974,36.46094625721712,25227.149754178616,4.1,14,671,5
3.893693298160484,4.379854511793103,4.300148424804693,4.173788244338686,36.85871236829582,999.9997228986748,4.3,14,672,1
4.019148036758425,4.338622664586597,4.215005337005424,4.162872641678052,35.68721232975156,797.8643414998224,4.3,14,672,2
3.74090237476477,4.3292822431989615,4.210938808177265,4.191396902543293,36.138094002986975,581.0912711788162,4.3,14,672,3
4.0107844517598386,4.32187616589084,4.228761380576113,4.1985253222626335,36.19582268509253,4531.0417832523435,4.3,14,672,4
3.675279186445638,5.569543580116307,3.9184057295297214,4.122813551009909,49.19374905700115,715.661866368661,4.3,14,672,5
3.695504068271663,4.511547036306492,4.444889813680112,4.513548445183477,38.76398797661591,370.61723037254984,4.5,14,673,1
3.480453007192666,4.5735519941579,4.387782000616822,4.404608597420989,39.18328917911534,2356.5516550895545,4.5,14,673,2
4.076202479941244,4.38228794315757,4.311101292766415,4.4243710466240325,37.60718730361206,792.2981465885674,4.5,14,673,3
4.564165358813055,4.5374327128099115,4.445250242214462,4.461007469192281,39.396075561200846,244.95470702234587,4.5,14,673,4
4.059485304456916,4.437772986061104,4.394011215760895,4.377429708173822,37.70753702072102,1748.729711722802,4.5,14,673,5
4.072449655492878,4.670141498462829,4.554816047212686,4.674465544612268,42.20327804848624,172.70759303971775,4.7,14,674,1
4.256109971796963,4.691932138881555,4.545546670096502,4.5945685041371975,41.89645868985048,742.7320990967681,4.7,14,674,2
3.8152139051822984,4.596464111256509,4.700501664903142,4.723685070273009,40.59675256241369,452.866170543834,4.7,14,674,3
4.163949199284402,4.705094173924919,4.647652568214359,4.701164179058213,42.21130726588376,439.83513212944416,4.7,14,674,4
3.63264624032728,4.7608867260622425,4.643235830151675,4.773386245494354,41.92106261509838,30980.377455527752,4.7,14,674,5
4.072872369721779,4.963938249385588,4.754846549180801,4.965832803036354,45.84267612005624,2339.713680671508,4.9,14,675,1
3.965606597364357,4.8608427529610205,4.7000178367183025,4.898681523703985,44.66186930600177,333.710895140287,4.9,14,675,2
4.219433684101485,4.830875192741467,4.832994505701148,4.996791105422319,43.8035498999172,372.739052381411,4.9,14,675,3
3.848251660587108,4.84981647012279,4.675528558089847,4.95291835822763,44.6420956971606,802.6151696099205,4.9,14,675,4
3.7554194543183823,4.948587336431414,4.777283457975171,4.858608833834019,44.86256861512812,772.4453174811288,4.9,14,675,5
3.9159827996939978,5.17309602727379,4.97492049178147,5.122166282039477,48.08334704411037,385.3222678496093,5.1,14,676,1
3.999003697685193,5.140269090288219,4.963170703635217,5.125326965329894,48.57809181484093,555.6728264098367,5.1,14,676,2
3.6253483428272566,5.0507689690636,5.053415653800643,5.137612583814878,46.76907351465642,538.787721352427,5.1,14,676,3
4.409257090432271,5.081464220416679,5.075428105165193,5.331541262318605,47.89283805786988,21768.457867816516,5.1,14,676,4
4.1184781800983465,5.057075523279939,5.0459638970048895,5.173224801129061,46.44689405184672,20408.819306992165,5.1,14,676,5
4.055229971987527,5.7910185938784435,5.0277347961886925,5.1527802908724665,51.91684456842067,284.53766924155605,5.3,14,677,1
4.085222402484878,5.288636928739342,5.096575952304628,5.3107255159542,49.63022617391247,519.8474489501,5.3,14,677,2
4.205767433535268,5.400038123223965,5.140682430932268,5.356578572040453,52.12219936895063,749.9298587396277,5.3,14,677,3
3.7593408996390183,5.198016365903811,5.120633078148166,5.50292979696163,50.94703924988119,872.9757542451233,5.3,14,677,4
4.209668077399158,5.416577503270368,5.15582205098033,5.473548456442196,52.504942105979545,295.34916059799787,5.3,14,677,5
4.123207188140649,5.4930330055262,5.354625914996423,5.510417829773187,53.39586026537807,438.41457151363664,5.5,14,678,1
4.1442542108832985,5.384738104896538,5.18899459352164,6.2163400318554505,54.47290068922198,698.1979227063565,5.5,14,678,2
4.392870143610667,5.589339335301952,5.511469308154837,5.496012344094917,54.927861212484906,250.07859511251388,5.5,14,678,3
3.5950961593388,5.359019224516064,4.891920674584727,7.7886766850326365,72.44996892525316,5044.100097436086,5.5,14,678,4
3.6291306072595138,5.439742625711697,5.366660207655333,5.724555994454181,53.97800656558474,185.2401598291541,5.5,14,678,5
4.1946371061716725,5.540585727893178,5.229154177643275,5.89999318518154,56.55282446505108,2358.349010670506,5.7,14,679,1
4.272278733588595,5.77186727023414,5.654221735075245,5.753370034031881,58.92500550722682,690.054366805146,5.7,14,679,2
4.067587972036791,5.655847443418396,5.517572096529174,5.816531997580613,56.901005479548225,1047.8287813351558,5.7,14,679,3
4.39950464222216,5.709981960611352,5.545573935726752,6.012218794677126,58.36430228644512,1480.4808679527882,5.7,14,679,4
4.212347677171481,5.7327596616087435,5.511197886097944,5.716664558164835,58.62482177554914,2273.642883262287,5.7,14,679,5
4.158923642600415,5.8627240921565,5.922146462989349,6.0323832664387504,60.36802954133653,1761.413502101347,5.9,14,680,1
4.375973942204678,5.794642511471853,5.736046414657749,6.062476686617331,58.727124720808106,281.8015791152407,5.9,14,680,2
3.7809012590824502,5.906173518645431,5.694030890902834,6.239613667387081,60.81118504291791,541.9417339053815,5.9,14,680,3
4.266828635642032,5.696500404042742,5.874280938396356,6.101688603468098,58.38216084624696,264.3779058165309,5.9,14,680,4
3.697532593344157,5.880198724670406,5.714393958877125,6.157963529414299,61.43868089901723,1314.8304332625755,5.9,14,680,5
4.062490100828487,5.918580762943458,5.8736430346770785,6.212735468374785,62.34525242060014,1897.8640097801847,6.1,14,681,1
4.256828950496078,6.003442717535337,5.968673406402789,6.3172141173970635,63.38142905029855,596.9492100178779,6.1,14,681,2
3.2154606585132104,6.099034764880548,5.840430898228725,6.127278217282989,63.66838872201498,780.830248789896,6.1,14,681,3
3.6589090412395744,6.064811684594698,5.87623178047917,6.3338562949948125,65.09015034761913,2963.437696922457,6.1,14,681,4
3.492513946270008,6.04833179831081,5.972380038517404,6.4346349424708595,63.6446172847643,438.7512952782818,6.1,14,681,5
3.6330782215347033,6.2847727205055035,6.114646356441768,6.623703364151739,68.64005808412915,994.9923052847302,6.3,14,682,1
4.481266061720972,6.50643665751072,6.096839719919188,6.62679571360738,72.7651198601629,1269.0271426252089,6.3,14,682,2
3.4262783370585734,6.251516884660569,6.1133403318304715,6.481761059453737,65.56750605721294,313.74779620075986,6.3,14,682,3
4.033980490503032,6.257321551212563,6.155358801288962,6.62376479822922,69.01722514771325,13582.37193806638,6.3,14,682,4
3.866606208996115,6.27095885470977,6.057394432717428,6.537795471097369,68.34726106855112,257.285190568687,6.3,14,682,5
4.048335686831433,6.552642200449651,6.27464795360416,6.843056562415279,74.03916994266794,511.6040883759102,6.5,14,683,1
4.022598454326403,6.561024946375395,6.454009890042843,6.961701834272114,74.14072503239628,707.7658170850953,6.5,14,683,2
3.691194073720988,6.523341211401228,6.433442800564933,6.842482252118646,73.1599539318482,223.11773511883663,6.5,14,683,3
3.74350970684666,6.444189955559235,6.340471189436671,6.809219966875327,71.08805629455192,256.5569129131223,6.5,14,683,4
4.348733067016783,6.39085624562334,6.3487693302799295,6.97877246013026,71.76828095453898,436.3883159823147,6.5,14,683,5
3.808523289157949,6.874946787319364,6.468909357603463,7.10499157119554,78.07366406994836,569.0531858696634,6.7,14,684,1
4.7262158367332665,6.722873115967514,6.629334196688886,7.2475835007851375,78.51579964084416,905.1737071348948,6.7,14,684,2
3.7703499583178086,6.703512384296694,6.4334292749118065,7.149175815412342,77.47016450352604,331.7829458813669,6.7,14,684,3
4.465771896625424,5.575414458744135,6.025006374997436,7.743512938232574,71.37185452308964,1221.020029544429,6.7,14,684,4
5.119783344230236,6.837587768362315,5.88785247354738,6.960308726756694,68.86603869639161,268.6787680992522,6.7,14,684,5
4.463370799462542,6.924855763839406,6.773119297062992,7.3631821372842,80.65564550376915,409.8408360696386,6.9,14,685,1
3.42175854164317,6.960562218889011,6.622490630770312,7.246596779552553,80.05047455799858,24912.163858690325,6.9,14,685,2
3.936341949600356,6.940973697865436,6.7033988383410605,7.33258951403154,78.32135347639237,233.84514977382017,6.9,14,685,3
4.593736903045213,7.109414616159141,6.764698304676552,7.633913710752277,85.14663518600963,211.31213385935183,6.9,14,685,4
3.716750123998473,6.989482158323338,6.844549519576822,7.334138941587084,83.05750657854477,193.8320571815869,6.9,14,685,5
3.7494507139194577,6.944373874576033,6.9457253197987185,7.72033342469236,84.27988328982919,18037.305049668732,7.1,14,686,1
3.848515020634497,6.981648114156903,6.862407443702267,7.5825883770439475,82.60500847986849,818.1270992258934,7.1,14,686,2
4.060729507805208,7.140756426010902,6.990550614562884,7.842086627113337,87.36546795273584,238.1891141267842,7.1,14,686,3
4.209881627083501,6.987903101460144,6.9200111783072265,7.406538759803358,82.13156378077358,13420.618751334425,7.1,14,686,4
3.759522332148684,7.053321312389643,6.7432330983893705,7.611576800277728,82.7769225899457,319.1387323068656,7.1,14,686,5
4.075810531633185,7.180955727954679,7.165392011069876,7.900114553666299,88.13574652141988,280.8140898566418,7.3,14,687,1
4.558499985323741,7.1913564318240155,7.009827182392042,7.893763296402448,88.27364188618563,208.15284971578373,7.3,14,687,2
3.7698418061204633,7.446416713165467,7.144081114381373,8.005848138645694,92.49688435106653,309.93779833125353,7.3,14,687,3
3.687043438396976,4.453654624024593,6.844142566816804,8.133266348766721,48.801063752218326,236.69206923700588,7.3,14,687,4
4.535179074105193,7.1869546697501825,7.330841764967649,8.542679251689561,91.68496077418996,367.5718352973365,7.3,14,687,5
3.641476942520472,7.598020413312944,7.653158941140808,8.238037351520806,97.23159383873002,985.7986810631044,7.5,14,688,1
3.800559049390036,7.752388420839723,7.31492318005281,8.135845846533073,98.08694337355584,374.16444827291866,7.5,14,688,2
4.298058001177772,7.42409032763104,7.369881955171377,8.31768610180543,94.30574575280237,460.14561656499944,7.5,14,688,3
4.38436782733887,7.471241167752874,7.366120246306219,8.254522277522142,94.73369815138574,373.5254990067376,7.5,14,688,4
3.872798538499583,7.694488702975831,7.265518855877429,8.186048578395607,97.98011337581408,896.456001438047,7.5,14,688,5
3.968777439836637,7.691815990448633,7.639175569648254,8.474473545008994,98.06443054854398,377.0611919806891,7.7,14,689,1
4.218748826668937,7.75789813859526,7.536019145319925,8.579055804326417,101.0072328020404,4267.603483745382,7.7,14,689,2
3.918010833401475,7.52371297529296,7.46058418202254,8.298135410920118,94.4324196061085,795.1251536890902,7.7,14,689,3
3.742587282274794,7.7674633954700205,7.459152647752087,8.404309051569296,98.7830486073804,788.5476058765923,7.7,14,689,4
4.092622576316739,7.751990560773933,7.332656331688828,8.350123507450117,95.56069408923756,1438.4136882453586,7.7,14,689,5
4.163530912694581,8.120533832242776,7.774132148191807,9.058028042070672,109.26150857764178,175.22005629802675,7.9,14,690,1
3.5743661398147175,7.7963747293566685,7.613693500917197,8.867184841641448,102.17897720382672,1030.1222136325557,7.9,14,690,2
3.8744014194344087,7.79547145190739,7.899615199062394,8.342356245426851,101.97559791968948,1275.6419195126707,7.9,14,690,3
3.729670163823736,7.645306354345492,7.715150700365555,8.466579000938314,99.16533057722346,2089.388067666505,7.9,14,690,4
3.816278648144575,8.188564351353978,7.85483066755058,8.637057902279453,104.65161717690464,301.7703870650824,7.9,14,690,5
4.3516045708949935,8.300528364212251,7.719068289221819,8.764809196410551,109.21709615777044,2220.0595024723507,8.1,14,691,1
4.127999103609959,8.101486511138196,7.83822005038642,8.968970354475882,110.04405318110578,1241.143385190392,8.1,14,691,2
4.00453313361631,8.00651265042506,7.926011805549819,8.940159302688981,104.80879588011922,450.0305820819815,8.1,14,691,3
4.283151136751362,8.123709945187775,7.722731234596026,8.909424335109762,107.02504792459769,233.98420661841288,8.1,14,691,4
3.824002897745389,7.908058174913736,7.927635529723428,9.039128099228714,102.4499816418044,397.65683168343,8.1,14,691,5
3.9896233703262034,8.237828267068098,8.054174102522898,9.113587040946731,110.49445312624891,424.1840402009652,8.3,14,692,1
4.255269976749959,7.930000869788818,8.037792814358827,9.098926709267944,109.12599936916648,1012.314907952774,8.3,14,692,2
4.066164807225333,8.11373057536268,8.0140368724365,9.360183713308196,111.14136722951122,1303.9301378576954,8.3,14,692,3
3.615425494294864,8.26968368187544,8.172522831161027,9.571502570707656,113.42083816041703,549.184315745269,8.3,14,692,4
4.406997294276892,8.248536023093203,8.142409979701327,9.422686770218736,112.12252667380324,248.3586462358732,8.3,14,692,5
3.465399458413214,8.418067254563734,8.200856099324522,9.601402550711644,117.62862708864488,5154.923535883546,8.5,14,693,1
3.824619859896884,8.597741106020294,8.132243562288844,9.703822524104048,121.21750242415484,511.0871286998119,8.5,14,693,2
4.2019023164495914,8.527372830541092,8.500155483437103,9.70005579159624,119.8101027308837,537.414157965668,8.5,14,693,3
3.877690271772186,8.568367495220448,8.154883929751044,9.429054440584682,118.97496909894416,465.33542658792,8.5,14,693,4
4.052338005587661,8.653852770444717,8.313565378775328,9.325182921499891,118.99326233404084,822.3632468404297,8.5,14,693,5
4.141709495282559,8.708885346911448,8.467428682336399,9.80164817615028,124.36429962130916,247.5044644465537,8.7,14,694,1
3.874435061976061,8.770172263295333,8.543762069563657,9.797800136918834,125.12014412039213,720.890071999281,8.7,14,694,2
3.297842996360703,8.604922785611265,8.542323715376492,9.57080100776304,120.49091647500688,483.1629554321924,8.7,14,694,3
3.7121459240372623,8.693128572456587,8.748192271704063,9.759875412842112,123.36951599312886,623.6872300547886,8.7,14,694,4
3.945428220977324,8.855420915397398,8.464608850188473,9.93539029753518,127.86185244148548,59383.48577299787,8.7,14,694,5
4.336095290997656,8.720947513409778,8.668969741493488,9.966640474914977,126.4997698693673,591.7908641168574,8.9,14,695,1
4.03318093581393,8.634580452080874,8.571664561755542,10.00722766903856,123.66328315054167,5361.654602981442,8.9,14,695,2
4.110375445612763,9.077681980680609,8.701238788790798,10.06005760846688,129.56160712700395,856.5036906407952,8.9,14,695,3
4.8297957514521155,9.27610020413848,8.809178744799885,10.043277652121908,132.15520482026758,464.3671542357365,8.9,14,695,4
3.2821193526240844,9.06566994588986,8.553211269557575,9.9999277558786,129.47106162475544,962.3135583145412,8.9,14,695,5
4.037092441934899,8.707999628863135,8.579895058681442,10.431648518930308,127.16442076982202,268.80854226912,9.1,14,696,1
4.362115997452763,9.026197781287149,8.81127156674414,10.101943602815435,131.13785904934056,454.743589513904,9.1,14,696,2
3.6694529199537977,9.144203882731787,8.830245932297467,10.469475818427648,135.98266522233388,1984.7673406365057,9.1,14,696,3
3.4999118752254263,9.134052255365589,8.851465609335323,10.332254713327618,135.35897757375122,386.8202598687622,9.1,14,696,4
3.5685766804406844,9.018136688691015,8.798149011216895,10.430616518803845,131.47299163809743,729.8552138170112,9.1,14,696,5
4.133614561599706,9.508176290063242,9.242188184584274,10.344893893523327,142.1297110383053,487.0116058377457,9.3,14,697,1
3.549704614735695,9.4097069631421,9.219105115298833,10.522062617695044,139.69810954964433,6733.753264634458,9.3,14,697,2
3.9807934910513785,9.424731979585784,9.025595194126987,10.582788653128658,142.9730850525034,965.5059680942712,9.3,14,697,3
4.0116069144613,9.477007754373128,9.24705562828132,10.69732356210129,142.81960850261206,8484.781070024115,9.3,14,697,4
3.974511240821298,9.220877348724366,8.995391136369093,10.622707777844322,137.75520297116012,2352.0119875758214,9.3,14,697,5
3.5488856058909706,9.31605532050562,9.44863304932963,10.80211086382594,139.01573829410714,392.2432329163678,9.5,14,698,1
4.181282554372826,9.409380154196388,9.541932162069896,10.831935686590151,144.05643948519688,210.6119010527355,9.5,14,698,2
4.305242396227457,9.427697258758284,9.338009835513766,10.718035062808044,142.4140861662477,11013.67164718026,9.5,14,698,3
4.0088624914911195,9.555136605851878,9.185384071182185,10.883221266763517,145.759900236659,1299.7927008535394,9.5,14,698,4
3.776301290487794,9.515358349150905,9.172056041354038,10.831159623801453,143.79138258189062,336.36410182488225,9.5,14,698,5
3.876852439239734,9.807478833414754,9.693379086973051,11.320699867961384,155.0609561990929,297.26793604834967,9.7,14,699,1
4.030563705210126,9.862300063720724,9.313028251520848,11.149607135166624,153.7524978781235,2507.0493482878983,9.7,14,699,2
3.984986762843866,9.809895233727824,9.651588971793467,11.286326920859722,155.4053571475405,251.74302156138697,9.7,14,699,3
4.2466491461212454,9.184345098449576,9.04977932293937,10.535138017562687,139.94899301092934,908.9377558265852,9.7,14,699,4
3.9509299681761134,9.476540761527117,9.454727381290104,11.041740989915398,143.96162404973558,464.4474368194462,9.7,14,699,5
4.1627010655573375,10.141249718477605,9.737511662280609,11.241670080471556,160.4073142296257,1405.7543986534818,9.9,14,700,1
3.4261618279290684,9.950282318988792,9.587676689983782,11.354945850978869,157.45079198696683,852.4961986286846,9.9,14,700,2
4.325350625140203,9.824771075719772,9.682449993276784,11.478337642350445,153.32799109324404,571.8633370477565,9.9,14,700,3
3.9214685232904447,9.662045834422996,9.656775371652987,11.258122314971905,151.86946007477655,600.372583820287,9.9,14,700,4
3.831385077986314,9.81215302595019,9.639450740458717,11.51540623741872,155.00863473957705,6146.386672485919,9.9,14,700,5
0.1953115382868248,0.10256099625881242,0.09999826635573116,0.0973216406497016,0.5476750972552324,0.7138178489691139,0.1,15,701,1
0.1872746470890373,0.09888397559620572,0.1047071817692115,0.09959707144747831,0.5349531056106768,0.7133782655026354,0.1,15,701,2
0.1891017209873851,0.09814469285951456,0.0992655353320128,0.09842444365634764,0.5298457667190436,0.6997802502100343,0.1,15,701,3
0.2033673730661877,0.10020582732513962,0.09897227914250128,0.09881717195112236,0.5332670439838813,0.689472134465216,0.1,15,701,4
0.2055675970158758,0.09880384364331396,0.09651798610381808,0.10085137393621174,0.5375681099537342,0.6917115760785925,0.1,15,701,5
1.643671230968596,0.2997815293967833,0.2998999799421773,0.2931914060825293,1.5987669101529798,2.534923717926699,0.30000000000000004,15,702,1
1.4874400271382735,0.30340008533882296,0.30019308323318883,0.3000801995309436,1.6178865955352646,2.5995969059618114,0.30000000000000004,15,702,2
1.6127321806121513,0.29307846972566964,0.30309023904911286,0.3016460820515526,1.5841129939517684,2.7225280663464195,0.30000000000000004,15,702,3
1.1977894237811906,0.2987970223314872,0.2995611553876335,0.29643949175692885,1.6253914067097346,2.6309042771454405,0.30000000000000004,15,702,4
1.4374223485018978,0.30262859891007665,0.3022365423868931,0.2946153517791304,1.6281795558173613,2.6191575699309833,0.30000000000000004,15,702,5
2.4280364119899316,0.5126785698250687,0.491836810277501,0.4929564122421838,2.7644615848998995,254.93081855174623,0.5,15,703,1
2.869039023186099,0.4930640745786345,0.49466750636302337,0.4945852399570153,2.662386311256596,63.143409195371184,0.5,15,703,2
2.5163286083612637,0.49138622729320425,0.5048799259805941,0.49918280874521465,2.648417052444287,97.94061087446556,0.5,15,703,3
2.244686693946201,0.4991143334628048,0.49533873188056776,0.5056117991238281,2.6836161558415625,15.814635812261225,0.5,15,703,4
2.8479835907871025,0.49551889281766703,0.5015277230227005,0.5102848923347918,2.705834852530302,132.02752284802702,0.5,15,703,5
3.6011309479334765,0.694920249635896,0.682541357768857,0.6860411674552284,3.74863014162292,320.7038661329558,0.7000000000000001,15,704,1
3.176402393723442,0.69888819311138906,0.6818750311789997,0.6925220585185806,3.842648961174984,145.88259708206215,0.7000000000000001,15,704,2
3.049624204834415,0.695760628408327,0.710290467453688,0.6948403625617657,3.783303754474315,220.52343252960932,0.7000000000000001,15,704,3
3.229005820722635,0.7236833642037175,0.6981442080840234,0.6935339132978211,3.897659143249627,217.3129228422394,0.7000000000000001,15,704,4
3.3946404014270946,0.6956041131933887,0.7009566023327092,0.6934731044434539,3.739279559636677,4405.524603177422,0.7000000000000001,15,704,5
3.3569502353825373,0.8993088079813631,0.9163329254993028,0.8917338780980256,4.965680242704331,969.169086047909,0.9,15,705,1
3.673007379436254,0.8952808196007589,0.9083359586240294,0.8921369204259023,4.915518449456841,249.54063425809193,0.9,15,705,2
4.154194335968706,0.8959177999789181,0.9003193581458261,0.8745162465059471,4.825084417625983,782.6274942427626,0.9,15,705,3
3.6501999225462303,0.6875876921187392,0.8120738479073691,0.8878003544523732,3.695198859108878,192.01909704735976,0.9,15,705,4
3.2014230281394083,0.900177346657315,0.8894039014916315,0.8966886997137224,4.927853074637348,892.2661171551922,0.9,15,705,5
3.437191574761305,1.096065214432322,1.0841867607618365,1.0852437183322017,5.978230240276026,1386.5187904721088,1.1,15,706,1
3.438271528705431,1.117956274405081,1.1047357455207696,1.1087347285415252,6.231612646912888,25107.41675940903,1.1,15,706,2
3.3714960120582456,1.0918871918085673,1.0951203100731568,1.1158512374730516,6.16289152579569,730.8794896903108,1.1,15,706,3
3.855184820789164,1.1009596972811595,1.1100675273145426,1.068915006929394,6.0737259867546864,34589.23580548868,1.1,15,706,4
3.226625590398799,1.0926084850923674,1.0838075939489642,1.1008213725751608,6.08195876468312,668.8716626836198,1.1,15,706,5
3.6662752710826294,1.2995772459880337,1.2893830439948628,1.2669398244898202,7.179098559511081,4766.099738417312,1.3000000000000005,15,707,1
3.393367626179477,1.269515730357878,1.2899919400191473,1.3128209634063868,7.18174012749266,531.3080997899991,1.3000000000000005,15,707,2
3.904064204656464,1.2631099203585263,1.312791417686182,1.271414328077811,7.014705425345867,2351.123448618167,1.3000000000000005,15,707,3
3.9313059963520463,1.4490876247534243,1.2110617232689618,1.29577130868428,8.664583831698339,523.8458304441388,1.3000000000000005,15,707,4
4.061206934283046,1.3088621358099175,1.2989643727007707,1.2929002655981652,7.413934643728322,1202.0911175572985,1.3000000000000005,15,707,5
3.250291269973445,1.5417626336654469,1.525655763058026,1.4456945513195738,8.797186334260102,601.8322376082224,1.5000000000000002,15,708,1
3.0319862759262723,1.5003162666344358,1.4929592321128906,1.4320663635878534,8.48555103209983,2853.110226123362,1.5000000000000002,15,708,2
3.490950084616903,1.4767569141410837,1.4454649819454182,1.433830921179837,8.351986095393451,208.78917899586935,1.5000000000000002,15,708,3
3.8361216184774207,1.4913313046571128,1.4880288313144885,1.46999564197011,8.518427103099391,839.6003615735759,1.5000000000000002,15,708,4
3.4113475658015107,1.5048956748416826,1.499706554647256,1.4434494059994292,8.50784364836039,621.3262345068139,1.5000000000000002,15,708,5
3.9878001961439624,1.6826797132893725,1.7191134685611766,1.6603588055063023,9.769377740603058,2320.800991674648,1.7000000000000002,15,709,1
3.343579429239125,1.7126099865559643,1.6729539035241423,1.6215878545080666,9.94999118668016,904.2567016330488,1.7000000000000002,15,709,2
3.3898989616447355,1.7084922712404735,1.647166309435435,1.6485792867242406,10.047468380598216,19888.992873322975,1.7000000000000002,15,709,3
3.917642511243864,1.6685035065472995,1.782252051334395,1.5811554768645564,9.625593904695291,846.8385364274695,1.7000000000000002,15,709,4
4.0747820945755935,1.7458586369830431,1.6962625469872072,1.6176852726466129,9.981367750937112,787.7496644708353,1.7000000000000002,15,709,5
4.135067405902294,1.9063799534108303,1.9570256534843935,1.8036744444955084,11.157939369732356,1154.246809793562,1.9,15,710,1
4.16008654812247,1.9197088735572296,1.9242650299541673,1.826423657795853,11.304903693104972,311.29094556669634,1.9,15,710,2
4.219546151704168,1.8984878684426831,1.9114708528355613,1.7974186430264554,11.380614491606934,389.36061385040375,1.9,15,710,3
3.664598097868693,1.8698164388116776,1.8995911924243043,1.7542361629596668,11.027527411058884,9970.857829780283,1.9,15,710,4
3.836659499346171,1.9285566747775955,1.9356084868263264,1.8076790902917323,11.259802500470151,344.1775229853754,1.9,15,710,5
3.723744963820226,2.150732892191328,2.0379175624630492,2.029711310385539,12.837444386896593,647.2999410792145,2.1,15,711,1
3.388329044980457,2.114062115072957,2.087995525439153,1.9746604762874227,12.835978448370009,3423.0948084501324,2.1,15,711,2
3.7887018697416135,2.1177242635534803,2.168444959910408,2.0129689445075036,12.958206924455368,365.2221951029655,2.1,15,711,3
3.538788932544906,2.034859836390603,2.0481725552734464,2.035111491591164,12.44923639443518,390.5353418177729,2.1,15,711,4
3.7062376036686615,2.089781654971944,2.146287655747249,1.969477923272151,12.78555266803124,226.41762302377836,2.1,15,711,5
4.190861039916161,2.096977619019307,2.469541362428498,2.054532120374459,12.687778435047608,354.6687529210112,2.3000000000000003,15,712,1
3.933466844677203,2.2755108122585197,2.290929931378495,2.182099772935517,14.214994102765964,57478.049088655906,2.3000000000000003,15,712,2
4.227798520118981,2.2200621893341386,2.225573152467028,2.223224552122161,14.014018834859206,1634.450731692314,2.3000000000000003,15,712,3
3.752653424858658,2.2728500542818946,2.364718469560307,2.178370184361986,14.12716076524974,7313.947863840036,2.3000000000000003,15,712,4
3.5960927636729174,2.3127997168186996,2.3450502778157265,2.1835747940605916,14.529194824473665,360.8486423982853,2.3000000000000003,15,712,5
4.60304824762691,2.5339002647484574,2.556535131173342,2.333583453924662,16.281201138249443,6812.734689470077,2.5000000000000004,15,713,1
3.723510716677163,2.532631320082379,2.516099412828088,2.34389604788577,15.932994780927771,1070.639035272911,2.5000000000000004,15,713,2
3.681145656063925,2.496579773365978,2.5834885270471397,2.3628932807154377,15.875998383243862,260.7582109142194,2.5000000000000004,15,713,3
3.784698062478204,2.495746617364719,2.5298763145350738,2.3028039700201504,15.763341327296155,364.4057161521175,2.5000000000000004,15,713,4
4.139770799107658,2.6064175307279016,2.385188959061321,2.1777368016520997,16.17067948140293,819.4784669134104,2.5000000000000004,15,713,5
3.7287485595725594,2.649999469071797,2.715200396886795,2.5652415758024727,17.744127334949752,509.051485789429,2.7,15,714,1
3.7777096846891016,2.724970526703726,2.761436603277223,2.461935362623847,17.64476709558742,2381.0422522011545,2.7,15,714,2
3.122764594872294,2.737584787797918,2.6977527755862845,2.4381265145869655,17.76449585395744,210.25657584593156,2.7,15,714,3
3.4474536693501077,2.6825635020085423,2.731532727085892,2.5426432969290533,17.69096892140336,341.32536220037645,2.7,15,714,4
3.128066219879962,2.7332014230887847,2.6873913554838627,2.5596058912673634,17.816156368942664,891.9395904274796,2.7,15,714,5
3.4501572135521874,2.854919373876924,2.87087402421192,2.7576435420548493,19.632755814815184,241.4392560710286,2.9000000000000004,15,715,1
4.104297206961773,2.854007588086572,2.9064053977601683,2.7154864504467606,18.953249749464486,1492.1697095568632,2.9000000000000004,15,715,2
4.569306222555476,3.006733264059333,2.844702094013332,2.9428088590373136,21.939651747299997,351.11468851645316,2.9000000000000004,15,715,3
3.582548882747001,2.962512195225395,2.985337827417014,2.6766404331212414,19.9915985857126,1668.286586722855,2.9000000000000004,15,715,4
4.22856979282535,2.849135688641304,2.8491622416847986,2.728993155094853,19.104294442422773,402.8790668444691,2.9000000000000004,15,715,5
3.538297427948571,3.0863794598604875,3.095839988382015,2.898592884838753,21.669245335693596,1561.567912159324,3.1,15,716,1
4.172118940570011,3.083422760625631,3.122196550499885,2.9059419226153262,21.298466707498314,628.4480778226647,3.1,15,716,2
4.12313328239179,3.098922996249615,2.987712530944085,3.0818473517147895,21.57478055095805,633.5460705896745,3.1,15,716,3
3.7842328491930832,2.8166907654807702,2.770167293856844,2.752611914407338,19.529012718672348,529.7772075716848,3.1,15,716,4
4.371531314224123,3.0173045807992924,3.085496372327719,2.922418484762088,21.00719629868146,5304.258525542751,3.1,15,716,5
3.94976394899604,3.278460449388628,3.249324009359754,3.1479200683975503,23.795422461547624,208.8780036291734,3.3000000000000003,15,717,1
4.596663325908357,3.2942961040667025,3.347756777939761,3.10461703927864,23.370457693728397,12751.936048086549,3.3000000000000003,15,717,2
3.78683253935283,3.2857503541189645,3.2487863828497945,3.092809751065934,23.3398987582324,225.9595497993375,3.3000000000000003,15,717,3
3.797997932026091,3.179208473753554,3.3019627143096435,3.1227704021118523,22.912138277603525,410.9122301252472,3.3000000000000003,15,717,4
3.6752860085439374,3.1269510142732555,3.2747409028604624,2.955132596944341,22.89297861902207,403.9006895368354,3.3000000000000003,15,717,5
3.70611947154293,3.558316951106623,3.5524139396958407,3.3130478364039897,25.211661024350825,208.61032377960825,3.5000000000000004,15,718,1
4.487109332218852,3.4858669093074117,3.2548809681266735,3.198028471683305,24.077206477632092,968.1631473389488,3.5000000000000004,15,718,2
4.387057324802866,3.4886495481415647,3.529853180953824,3.386752881385091,25.577228940770883,918.4589103271094,3.5000000000000004,15,718,3
4.5820772019004,3.5001584890193795,3.5608810423693504,3.326313860989254,26.242091737661497,239.0035826747984,3.5000000000000004,15,718,4
4.185366618960768,3.483311328797159,3.442663571197956,3.3365854448437333,25.788064452375,800.8610720599927,3.5000000000000004,15,718,5
4.280343826832101,3.74939325382702,3.6306142032002313,3.5089413629055253,28.29434965152921,29140.129244800424,3.7,15,719,1
4.489326645105452,3.690717708511657,3.505274701540797,3.432372409959855,27.735614397187476,235.59447574171975,3.7,15,719,2
4.320226841134823,3.716537538282997,3.64655450900552,3.608234258129982,30.08244238098318,247.24227674422093,3.7,15,719,3
3.840877618035956,3.777907492136483,3.718462141413714,3.538815201694532,28.84395633803735,2041.4447737583428,3.7,15,719,4
4.116930016935354,3.6966703055424057,3.706222162799631,3.5551206481229953,28.170451504748332,7409.55972455145,3.7,15,719,5
3.689851627691071,4.038646069789896,3.9175788748211446,3.761931703097342,31.68268965403415,339.0299012304134,3.9,15,720,1
3.727353383329244,3.7993521641773937,3.854557517054656,3.99492526462484,29.87193451872195,502.2759434186096,3.9,15,720,2
3.964991621708873,3.8984130877345207,3.843070027352894,3.7106893883712058,30.280682139913868,325.6653352278297,3.9,15,720,3
4.3286827717526455,4.5558370991173724,3.673521293575569,3.6385694329542457,34.06280415484122,352.28976920187824,3.9,15,720,4
3.9142990789392864,3.961763642927632,3.847302244872504,3.8159879049910304,31.132182832272232,795.3097227370635,3.9,15,720,5
3.811209593385734,4.027224665753571,4.1460370881626405,3.917453603637565,32.98874869693928,4436.60733590811,4.1,15,721,1
3.844523467042905,4.230451556501984,4.064970728874115,3.975712358749243,34.541942669427954,219.5244626511709,4.1,15,721,2
4.03369987022568,4.097616156385013,4.023676639005384,4.071357554474114,33.45384460462544,1195.5074515688502,4.1,15,721,3
3.490568737642306,4.0794677750089114,3.991254932393377,3.9179602577597374,32.92489429232469,2589.204851976123,4.1,15,721,4
3.7896041947033834,4.1049822886728045,4.052229192666561,3.7835184885024784,32.60079904176483,369.1778216269596,4.1,15,721,5
3.770861388167072,4.416483742420836,4.347776602953827,4.303108935687374,35.90961300142574,465.2524760569947,4.3,15,722,1
4.554685341234555,4.34728235361289,4.179001220687913,4.410550291660693,35.5932429959361,10802.312228637064,4.3,15,722,2
3.3813681207398787,4.630766079636248,4.117498506797354,4.030342046417742,34.921649311822556,558.0875859935013,4.3,15,722,3
3.987158605445908,4.404214305131919,4.198710548157037,4.32713295751028,34.44109888708706,448.4112011280016,4.3,15,722,4
3.8132491028959903,4.296060243107307,4.16979141916991,4.166151838766922,34.84350898293897,7002.661960395476,4.3,15,722,5
3.8068138260698574,4.341383827465057,4.45288549117192,4.3362900914651,36.62926961272892,400.4838264553425,4.5,15,723,1
3.9565061299264808,5.151453360720559,4.438873437044999,4.350233297371738,38.837327579298254,410.88629512979935,4.5,15,723,2
4.274344063211321,4.482047074482997,4.489713067132686,4.394703784755066,38.07807668388205,922.6136447372106,4.5,15,723,3
4.096246000613601,4.5799484735815765,4.402321942278166,4.4420936941853855,39.498489002072986,1324.614521579295,4.5,15,723,4
4.747290913767862,4.574376159582812,4.113542292564401,4.70352832866457,37.9931703479844,963.2431220266672,4.5,15,723,5
4.426866682632432,4.635322500553868,4.542799203731426,4.640520663583926,40.4918365738265,597.167089059823,4.7,15,724,1
3.7714818460328705,4.715045728637303,4.69906703167055,4.718101548414622,41.56342789537613,609.632923506429,4.7,15,724,2
4.013287033355853,4.639193459036267,4.336079998655097,4.422004982089857,39.600519574941366,325.030059913897,4.7,15,724,3
4.334722081632188,4.771535457158671,4.680428906848083,4.617987330737606,42.57952963737004,798.3564366566038,4.7,15,724,4
3.893947656850809,4.613585854272695,4.5986713055560315,4.570050733994457,40.50233800150713,718.4837650273602,4.7,15,724,5
4.195056106289881,4.704762479921145,4.513612564930388,4.9500088109635785,44.871795282943296,179.8321481482914,4.9,15,725,1
3.61748970621986,4.983746618758103,4.851503248436167,4.863898384874107,44.69380893237285,1396.7643389440277,4.9,15,725,2
3.971536437569529,4.939438242915688,4.851653966765869,4.8761603230352835,43.8243555709425,580.2911311180699,4.9,15,725,3
4.247922994391379,4.741658855178392,4.798192938355037,4.958473397381762,43.46448052353268,1251.277566638241,4.9,15,725,4
4.115762236775908,4.781673633048361,4.908226177675083,4.893754936252222,43.78479972716979,306.475132241935,4.9,15,725,5
3.52857472642607,4.896628060721797,4.7755276534806095,4.864424868843382,44.63337211951957,314.0837114028559,5.1,15,726,1
4.50175633885996,5.238856721901061,4.916993534574832,5.086744134099216,48.71593736910337,276.5568736456347,5.1,15,726,2
3.775255892483944,5.125547801657557,4.984166156010328,5.1753029883097135,48.267818676896646,538.1942640238387,5.1,15,726,3
3.7626498257202177,4.750973711435458,4.602942337646292,5.539644818268396,48.289992435463155,2291028.879678451,5.1,15,726,4
3.76362070410218,5.159971056041277,4.933723138635321,5.009794599154876,48.180733639936875,368.06300128675053,5.1,15,726,5
4.534586947460617,5.364599377472253,5.046043227354627,5.268882125334897,50.12493763624591,3926.39983679693,5.3,15,727,1
4.135591267475282,5.25846835636318,5.204481864146454,5.315885147878437,50.02415141119172,280.56733635447307,5.3,15,727,2
4.359923271773897,5.411448855356554,5.582443150851601,5.138709492446675,50.57321573808917,744.3956615955348,5.3,15,727,3
3.4614248583586935,5.185766663873833,5.153721408420793,5.352749523069974,49.86165908330251,217.31483120934584,5.3,15,727,4
3.988968555520555,5.210810753416941,5.107990089176899,5.40243586344011,50.303906147503874,220.08639934605216,5.3,15,727,5
4.121120833734045,5.389496990821807,5.5259313400039,5.768890889133888,53.514878664010865,235.357581911752,5.5,15,728,1
4.112056941193935,5.541413394364022,5.3613641249467365,5.650405277523739,55.12726945908742,217.22809634481985,5.5,15,728,2
4.297775334963512,5.269605143912276,5.390595385777278,5.552260357086899,51.86123864925339,12182.656521375446,5.5,15,728,3
3.445591143174672,5.3474129244211674,5.278590927714323,5.700338888915863,53.11421038709888,423.6354173109104,5.5,15,728,4
3.9208532224572097,5.441361278553907,5.3905347687074,5.605636800355735,53.67230049981327,1511.6763084059403,5.5,15,728,5
4.046479777541464,5.827723818946598,5.477985633551829,5.882747919296768,58.59773106314613,434.32739809942086,5.7,15,729,1
3.648839804704553,5.750199434445087,5.581299781968355,6.014929035315068,59.615872982213645,4863.053347100695,5.7,15,729,2
4.227644125913401,5.793260240427826,5.6655268843694,6.0927520564135484,59.771198869282586,2125.379133577532,5.7,15,729,3
3.943284421134971,5.687924861925609,5.586890425851442,5.922748459452438,59.03570634237779,608.171728081113,5.7,15,729,4
3.568387061874642,5.6863969548408155,5.490160983015568,5.73489085294395,56.22223019181799,564.7887476135899,5.7,15,729,5
4.3933116590324985,6.037708544105066,5.694205157736342,5.94658207389014,62.53008757957258,1066.09811631678,5.9,15,730,1
4.030242124497797,5.940534350511954,5.675216656371081,5.986273269656793,62.70180098184983,864.991642545353,5.9,15,730,2
3.752377825161211,5.7197967632083335,5.568288975603048,6.325731264218531,60.07946672728157,293.03302590052084,5.9,15,730,3
3.895479328427871,5.898978746592846,5.8747185612156905,6.110813169902614,59.74979403081681,274.7984573834097,5.9,15,730,4
3.923728596689194,5.942473404021979,5.666550597975936,6.092304692912432,60.5269150980824,202.02185409052913,5.9,15,730,5
4.031111734564722,6.182025527650328,5.995462749932241,6.342349342790618,65.25412259857738,265859.8102361366,6.1,15,731,1
3.9209997840187105,6.109828562179467,5.82709633068675,6.349996557039823,64.35818577190935,2138.051687240248,6.1,15,731,2
4.160929393539507,6.137468286466929,5.832851074489365,6.322181423793146,64.8877820822599,864.5585927630555,6.1,15,731,3
3.8552004012804097,6.074823239491374,6.024872327067274,6.290590107739473,64.2140703493448,226.95681548823555,6.1,15,731,4
3.9328260514648985,6.105755539599322,5.926565411441228,6.39652148009515,64.27232804169104,273.27428889361477,6.1,15,731,5
3.7353743306421703,6.126831041682679,6.2113337687100545,6.608702281047104,67.14219013035428,1182.802178402958,6.3,15,732,1
3.3882935809632024,6.031913217053063,6.267304080068725,6.611932008882562,66.12114077391463,1974.558948802892,6.3,15,732,2
4.1441014675065,6.5119778680354585,6.130346819518191,6.7238773433491605,71.537920426707,1226.0122842816793,6.3,15,732,3
3.9341173294825937,6.290783382487439,6.224764091626458,6.646956453674241,69.35374894080464,741.5056441383833,6.3,15,732,4
3.931442820943828,6.213734273714056,6.103817042431391,6.647046421267647,68.53803650198223,538.889796320503,6.3,15,732,5
3.4104154935799382,6.682927607406377,6.381293011737558,6.873305250333169,74.13622725526106,454.9904096717529,6.5,15,733,1
3.844126454792963,6.448896056305566,5.908727973858617,6.4659141407887475,68.85346331185178,841.0399845897384,6.5,15,733,2
3.9369485683792806,6.441778004639575,6.370591434753611,6.949896411127179,71.67553614020157,322.40856625530597,6.5,15,733,3
3.978813538306208,6.4775267562049965,6.348733422566845,6.774718852424577,70.32370392341583,563.3936820639952,6.5,15,733,4
4.244812250884282,6.50538226036478,6.2110228146481425,6.918085372054684,73.11511237739273,516.2115351099874,6.5,15,733,5
3.774366100886732,6.676775709437179,6.554437102496924,7.211296872924984,77.71619785970191,908.3966036741097,6.7,15,734,1
3.5265688908124355,6.618331959739809,6.371729958795009,7.118987722610493,75.56000142672161,202.19740360975356,6.7,15,734,2
3.313850144457578,6.7540689324783,6.672981401493493,7.1803819631837795,76.13575121897149,643.5423121022573,6.7,15,734,3
4.398422734123878,6.723984741614626,6.517614637426786,7.12991732056993,78.23087936840875,917.3807788411278,6.7,15,734,4
3.839462218634908,6.746672178020284,6.572045449586743,7.144165210646413,78.96810627101969,329.3910537993948,6.7,15,734,5
3.3120054671862933,6.885115254552144,6.8125856804595015,7.3935421362297085,79.03625699735557,210.40804634590503,6.9,15,735,1
3.7776806259457087,6.888050161264899,6.812413253574943,7.52124010267908,81.28424874896564,242.977805612218,6.9,15,735,2
4.663352858018444,6.784215012369267,6.83145098785377,7.34982934971021,77.12086242506487,361.6079671422807,6.9,15,735,3
3.814840828005829,6.980687771556199,6.663566535376065,7.297533438930217,81.70838859657417,647.3813881790729,6.9,15,735,4
3.6501926988005806,6.902173377423477,6.694274028102666,7.476231590996081,80.94614413284948,419.4538240801253,6.9,15,735,5
4.335039131562064,4.6629942257041765,5.612126694818159,8.444341512863003,52.80410421686062,356.9411546743224,7.1,15,736,1
4.091320299181849,7.031558788072135,6.707818856970101,8.118923127930994,85.42397945426217,1405.497892436321,7.1,15,736,2
4.701129441772773,7.045720505513159,6.88232209805731,7.707988596579785,84.35348558110486,1794.6388060377028,7.1,15,736,3
4.003648157095231,7.094916879668331,6.9981665824847505,7.701172706291552,83.63490958431659,246.4015788051708,7.1,15,736,4
4.322934294620226,7.181517456614964,6.814618079735941,7.783586349894685,87.18488921169975,1292.7112232248276,7.1,15,736,5
3.3691744145097164,7.22722176225578,7.137176514771308,7.664094359547538,88.63563359289185,605.4452194137311,7.3,15,737,1
4.35503211447182,7.2380114358716545,7.141238833724789,8.039005994573136,88.22505347869918,396.8593355016074,7.3,15,737,2
3.8684129334236768,7.232254441107143,7.130412039807404,7.742284387393176,84.83392543704997,899.2737109049424,7.3,15,737,3
3.82928106761109,7.342074387087078,7.113754928941256,7.820517519479079,88.17903354650586,524.2521320895225,7.3,15,737,4
3.4716343471891924,7.240644429190335,7.107397333817275,7.844770347310662,88.29963073406905,180.41213388198864,7.3,15,737,5
3.522602416711527,7.4210374921572,7.207765273154658,8.196243538301774,93.6526579726694,3586.192324399413,7.5,15,738,1
4.26807591069484,7.576071647578279,7.32649665381174,8.027627950135706,93.52331623027057,204.10754005814417,7.5,15,738,2
3.294000618553611,7.555552695523833,7.445402019401801,8.128681922224747,92.6796977452151,350.9308770105137,7.5,15,738,3
4.255785946080326,7.515445696018854,7.263967959095926,7.985810421012967,91.3657792885929,455.0512361611636,7.5,15,738,4
3.504318075311777,7.607765109135021,7.436783385448431,8.138261766559143,96.20120917727591,1065.9088089521786,7.5,15,738,5
3.505649285871105,7.709277504339466,7.619847107057476,8.456964546285768,99.71104785884404,4439.666885502975,7.7,15,739,1
4.068146743405227,7.71987279893594,7.522755034896989,8.388140034489961,97.18680031467755,768.7687328244525,7.7,15,739,2
3.1114054601576187,7.6431617671729475,7.499957509579301,8.593480894016023,97.88797684286754,680.3339523499351,7.7,15,739,3
3.6746453126084586,7.580466979605977,7.379723265803561,8.499416663687548,99.27386828554044,177.52193561487718,7.7,15,739,4
4.02001301812601,7.610723515250007,7.576980223830289,8.532453290467787,96.59783168747842,623.6085799275704,7.7,15,739,5
4.035478529230301,7.866322477674711,7.632580721684466,8.660837198208418,101.48124828752375,337.8397675479861,7.9,15,740,1
3.21603718696253,7.841865258337069,7.6934986506160845,8.685332579381395,102.73855775514264,158.9378761577686,7.9,15,740,2
4.26838279732666,7.92677058374389,7.7984496349943635,8.720734718024646,104.66020479490447,2202.613665773635,7.9,15,740,3
3.978892465105552,7.936292962840744,8.095631008248256,8.547834694535965,101.88017230557752,630.3290337913202,7.9,15,740,4
4.049249069024379,7.465871594799508,7.359412034193774,8.215963079400035,98.5564085784886,761.336837417659,7.9,15,740,5
3.5173898090403695,8.422338228896551,7.829115681285849,9.161633994864587,115.72599493333438,151560.33041982036,8.1,15,741,1
3.377847839392659,7.9795785632406915,7.888618256606997,9.026525501411564,107.35166116167424,3518.5514844114637,8.1,15,741,2
3.319258147640628,8.077080846838273,7.975788625565901,8.909527760352622,106.78956912303316,704.976910675192,8.1,15,741,3
4.2027720200630805,8.141287719430256,7.824392618139923,8.823497136576085,106.57389995336742,163.56343549694807,8.1,15,741,4
4.047686454261842,8.36797772208984,7.543683811724431,8.938838922688413,114.17048396233136,33456.973859395606,8.1,15,741,5
4.051021475115411,8.333206852543384,8.101676696451694,9.340262450234611,113.96189136842656,6923.704834757438,8.3,15,742,1
3.857638987474675,8.532631107892207,8.109597694192837,9.339520732001713,116.71321780710238,1068.4806619762192,8.3,15,742,2
4.385465374100241,8.086572879611428,8.074185389109138,9.176686715090987,110.6992367416114,1383.0202740484206,8.3,15,742,3
4.1827287827750625,8.257163207550402,8.202638609086634,9.309027185326446,114.35457612984474,317.2050264216625,8.3,15,742,4
3.9159273267790624,8.167004865517292,8.10513608067096,8.979945536733275,108.65054088530611,415.7010716431293,8.3,15,742,5
3.939467903497608,8.578522868729777,8.202128675850151,9.594490123384524,121.19877933218524,340.1837716803274,8.5,15,743,1
3.884840684841456,8.289717491493182,8.069814958103162,9.05038772894896,114.1740695857298,1126.4666836900535,8.5,15,743,2
3.4739093447649374,8.61959543898703,8.257903208565516,9.56829505297981,121.07372721006004,697.1322696869988,8.5,15,743,3
4.436223638036714,8.111612205220464,7.995254860947494,9.316192801632486,112.73947565823268,446.5553860743846,8.5,15,743,4
3.2857392286652902,8.456971232781958,8.337084271270324,9.615726978122773,118.11812140850648,15728.670249922012,8.5,15,743,5
4.238341560927505,8.808508948236637,8.388966539498185,9.658967785527608,125.39041116992108,579.7073180333942,8.7,15,744,1
4.035125853271266,8.76793546976388,8.676653200579784,9.986240674656193,124.96630621763326,508.49327715350387,8.7,15,744,2
4.131665430428733,8.80570344014896,8.52222007851538,9.753799314190449,121.58141895994912,373.4199373494916,8.7,15,744,3
4.219236855630213,8.760297864140783,8.454841848182516,9.715939616329162,123.784831622091,1810.6331805775897,8.7,15,744,4
3.917311452708823,8.695394273271193,8.41580231879393,9.602239636031657,123.0652919971592,191.38560161125756,8.7,15,744,5
4.181070028010709,8.89069620469206,8.711209651857951,10.243894444283129,127.58575528052646,1275.383707120574,8.9,15,745,1
3.948126207229815,8.843644349106324,8.509203678208856,10.21956416932354,129.74617997450653,270.2349442386337,8.9,15,745,2
3.601811651690755,8.860979578216217,8.92259208146668,9.806226715098656,126.78122213140058,784.0291579715937,8.9,15,745,3
3.572704943365047,8.875028756758862,8.632704425293346,10.012787487855736,127.85716212592553,408.12930843065055,8.9,15,745,4
3.619349129311408,8.85673405682123,8.601503176838946,10.184199440093678,131.34219910735047,264.74848767998867,8.9,15,745,5
3.4198980225328373,8.871334175441296,9.168657809846318,9.95980870568032,129.95745463087655,1881.9748854611269,9.1,15,746,1
3.70215019156991,9.080769875643494,8.563590034342612,10.179226675122854,130.20358224744407,1120.9909277552829,9.1,15,746,2
4.000196691053263,9.264898346491186,8.473037619091231,10.611197526215712,140.09864366325374,3598.298281883303,9.1,15,746,3
3.4540285928019836,9.326146156078202,8.692434767912106,10.317204633256113,135.83029526661525,319.75209353814915,9.1,15,746,4
3.886317220430843,9.111651542920043,8.79800673377823,10.19302318806018,133.6459050880397,2026.1571156902696,9.1,15,746,5
3.92804957650204,9.196336572283714,9.078292421716576,10.53970900877973,136.6019579062669,2153.6836381948465,9.3,15,747,1
3.7601347039490234,9.200715345114716,9.175634330003524,10.513426801387272,137.66823698105324,616.6919771181476,9.3,15,747,2
4.131939659124226,9.260816601032207,9.23478578043342,10.725069585092,137.7612514970568,2867.6039698788886,9.3,15,747,3
4.3716835781691135,9.43296104997793,9.04762914741588,10.511100946582898,139.78478730160165,365.4256399814037,9.3,15,747,4
3.0796377273335054,9.125856866416878,9.033312910505332,10.611317883590509,139.37759105104806,766.6148400398529,9.3,15,747,5
4.15976218344801,9.517110218299484,9.281150057606803,10.885822494815583,144.82082113167434,2695.862148055532,9.5,15,748,1
4.144219630739039,9.46717002728614,9.31860302311583,10.868614255284948,145.28081343386273,6325.416661052121,9.5,15,748,2
4.378427624708218,9.31072379973294,9.50685565927743,11.068108364097109,144.4973738540793,236.10248666389623,9.5,15,748,3
3.977964359461376,9.440981886083536,9.420821166824132,10.763449350943835,143.493851181419,3793.2800041187666,9.5,15,748,4
3.882097421930661,9.376997361640486,9.24148905041767,10.935296187076188,143.65049091544225,365.50611115708693,9.5,15,748,5
4.3501897633638045,9.737299799246944,9.709268443375253,11.425296039992835,152.61946508677417,1059.019233234154,9.7,15,749,1
4.072688756849873,10.078514873983965,9.267188284761316,10.896071745614584,155.92922419026507,1081.454330487471,9.7,15,749,2
4.097883373763254,9.896665652352423,9.889024173058566,11.022960694497884,151.19679635014697,1809.8433058122405,9.7,15,749,3
4.223343048874434,9.76563596289447,9.506087002227364,11.09471478403193,151.03294618699272,2063.5573563391167,9.7,15,749,4
5.727083069249828,9.504393148906155,8.621440221208069,10.17484942623417,131.49046089716722,6935.035927116352,9.7,15,749,5
3.80865724477535,10.152665467969948,9.592971399646173,11.39352273480261,158.4610125200493,3084.073677875679,9.9,15,750,1
3.650963278988175,9.92137193738662,9.62373868655907,11.30771005589692,154.89540195180243,1257.8943741595272,9.9,15,750,2
3.641833721642106,9.83882676793941,9.82765688278432,11.352327118645002,153.90169841658243,674.0689664660208,9.9,15,750,3
3.6709412712265537,9.8873302391864,9.64839826066356,11.405966760960752,156.96442294376533,575.4958950883887,9.9,15,750,4
3.69068670176965,9.87333822632042,9.53685652077999,11.055111234634484,152.04733767856405,1223.4757557415876,9.9,15,750,5
